/*
Navicat MySQL Data Transfer

Source Server         : localhost
Source Server Version : 80015
Source Host           : localhost:3306
Source Database       : newgangzhu

Target Server Type    : MYSQL
Target Server Version : 80015
File Encoding         : 65001

Date: 2026-01-12 03:40:06
*/

SET FOREIGN_KEY_CHECKS=0;

-- ----------------------------
-- Table structure for gen_table
-- ----------------------------
DROP TABLE IF EXISTS `gen_table`;
CREATE TABLE `gen_table` (
  `table_id` bigint(20) NOT NULL AUTO_INCREMENT COMMENT 'зј–еҸ·',
  `table_name` varchar(200) DEFAULT '' COMMENT 'иЎЁеҗҚз§°',
  `table_comment` varchar(500) DEFAULT '' COMMENT 'иЎЁжҸҸиҝ°',
  `sub_table_name` varchar(64) DEFAULT NULL COMMENT 'е…іиҒ”еӯҗиЎЁзҡ„иЎЁеҗҚ',
  `sub_table_fk_name` varchar(64) DEFAULT NULL COMMENT 'еӯҗиЎЁе…іиҒ”зҡ„еӨ–й”®еҗҚ',
  `class_name` varchar(100) DEFAULT '' COMMENT 'е®һдҪ“зұ»еҗҚз§°',
  `tpl_category` varchar(200) DEFAULT 'crud' COMMENT 'дҪҝз”Ёзҡ„жЁЎжқҝпјҲcrudеҚ•иЎЁж“ҚдҪң treeж ‘иЎЁж“ҚдҪңпјү',
  `tpl_web_type` varchar(30) DEFAULT '' COMMENT 'еүҚз«ҜжЁЎжқҝзұ»еһӢпјҲelement-uiжЁЎзүҲ element-plusжЁЎзүҲпјү',
  `package_name` varchar(100) DEFAULT NULL COMMENT 'з”ҹжҲҗеҢ…и·Ҝеҫ„',
  `module_name` varchar(30) DEFAULT NULL COMMENT 'з”ҹжҲҗжЁЎеқ—еҗҚ',
  `business_name` varchar(30) DEFAULT NULL COMMENT 'з”ҹжҲҗдёҡеҠЎеҗҚ',
  `function_name` varchar(50) DEFAULT NULL COMMENT 'з”ҹжҲҗеҠҹиғҪеҗҚ',
  `function_author` varchar(50) DEFAULT NULL COMMENT 'з”ҹжҲҗеҠҹиғҪдҪңиҖ…',
  `gen_type` char(1) DEFAULT '0' COMMENT 'з”ҹжҲҗд»Јз Ғж–№ејҸпјҲ0zipеҺӢзј©еҢ… 1иҮӘе®ҡд№үи·Ҝеҫ„пјү',
  `gen_path` varchar(200) DEFAULT '/' COMMENT 'з”ҹжҲҗи·Ҝеҫ„пјҲдёҚеЎ«й»ҳи®ӨйЎ№зӣ®и·Ҝеҫ„пјү',
  `options` varchar(1000) DEFAULT NULL COMMENT 'е…¶е®ғз”ҹжҲҗйҖүйЎ№',
  `create_by` varchar(64) DEFAULT '' COMMENT 'еҲӣе»әиҖ…',
  `create_time` datetime DEFAULT NULL COMMENT 'еҲӣе»әж—¶й—ҙ',
  `update_by` varchar(64) DEFAULT '' COMMENT 'жӣҙж–°иҖ…',
  `update_time` datetime DEFAULT NULL COMMENT 'жӣҙж–°ж—¶й—ҙ',
  `remark` varchar(500) DEFAULT NULL COMMENT 'еӨҮжіЁ',
  PRIMARY KEY (`table_id`)
) ENGINE=InnoDB DEFAULT CHARSET=utf8 COMMENT='д»Јз Ғз”ҹжҲҗдёҡеҠЎиЎЁ';

-- ----------------------------
-- Records of gen_table
-- ----------------------------

-- ----------------------------
-- Table structure for gen_table_column
-- ----------------------------
DROP TABLE IF EXISTS `gen_table_column`;
CREATE TABLE `gen_table_column` (
  `column_id` bigint(20) NOT NULL AUTO_INCREMENT COMMENT 'зј–еҸ·',
  `table_id` bigint(20) DEFAULT NULL COMMENT 'еҪ’еұһиЎЁзј–еҸ·',
  `column_name` varchar(200) DEFAULT NULL COMMENT 'еҲ—еҗҚз§°',
  `column_comment` varchar(500) DEFAULT NULL COMMENT 'еҲ—жҸҸиҝ°',
  `column_type` varchar(100) DEFAULT NULL COMMENT 'еҲ—зұ»еһӢ',
  `java_type` varchar(500) DEFAULT NULL COMMENT 'JAVAзұ»еһӢ',
  `java_field` varchar(200) DEFAULT NULL COMMENT 'JAVAеӯ—ж®өеҗҚ',
  `is_pk` char(1) DEFAULT NULL COMMENT 'жҳҜеҗҰдё»й”®пјҲ1жҳҜпјү',
  `is_increment` char(1) DEFAULT NULL COMMENT 'жҳҜеҗҰиҮӘеўһпјҲ1жҳҜпјү',
  `is_required` char(1) DEFAULT NULL COMMENT 'жҳҜеҗҰеҝ…еЎ«пјҲ1жҳҜпјү',
  `is_insert` char(1) DEFAULT NULL COMMENT 'жҳҜеҗҰдёәжҸ’е…Ҙеӯ—ж®өпјҲ1жҳҜпјү',
  `is_edit` char(1) DEFAULT NULL COMMENT 'жҳҜеҗҰзј–иҫ‘еӯ—ж®өпјҲ1жҳҜпјү',
  `is_list` char(1) DEFAULT NULL COMMENT 'жҳҜеҗҰеҲ—иЎЁеӯ—ж®өпјҲ1жҳҜпјү',
  `is_query` char(1) DEFAULT NULL COMMENT 'жҳҜеҗҰжҹҘиҜўеӯ—ж®өпјҲ1жҳҜпјү',
  `query_type` varchar(200) DEFAULT 'EQ' COMMENT 'жҹҘиҜўж–№ејҸпјҲзӯүдәҺгҖҒдёҚзӯүдәҺгҖҒеӨ§дәҺгҖҒе°ҸдәҺгҖҒиҢғеӣҙпјү',
  `html_type` varchar(200) DEFAULT NULL COMMENT 'жҳҫзӨәзұ»еһӢпјҲж–Үжң¬жЎҶгҖҒж–Үжң¬еҹҹгҖҒдёӢжӢүжЎҶгҖҒеӨҚйҖүжЎҶгҖҒеҚ•йҖүжЎҶгҖҒж—ҘжңҹжҺ§д»¶пјү',
  `dict_type` varchar(200) DEFAULT '' COMMENT 'еӯ—е…ёзұ»еһӢ',
  `sort` int(11) DEFAULT NULL COMMENT 'жҺ’еәҸ',
  `create_by` varchar(64) DEFAULT '' COMMENT 'еҲӣе»әиҖ…',
  `create_time` datetime DEFAULT NULL COMMENT 'еҲӣе»әж—¶й—ҙ',
  `update_by` varchar(64) DEFAULT '' COMMENT 'жӣҙж–°иҖ…',
  `update_time` datetime DEFAULT NULL COMMENT 'жӣҙж–°ж—¶й—ҙ',
  PRIMARY KEY (`column_id`)
) ENGINE=InnoDB DEFAULT CHARSET=utf8 COMMENT='д»Јз Ғз”ҹжҲҗдёҡеҠЎиЎЁеӯ—ж®ө';

-- ----------------------------
-- Records of gen_table_column
-- ----------------------------

-- ----------------------------
-- Table structure for hz_announcement
-- ----------------------------
DROP TABLE IF EXISTS `hz_announcement`;
CREATE TABLE `hz_announcement` (
  `announcement_id` bigint(20) NOT NULL AUTO_INCREMENT COMMENT 'йҚҸ?жҶЎID',
  `announcement_title` varchar(200) NOT NULL COMMENT 'йҚҸ?жҶЎйҸҚеӣ¬?',
  `announcement_type` char(1) NOT NULL COMMENT 'йҚҸ?жҶЎз»«иҜІзҖ·(1:й–«ж°ұз…Ў 2:йҚҸ?жҶЎ 3:еЁІиҜІе§©)',
  `announcement_content` text NOT NULL COMMENT 'йҚҸ?жҶЎйҚҗе‘ӯ?',
  `cover_image` varchar(255) DEFAULT NULL COMMENT 'зҒҸдҫҖжҪ°йҚҘ',
  `publish_time` datetime DEFAULT NULL COMMENT 'йҚҷжҲқз«·йҸғе •жЈҝ',
  `end_time` datetime DEFAULT NULL COMMENT 'зјҒж’ҙжҪ«йҸғе •жЈҝ',
  `target_type` char(1) DEFAULT '0' COMMENT 'йҗ©?зҲЈз»«иҜІзҖ·(0:йҚҸг„©е„ҙ 1:жөңзғҳеў йҚҸ?зҳ¬ 2:ж·ҮжҝҲ?йҺҙ?3:з”ҜеӮҡжәҖз»үзҶ»зҘҰ)',
  `is_top` char(1) DEFAULT '0' COMMENT 'йҸ„?жғҒзјғ?гҖҠ(0:йҚҡ?1:йҸ„?',
  `view_count` int(11) DEFAULT '0' COMMENT 'еЁҙеҝҡ?еЁҶв„ғжҡҹ',
  `status` char(1) DEFAULT '0' COMMENT 'йҗҳиҲө?(0:й‘ҪеӨҢ? 1:е®ёжҸ’еҪӮз”Ҝ?2:е®ёи№ӯз¬…з»ҫ?',
  `create_by` varchar(64) DEFAULT '' COMMENT 'йҚ’ж¶ҳзј“й‘°',
  `create_time` datetime DEFAULT NULL COMMENT 'йҚ’ж¶ҳзј“йҸғе •жЈҝ',
  `update_by` varchar(64) DEFAULT '' COMMENT 'йҸҮеӯҳжҹҠй‘°',
  `update_time` datetime DEFAULT NULL COMMENT 'йҸҮеӯҳжҹҠйҸғе •жЈҝ',
  `remark` varchar(500) DEFAULT NULL COMMENT 'жҫ¶еӣЁж•һ',
  `del_flag` char(1) DEFAULT '0' COMMENT 'йҚ’зҠ»ж«ҺйҸҚеӣ§з№”(0:е§қпҪ…зҲ¶ 2:йҚ’зҠ»ж«Һ)',
  PRIMARY KEY (`announcement_id`)
) ENGINE=InnoDB DEFAULT CHARSET=utf8mb4 COLLATE=utf8mb4_0900_ai_ci COMMENT='й–«ж°ұз…ЎйҚҸ?жҶЎзҗӣ';

-- ----------------------------
-- Records of hz_announcement
-- ----------------------------

-- ----------------------------
-- Table structure for hz_appointment
-- ----------------------------
DROP TABLE IF EXISTS `hz_appointment`;
CREATE TABLE `hz_appointment` (
  `appointment_id` bigint(20) NOT NULL AUTO_INCREMENT COMMENT 'жЈ°еӢӯе®іID',
  `appointment_no` varchar(50) NOT NULL COMMENT 'жЈ°еӢӯе®ізјӮж §еҪҝ',
  `tenant_id` bigint(20) DEFAULT NULL COMMENT 'з»үзҶёеҹӣID',
  `visitor_name` varchar(50) NOT NULL COMMENT 'йҗӘе¬«еҹ§жөңе“„?йҚҡ',
  `visitor_phone` varchar(20) NOT NULL COMMENT 'йҗӘе¬«еҹ§жөңиҷ№ж•ёз’Ү',
  `id_card` varchar(18) DEFAULT NULL COMMENT 'йҹ¬?е”Өз’ҮдҪёеҪҝ',
  `project_id` bigint(20) NOT NULL COMMENT 'жӨӨеңӯжҙ°ID',
  `house_id` bigint(20) DEFAULT NULL COMMENT 'йҺҙжҢҺз°®ID',
  `appointment_date` date NOT NULL COMMENT 'жЈ°еӢӯе®ійҸғгғҰж№Ў',
  `time_slot` varchar(20) DEFAULT NULL COMMENT 'йў„зәҰж—¶ж®ө(1:дёҠеҚҲ 2:дёӢеҚҲ 3:жҷҡдёҠ)',
  `appointment_time` varchar(20) NOT NULL COMMENT 'жЈ°еӢӯе®ійҸғе •жЈҝеЁҲ',
  `visitor_count` int(11) DEFAULT '1' COMMENT 'йҗӘе¬«еҹ§жөңзғҳжҡҹ',
  `appointment_source` varchar(20) DEFAULT NULL COMMENT 'жЈ°еӢӯе®ійҸүгғҰз°®(H5/зҒҸеҝ•в–јжҗҙ?йҗўдҪғзҳҪ)',
  `appointment_status` char(1) DEFAULT '0' COMMENT 'жЈ°еӢӯе®ійҗҳиҲө?(0:еҜ°е‘ҜвҖҳз’Ғ?1:е®ёиҢ¬вҖҳз’Ғ?2:е®ёжҸ’з•¬йҺҙ?3:е®ёжҸ’еҪҮеЁ‘?',
  `confirm_by` varchar(64) DEFAULT NULL COMMENT 'зәӯ??жөң',
  `confirm_time` datetime DEFAULT NULL COMMENT 'зәӯ??йҸғе •жЈҝ',
  `cancel_reason` varchar(500) DEFAULT NULL COMMENT 'йҚҷж Ёз§·йҚҳзҶ·жҙң',
  `cancel_time` datetime DEFAULT NULL COMMENT 'йҚҷж Ёз§·йҸғе •жЈҝ',
  `create_by` varchar(64) DEFAULT '' COMMENT 'йҚ’ж¶ҳзј“й‘°',
  `create_time` datetime DEFAULT NULL COMMENT 'йҚ’ж¶ҳзј“йҸғе •жЈҝ',
  `update_by` varchar(64) DEFAULT '' COMMENT 'йҸҮеӯҳжҹҠй‘°',
  `update_time` datetime DEFAULT NULL COMMENT 'йҸҮеӯҳжҹҠйҸғе •жЈҝ',
  `remark` varchar(500) DEFAULT NULL COMMENT 'жҫ¶еӣЁж•һ',
  `del_flag` char(1) DEFAULT '0' COMMENT 'йҚ’зҠ»ж«ҺйҸҚеӣ§з№”(0:е§қпҪ…зҲ¶ 2:йҚ’зҠ»ж«Һ)',
  PRIMARY KEY (`appointment_id`),
  UNIQUE KEY `uk_appointment_no` (`appointment_no`),
  KEY `idx_tenant_id` (`tenant_id`),
  KEY `idx_project_id` (`project_id`)
) ENGINE=InnoDB DEFAULT CHARSET=utf8mb4 COLLATE=utf8mb4_0900_ai_ci COMMENT='жЈ°еӢӯе®ійҗӘе¬«еҹ§зҗӣ';

-- ----------------------------
-- Records of hz_appointment
-- ----------------------------

-- ----------------------------
-- Table structure for hz_banner
-- ----------------------------
DROP TABLE IF EXISTS `hz_banner`;
CREATE TABLE `hz_banner` (
  `banner_id` bigint(20) NOT NULL AUTO_INCREMENT COMMENT 'жқһ?жҢұйҚҘз¶ўD',
  `banner_title` varchar(100) NOT NULL COMMENT 'жқһ?жҢұйҚҘзӮ¬зҲЈжЈ°',
  `banner_image` varchar(255) NOT NULL COMMENT 'жқһ?жҢұйҚҘжғ§жөҳйҗ—',
  `banner_url` varchar(255) DEFAULT NULL COMMENT 'з’әе® жөҶй–ҫзӮ¬еёҙ',
  `banner_type` char(1) DEFAULT '1' COMMENT 'жқһ?жҢұйҚҘеү§иў«йҚЁ?1:жЈЈж ӯгҖү 2:жӨӨеңӯжҙ°з’ҮпёҪе„Ҹ)',
  `target_id` bigint(20) DEFAULT NULL COMMENT 'йҗ©?зҲЈID(жӨӨеңӯжҙ°IDз»ӣ?',
  `start_time` datetime DEFAULT NULL COMMENT 'еҜ®??йҸғе •жЈҝ',
  `end_time` datetime DEFAULT NULL COMMENT 'зјҒж’ҙжҪ«йҸғе •жЈҝ',
  `sort_order` int(11) DEFAULT '0' COMMENT 'йҸ„еү§гҒҡжӨӨе“„з°ӯ',
  `status` char(1) DEFAULT '0' COMMENT 'йҗҳиҲө?(0:е§қпҪ…зҲ¶ 1:йҚӢж»…ж•Ө)',
  `create_by` varchar(64) DEFAULT '' COMMENT 'йҚ’ж¶ҳзј“й‘°',
  `create_time` datetime DEFAULT NULL COMMENT 'йҚ’ж¶ҳзј“йҸғе •жЈҝ',
  `update_by` varchar(64) DEFAULT '' COMMENT 'йҸҮеӯҳжҹҠй‘°',
  `update_time` datetime DEFAULT NULL COMMENT 'йҸҮеӯҳжҹҠйҸғе •жЈҝ',
  `remark` varchar(500) DEFAULT NULL COMMENT 'жҫ¶еӣЁж•һ',
  `del_flag` char(1) DEFAULT '0' COMMENT 'йҚ’зҠ»ж«ҺйҸҚеӣ§з№”(0:е§қпҪ…зҲ¶ 2:йҚ’зҠ»ж«Һ)',
  PRIMARY KEY (`banner_id`)
) ENGINE=InnoDB DEFAULT CHARSET=utf8mb4 COLLATE=utf8mb4_0900_ai_ci COMMENT='жқһ?жҢұйҚҘжҚҗгҖғ';

-- ----------------------------
-- Records of hz_banner
-- ----------------------------

-- ----------------------------
-- Table structure for hz_batch_allocation
-- ----------------------------
DROP TABLE IF EXISTS `hz_batch_allocation`;
CREATE TABLE `hz_batch_allocation` (
  `batch_id` bigint(20) NOT NULL AUTO_INCREMENT COMMENT 'йҺөи§„?ID',
  `batch_no` varchar(50) NOT NULL COMMENT 'йҺөи§„?зјӮж §еҪҝ',
  `batch_name` varchar(100) NOT NULL COMMENT 'йҺөи§„?йҚҡе¶ҮРһ',
  `enterprise_id` bigint(20) NOT NULL COMMENT 'жөјдҪ·з¬ҹID',
  `enterprise_name` varchar(100) NOT NULL COMMENT 'жөјдҪ·з¬ҹйҚҡе¶ҮРһ',
  `contact_person` varchar(50) DEFAULT NULL COMMENT 'й‘ұж—Ӯйғҙжөң',
  `contact_phone` varchar(20) DEFAULT NULL COMMENT 'й‘ұж—ӮйғҙйҗўдҪғзҳҪ',
  `project_id` bigint(20) NOT NULL COMMENT 'жӨӨеңӯжҙ°ID',
  `house_count` int(11) DEFAULT '0' COMMENT 'й–°е¶Ү?йҺҙжҢҺз°®йҸҒ',
  `allocated_count` int(11) DEFAULT '0' COMMENT 'е®ёжҸ’еһҺй–°е¶Ҷжҡҹ',
  `apply_time` datetime DEFAULT NULL COMMENT 'йҗўе® ?йҸғе •жЈҝ',
  `approve_status` char(1) DEFAULT '0' COMMENT 'зҖ№в„ғеЈ’йҗҳиҲө?(0:еҜ°е‘ӯ?йҺө?1:е®ёжҹҘ?жқ©?2:е®ёжҹҘв”ҸйҚҘ?',
  `approve_by` varchar(64) DEFAULT NULL COMMENT 'зҖ№в„ғеЈ’жөң',
  `approve_time` datetime DEFAULT NULL COMMENT 'зҖ№в„ғеЈ’йҸғе •жЈҝ',
  `batch_status` char(1) DEFAULT '0' COMMENT 'йҺөи§„?йҗҳиҲө?(0:еҜ°е‘ӯеһҺй–°?1:йҚ’е—ӣеҺӨж¶“?2:е®ёжҸ’з•¬йҺҙ?',
  `create_by` varchar(64) DEFAULT '' COMMENT 'йҚ’ж¶ҳзј“й‘°',
  `create_time` datetime DEFAULT NULL COMMENT 'йҚ’ж¶ҳзј“йҸғе •жЈҝ',
  `update_by` varchar(64) DEFAULT '' COMMENT 'йҸҮеӯҳжҹҠй‘°',
  `update_time` datetime DEFAULT NULL COMMENT 'йҸҮеӯҳжҹҠйҸғе •жЈҝ',
  `remark` varchar(500) DEFAULT NULL COMMENT 'жҫ¶еӣЁж•һ',
  `del_flag` char(1) DEFAULT '0' COMMENT 'йҚ’зҠ»ж«ҺйҸҚеӣ§з№”(0:е§қпҪ…зҲ¶ 2:йҚ’зҠ»ж«Һ)',
  PRIMARY KEY (`batch_id`),
  UNIQUE KEY `uk_batch_no` (`batch_no`)
) ENGINE=InnoDB DEFAULT CHARSET=utf8mb4 COLLATE=utf8mb4_0900_ai_ci COMMENT='й—Ҷе—•и…‘й–°е¶Ү?йҺөи§„?зҗӣ';

-- ----------------------------
-- Records of hz_batch_allocation
-- ----------------------------

-- ----------------------------
-- Table structure for hz_batch_house
-- ----------------------------
DROP TABLE IF EXISTS `hz_batch_house`;
CREATE TABLE `hz_batch_house` (
  `id` bigint(20) NOT NULL AUTO_INCREMENT COMMENT 'ж¶“е©ҡж•ӯID',
  `batch_id` bigint(20) NOT NULL COMMENT 'йҺөи§„?ID',
  `house_id` bigint(20) NOT NULL COMMENT 'йҺҙжҢҺз°®ID',
  `house_code` varchar(50) NOT NULL COMMENT 'йҺҙжҢҺз°®зјӮж «зҲң',
  `allocation_status` char(1) DEFAULT '0' COMMENT 'йҚ’е—ӣеҺӨйҗҳиҲө?(0:йҸҲ?еһҺй–°?1:е®ёжҸ’еһҺй–°?',
  `tenant_id` bigint(20) DEFAULT NULL COMMENT 'йҚ’е—ӣеҺӨз»үзҶёеҹӣID',
  `allocation_time` datetime DEFAULT NULL COMMENT 'йҚ’е—ӣеҺӨйҸғе •жЈҝ',
  `create_by` varchar(64) DEFAULT '' COMMENT 'йҚ’ж¶ҳзј“й‘°',
  `create_time` datetime DEFAULT NULL COMMENT 'йҚ’ж¶ҳзј“йҸғе •жЈҝ',
  `update_by` varchar(64) DEFAULT '' COMMENT 'йҸҮеӯҳжҹҠй‘°',
  `update_time` datetime DEFAULT NULL COMMENT 'йҸҮеӯҳжҹҠйҸғе •жЈҝ',
  `remark` varchar(500) DEFAULT NULL COMMENT 'жҫ¶еӣЁж•һ',
  `del_flag` char(1) DEFAULT '0' COMMENT 'йҚ’зҠ»ж«ҺйҸҚеӣ§з№”(0:е§қпҪ…зҲ¶ 2:йҚ’зҠ»ж«Һ)',
  PRIMARY KEY (`id`),
  KEY `idx_batch_id` (`batch_id`),
  KEY `idx_house_id` (`house_id`)
) ENGINE=InnoDB DEFAULT CHARSET=utf8mb4 COLLATE=utf8mb4_0900_ai_ci COMMENT='йҺөи§„?йҺҙжҢҺз°®зҗӣ';

-- ----------------------------
-- Records of hz_batch_house
-- ----------------------------

-- ----------------------------
-- Table structure for hz_batch_tenant
-- ----------------------------
DROP TABLE IF EXISTS `hz_batch_tenant`;
CREATE TABLE `hz_batch_tenant` (
  `id` bigint(20) NOT NULL AUTO_INCREMENT COMMENT 'ж¶“е©ҡж•ӯID',
  `batch_id` bigint(20) NOT NULL COMMENT 'йҺөи§„?ID',
  `tenant_name` varchar(50) NOT NULL COMMENT 'з»үзҶёеҹӣжҝ®ж’іжӮ•',
  `id_card` varchar(18) NOT NULL COMMENT 'йҹ¬?е”Өз’ҮдҪёеҪҝ',
  `phone` varchar(20) NOT NULL COMMENT 'йҺөе¬«жәҖйҚҷ',
  `work_no` varchar(50) DEFAULT NULL COMMENT 'е®ёгғҘеҪҝ',
  `dept_name` varchar(100) DEFAULT NULL COMMENT 'й–®г„©жЈ¬',
  `house_id` bigint(20) DEFAULT NULL COMMENT 'йҚ’е—ӣеҺӨйҺҙжҢҺз°®ID',
  `allocation_status` char(1) DEFAULT '0' COMMENT 'йҚ’е—ӣеҺӨйҗҳиҲө?(0:йҸҲ?еһҺй–°?1:е®ёжҸ’еһҺй–°?',
  `allocation_time` datetime DEFAULT NULL COMMENT 'йҚ’е—ӣеҺӨйҸғе •жЈҝ',
  `create_by` varchar(64) DEFAULT '' COMMENT 'йҚ’ж¶ҳзј“й‘°',
  `create_time` datetime DEFAULT NULL COMMENT 'йҚ’ж¶ҳзј“йҸғе •жЈҝ',
  `update_by` varchar(64) DEFAULT '' COMMENT 'йҸҮеӯҳжҹҠй‘°',
  `update_time` datetime DEFAULT NULL COMMENT 'йҸҮеӯҳжҹҠйҸғе •жЈҝ',
  `remark` varchar(500) DEFAULT NULL COMMENT 'жҫ¶еӣЁж•һ',
  `del_flag` char(1) DEFAULT '0' COMMENT 'йҚ’зҠ»ж«ҺйҸҚеӣ§з№”(0:е§қпҪ…зҲ¶ 2:йҚ’зҠ»ж«Һ)',
  PRIMARY KEY (`id`),
  KEY `idx_batch_id` (`batch_id`)
) ENGINE=InnoDB DEFAULT CHARSET=utf8mb4 COLLATE=utf8mb4_0900_ai_ci COMMENT='йҺөи§„?з»үзҶёеҹӣзҗӣ';

-- ----------------------------
-- Records of hz_batch_tenant
-- ----------------------------

-- ----------------------------
-- Table structure for hz_bill
-- ----------------------------
DROP TABLE IF EXISTS `hz_bill`;
CREATE TABLE `hz_bill` (
  `bill_id` bigint(20) NOT NULL AUTO_INCREMENT COMMENT 'з’җп№ҖеҙҹID',
  `bill_no` varchar(50) NOT NULL COMMENT 'з’җп№ҖеҙҹзјӮж §еҪҝ',
  `contract_id` bigint(20) NOT NULL COMMENT 'йҚҡе қжӮ“ID',
  `tenant_id` bigint(20) NOT NULL COMMENT 'з»үзҶёеҹӣID',
  `tenant_name` varchar(50) NOT NULL COMMENT 'з»үзҶёеҹӣжҝ®ж’іжӮ•',
  `house_id` bigint(20) NOT NULL COMMENT 'йҺҙжҢҺз°®ID',
  `house_code` varchar(50) NOT NULL COMMENT 'йҺҙжҢҺз°®зјӮж «зҲң',
  `bill_type` char(1) NOT NULL COMMENT 'з’җп№Җеҙҹз»«иҜІзҖ·(1:йҺ¶еҘёеҷҫ 2:з»үзҶјеҷҫ 3:е§ҳзЈӢеһӮ 4:йҗўдҪғеһӮ 5:йҗ•еҶ©зҡөз’җ?6:йҗ—в•Җз¬ҹз’җ?7:йҚҸжңөзІ¬)',
  `bill_period` varchar(20) DEFAULT NULL COMMENT 'з’җп№ҖеҙҹйҚӣг„Ұж№Ў(жҝЎ?2025-01)',
  `bill_amount` decimal(10,2) NOT NULL COMMENT 'з’җп№Җеҙҹй–ІжҲҰ?',
  `paid_amount` decimal(10,2) DEFAULT '0.00' COMMENT 'е®ёеҸүж•®жө ж©ҖеҷҫжЈ°',
  `unpaid_amount` decimal(10,2) DEFAULT '0.00' COMMENT 'йҸҲ?ж•®жө ж©ҖеҷҫжЈ°',
  `bill_date` date DEFAULT NULL COMMENT 'з’җп№ҖеҙҹйҸғгғҰж№Ў',
  `due_date` date DEFAULT NULL COMMENT 'жҗҙж—ӮеҚійҸғгғҰж№Ў',
  `late_fee` decimal(10,2) DEFAULT '0.00' COMMENT 'е©ҠзӮөж’јй–І',
  `bill_status` char(1) DEFAULT '0' COMMENT 'з’җп№ҖеҙҹйҗҳиҲө?(0:еҜ°е‘®ж•®жө ?1:е®ёеҸүж•®жө ?2:й–®г„ҘеһҺйҸҖ?зІҜ 3:е®ёжҹҘ?йҸҲ?4:е®ёжҸ’еҸ§й—Ӯ?',
  `pay_time` datetime DEFAULT NULL COMMENT 'йҸҖ?зІҜйҸғе •жЈҝ',
  `pay_method` varchar(20) DEFAULT NULL COMMENT 'йҸҖ?зІҜйҸӮз‘°зҙЎ',
  `transaction_no` varchar(50) DEFAULT NULL COMMENT 'жөңгӮҶж§—еЁҙдҪ№жҢүйҚҷ',
  `create_by` varchar(64) DEFAULT '' COMMENT 'йҚ’ж¶ҳзј“й‘°',
  `create_time` datetime DEFAULT NULL COMMENT 'йҚ’ж¶ҳзј“йҸғе •жЈҝ',
  `update_by` varchar(64) DEFAULT '' COMMENT 'йҸҮеӯҳжҹҠй‘°',
  `update_time` datetime DEFAULT NULL COMMENT 'йҸҮеӯҳжҹҠйҸғе •жЈҝ',
  `remark` varchar(500) DEFAULT NULL COMMENT 'жҫ¶еӣЁж•һ',
  `del_flag` char(1) DEFAULT '0' COMMENT 'йҚ’зҠ»ж«ҺйҸҚеӣ§з№”(0:е§қпҪ…зҲ¶ 2:йҚ’зҠ»ж«Һ)',
  PRIMARY KEY (`bill_id`),
  UNIQUE KEY `uk_bill_no` (`bill_no`),
  KEY `idx_contract_id` (`contract_id`),
  KEY `idx_tenant_id` (`tenant_id`),
  KEY `idx_bill_status` (`bill_status`)
) ENGINE=InnoDB DEFAULT CHARSET=utf8mb4 COLLATE=utf8mb4_0900_ai_ci COMMENT='з’җп№Җеҙҹзҗӣ';

-- ----------------------------
-- Records of hz_bill
-- ----------------------------

-- ----------------------------
-- Table structure for hz_blacklist
-- ----------------------------
DROP TABLE IF EXISTS `hz_blacklist`;
CREATE TABLE `hz_blacklist` (
  `blacklist_id` bigint(20) NOT NULL AUTO_INCREMENT COMMENT 'жҰӣжҲқжӮ•йҚ—ж—ҫD',
  `tenant_id` bigint(20) NOT NULL COMMENT 'з»үзҶёеҹӣID',
  `id_card` varchar(18) NOT NULL COMMENT 'йҹ¬?е”Өз’ҮдҪёеҪҝ',
  `tenant_name` varchar(50) NOT NULL COMMENT 'з»үзҶёеҹӣжҝ®ж’іжӮ•',
  `blacklist_reason` varchar(500) NOT NULL COMMENT 'йҚ’жҘҖеҸҶйҚҳзҶ·жҙң',
  `blacklist_time` datetime DEFAULT NULL COMMENT 'йҚ’жҘҖеҸҶйҸғе •жЈҝ',
  `remove_time` datetime DEFAULT NULL COMMENT 'з»үе©ҡж«ҺйҸғе •жЈҝ',
  `status` char(1) DEFAULT '1' COMMENT 'йҗҳиҲө?(0:е®ёиҢ¬Р©й—„?1:йҗўзҶёжҷҘж¶“?',
  `create_by` varchar(64) DEFAULT '' COMMENT 'йҚ’ж¶ҳзј“й‘°',
  `create_time` datetime DEFAULT NULL COMMENT 'йҚ’ж¶ҳзј“йҸғе •жЈҝ',
  `update_by` varchar(64) DEFAULT '' COMMENT 'йҸҮеӯҳжҹҠй‘°',
  `update_time` datetime DEFAULT NULL COMMENT 'йҸҮеӯҳжҹҠйҸғе •жЈҝ',
  `remark` varchar(500) DEFAULT NULL COMMENT 'жҫ¶еӣЁж•һ',
  `del_flag` char(1) DEFAULT '0' COMMENT 'йҚ’зҠ»ж«ҺйҸҚеӣ§з№”(0:е§қпҪ…зҲ¶ 2:йҚ’зҠ»ж«Һ)',
  PRIMARY KEY (`blacklist_id`),
  KEY `idx_tenant_id` (`tenant_id`),
  KEY `idx_id_card` (`id_card`)
) ENGINE=InnoDB DEFAULT CHARSET=utf8mb4 COLLATE=utf8mb4_0900_ai_ci COMMENT='жҰӣжҲқжӮ•йҚ—жӣЎгҖғ';

-- ----------------------------
-- Records of hz_blacklist
-- ----------------------------

-- ----------------------------
-- Table structure for hz_building
-- ----------------------------
DROP TABLE IF EXISTS `hz_building`;
CREATE TABLE `hz_building` (
  `building_id` bigint(20) NOT NULL AUTO_INCREMENT COMMENT 'еҰӨе…јзҲ§ID',
  `project_id` bigint(20) NOT NULL COMMENT 'жӨӨеңӯжҙ°ID',
  `building_name` varchar(50) NOT NULL COMMENT 'еҰӨе…јзҲ§йҚҡе¶ҮРһ',
  `building_code` varchar(50) NOT NULL COMMENT 'еҰӨе…јзҲ§зјӮж «зҲң',
  `total_floors` int(11) DEFAULT '0' COMMENT 'йҺ¬з»ҳгӮјзҒһеӮӣжҡҹ',
  `total_units` int(11) DEFAULT '0' COMMENT 'йҚ—жӣһеҺ“йҸҒ',
  `total_houses` int(11) DEFAULT '0' COMMENT 'йҺҙжҢҺз°®йҸҒ',
  `status` char(1) DEFAULT '0' COMMENT 'йҗҳиҲө?(0:е§қпҪ…зҲ¶ 1:йҚӢж»…ж•Ө)',
  `sort_order` int(11) DEFAULT '0' COMMENT 'йҸ„еү§гҒҡжӨӨе“„з°ӯ',
  `create_by` varchar(64) DEFAULT '' COMMENT 'йҚ’ж¶ҳзј“й‘°',
  `create_time` datetime DEFAULT NULL COMMENT 'йҚ’ж¶ҳзј“йҸғе •жЈҝ',
  `update_by` varchar(64) DEFAULT '' COMMENT 'йҸҮеӯҳжҹҠй‘°',
  `update_time` datetime DEFAULT NULL COMMENT 'йҸҮеӯҳжҹҠйҸғе •жЈҝ',
  `remark` varchar(500) DEFAULT NULL COMMENT 'жҫ¶еӣЁж•һ',
  `del_flag` char(1) DEFAULT '0' COMMENT 'йҚ’зҠ»ж«ҺйҸҚеӣ§з№”(0:е§қпҪ…зҲ¶ 2:йҚ’зҠ»ж«Һ)',
  PRIMARY KEY (`building_id`),
  UNIQUE KEY `uk_building_code` (`building_code`),
  KEY `idx_project_id` (`project_id`)
) ENGINE=InnoDB AUTO_INCREMENT=8 DEFAULT CHARSET=utf8mb4 COLLATE=utf8mb4_0900_ai_ci COMMENT='еҰӨе…јзҲ§зҗӣ';

-- ----------------------------
-- Records of hz_building
-- ----------------------------
INSERT INTO `hz_building` VALUES ('1', '1', '1еҸ·жҘј', '1-1', '10', '2', '20', '0', '1', '', '2025-11-18 19:51:27', '', null, null, '0');
INSERT INTO `hz_building` VALUES ('2', '1', '2еҸ·жҘј', '1-2', '10', '2', '20', '0', '2', '', '2025-11-18 19:51:27', '', null, null, '0');
INSERT INTO `hz_building` VALUES ('3', '2', '1еҸ·жҘј', '2-1', '12', '3', '36', '0', '1', '', '2025-11-18 19:51:27', '', null, null, '0');
INSERT INTO `hz_building` VALUES ('4', '2', '2еҸ·жҘј', '2-2', '12', '3', '36', '0', '2', '', '2025-11-18 19:51:27', '', null, null, '0');
INSERT INTO `hz_building` VALUES ('5', '1', '3еҸ·жҘј', '3-1', '1', '1', '0', '0', '0', '', null, '', null, null, '0');
INSERT INTO `hz_building` VALUES ('6', '3', 'жҘјж Ӣ1', '10', '4', '5', '0', '0', '0', '', null, '', null, null, '0');
INSERT INTO `hz_building` VALUES ('7', '4', '2еҸ·жҘј', '21', '10', '2', '0', '0', '0', '', null, '', null, null, '0');

-- ----------------------------
-- Table structure for hz_checkin_apply
-- ----------------------------
DROP TABLE IF EXISTS `hz_checkin_apply`;
CREATE TABLE `hz_checkin_apply` (
  `apply_id` bigint(20) NOT NULL AUTO_INCREMENT COMMENT 'йҗўе® ?ID',
  `contract_id` bigint(20) NOT NULL COMMENT 'йҚҡе қжӮ“ID',
  `tenant_id` bigint(20) NOT NULL COMMENT 'з»үзҶёеҹӣID',
  `house_id` bigint(20) NOT NULL COMMENT 'йҺҙжҢҺз°®ID',
  `apply_time` datetime DEFAULT NULL COMMENT 'йҗўе® ?йҸғе •жЈҝ',
  `plan_checkin_date` date DEFAULT NULL COMMENT 'з’ҒвҖіеһқйҚҸгғӨз¶ҮйҸғгғҰж№Ў',
  `deposit_paid` char(1) DEFAULT '0' COMMENT 'йҸ„?жғҒе®ёиҢ¬еҚійҺ¶еҘёеҷҫ(0:йҚҡ?1:йҸ„?',
  `deposit_amount` decimal(10,2) DEFAULT NULL COMMENT 'йҺ¶еҘёеҷҫй–ІжҲҰ?',
  `deposit_pay_time` datetime DEFAULT NULL COMMENT 'йҺ¶еҘёеҷҫзјӮеҜёж’јйҸғе •жЈҝ',
  `apply_status` char(1) DEFAULT '0' COMMENT 'йҗўе® ?йҗҳиҲө?(0:еҜ°е‘ӯ?йҸҚ?1:е®ёжҹҘ?жқ©?2:е®ёжҹҘв”ҸйҚҘ?3:е®ёжҸ’еҸҶжөЈ?',
  `approve_by` varchar(64) DEFAULT NULL COMMENT 'зҖ№в„ғеЈ’жөң',
  `approve_time` datetime DEFAULT NULL COMMENT 'зҖ№в„ғеЈ’йҸғе •жЈҝ',
  `approve_opinion` varchar(500) DEFAULT NULL COMMENT 'зҖ№в„ғеЈ’йҺ°еҝҡ?',
  `create_by` varchar(64) DEFAULT '' COMMENT 'йҚ’ж¶ҳзј“й‘°',
  `create_time` datetime DEFAULT NULL COMMENT 'йҚ’ж¶ҳзј“йҸғе •жЈҝ',
  `update_by` varchar(64) DEFAULT '' COMMENT 'йҸҮеӯҳжҹҠй‘°',
  `update_time` datetime DEFAULT NULL COMMENT 'йҸҮеӯҳжҹҠйҸғе •жЈҝ',
  `remark` varchar(500) DEFAULT NULL COMMENT 'жҫ¶еӣЁж•һ',
  `del_flag` char(1) DEFAULT '0' COMMENT 'йҚ’зҠ»ж«ҺйҸҚеӣ§з№”(0:е§қпҪ…зҲ¶ 2:йҚ’зҠ»ж«Һ)',
  PRIMARY KEY (`apply_id`),
  KEY `idx_contract_id` (`contract_id`),
  KEY `idx_tenant_id` (`tenant_id`)
) ENGINE=InnoDB DEFAULT CHARSET=utf8mb4 COLLATE=utf8mb4_0900_ai_ci COMMENT='йҚҸгғӨз¶Үйҗўе® ?зҗӣ';

-- ----------------------------
-- Records of hz_checkin_apply
-- ----------------------------

-- ----------------------------
-- Table structure for hz_checkin_record
-- ----------------------------
DROP TABLE IF EXISTS `hz_checkin_record`;
CREATE TABLE `hz_checkin_record` (
  `record_id` bigint(20) NOT NULL AUTO_INCREMENT COMMENT 'з’Ғжқҝз¶ҚID',
  `apply_id` bigint(20) NOT NULL COMMENT 'йҗўе® ?ID',
  `contract_id` bigint(20) NOT NULL COMMENT 'йҚҡе қжӮ“ID',
  `tenant_id` bigint(20) NOT NULL COMMENT 'з»үзҶёеҹӣID',
  `house_id` bigint(20) NOT NULL COMMENT 'йҺҙжҢҺз°®ID',
  `checkin_date` date NOT NULL COMMENT 'йҚҸгғӨз¶ҮйҸғгғҰж№Ў',
  `checkin_time` datetime DEFAULT NULL COMMENT 'йҚҸгғӨз¶ҮйҸғе •жЈҝ',
  `meter_reading_electric` decimal(10,2) DEFAULT NULL COMMENT 'йҗўдҪғгҖғз’Үз»ҳжҡҹ',
  `meter_reading_water` decimal(10,2) DEFAULT NULL COMMENT 'е§ҳзЈӢгҖғз’Үз»ҳжҡҹ',
  `meter_reading_gas` decimal(10,2) DEFAULT NULL COMMENT 'йҗ•еҶ©зҡөзҗӣг„Ё?йҸҒ',
  `key_count` int(11) DEFAULT '0' COMMENT 'й–ҪгғҘеҜөйҸҒдјҙеҷә',
  `inventory_list_id` bigint(20) DEFAULT NULL COMMENT 'еЁ“е‘ӯеҙҹID',
  `checkin_photos` varchar(1000) DEFAULT NULL COMMENT 'йҚҸгғӨз¶Үйҗ“С…еў–(жҫ¶ж°«йҮңйҗўг„©?йҚҷеі°еһҺй—…?',
  `tenant_signature` text COMMENT 'з»үзҶёеҹӣз»ӣжғ§жӮ•(base64)',
  `manager_signature` text COMMENT 'з» пј„жӮҠйҚӣжЁј?йҚҡ?base64)',
  `manager_id` bigint(20) DEFAULT NULL COMMENT 'зјҒеҝ“е§ҷжөңзҜ’D',
  `manager_name` varchar(50) DEFAULT NULL COMMENT 'зјҒеҝ“е§ҷжөңе“„?йҚҡ',
  `status` char(1) DEFAULT '1' COMMENT 'йҗҳиҲө?(0:е®ёжҹҘ?з»ү?1:йҚҰг„Өз¶Ү)',
  `create_by` varchar(64) DEFAULT '' COMMENT 'йҚ’ж¶ҳзј“й‘°',
  `create_time` datetime DEFAULT NULL COMMENT 'йҚ’ж¶ҳзј“йҸғе •жЈҝ',
  `update_by` varchar(64) DEFAULT '' COMMENT 'йҸҮеӯҳжҹҠй‘°',
  `update_time` datetime DEFAULT NULL COMMENT 'йҸҮеӯҳжҹҠйҸғе •жЈҝ',
  `remark` varchar(500) DEFAULT NULL COMMENT 'жҫ¶еӣЁж•һ',
  `del_flag` char(1) DEFAULT '0' COMMENT 'йҚ’зҠ»ж«ҺйҸҚеӣ§з№”(0:е§қпҪ…зҲ¶ 2:йҚ’зҠ»ж«Һ)',
  PRIMARY KEY (`record_id`),
  KEY `idx_contract_id` (`contract_id`),
  KEY `idx_tenant_id` (`tenant_id`)
) ENGINE=InnoDB DEFAULT CHARSET=utf8mb4 COLLATE=utf8mb4_0900_ai_ci COMMENT='йҚҸгғӨз¶Үз’Ғжқҝз¶Қзҗӣ';

-- ----------------------------
-- Records of hz_checkin_record
-- ----------------------------

-- ----------------------------
-- Table structure for hz_checkout_apply
-- ----------------------------
DROP TABLE IF EXISTS `hz_checkout_apply`;
CREATE TABLE `hz_checkout_apply` (
  `apply_id` bigint(20) NOT NULL AUTO_INCREMENT COMMENT 'йҗўе® ?ID',
  `contract_id` bigint(20) NOT NULL COMMENT 'йҚҡе қжӮ“ID',
  `tenant_id` bigint(20) NOT NULL COMMENT 'з»үзҶёеҹӣID',
  `house_id` bigint(20) NOT NULL COMMENT 'йҺҙжҢҺз°®ID',
  `apply_time` datetime DEFAULT NULL COMMENT 'йҗўе® ?йҸғе •жЈҝ',
  `plan_checkout_date` date DEFAULT NULL COMMENT 'з’ҒвҖіеһқй–«??йҸғгғҰж№Ў',
  `checkout_reason` varchar(500) DEFAULT NULL COMMENT 'й–«??йҚҳзҶ·жҙң',
  `is_early_termination` char(1) DEFAULT '0' COMMENT 'йҸ„?жғҒйҺ»ж„¬еў з‘ҷпҪҮе®і(0:йҚҡ?1:йҸ„?',
  `penalty_amount` decimal(10,2) DEFAULT '0.00' COMMENT 'жқ©жҝҲе®ій–ІжҲҰеҷҫжЈ°',
  `unpaid_bills` decimal(10,2) DEFAULT '0.00' COMMENT 'йҸҲ?зІЁз’җп№Җеҙҹй–ІжҲҰ?',
  `deposit_refund` decimal(10,2) DEFAULT '0.00' COMMENT 'жҗҙж—Ҳ?йҺ¶еҘёеҷҫ',
  `apply_status` char(1) DEFAULT '0' COMMENT 'йҗўе® ?йҗҳиҲө?(0:еҜ°е‘ӯ?йҸҚ?1:е®ёжҹҘ?жқ©?2:е®ёжҹҘв”ҸйҚҘ?3:е®ёжҹҘ?з»ү?',
  `approve_by` varchar(64) DEFAULT NULL COMMENT 'зҖ№в„ғеЈ’жөң',
  `approve_time` datetime DEFAULT NULL COMMENT 'зҖ№в„ғеЈ’йҸғе •жЈҝ',
  `approve_opinion` varchar(500) DEFAULT NULL COMMENT 'зҖ№в„ғеЈ’йҺ°еҝҡ?',
  `create_by` varchar(64) DEFAULT '' COMMENT 'йҚ’ж¶ҳзј“й‘°',
  `create_time` datetime DEFAULT NULL COMMENT 'йҚ’ж¶ҳзј“йҸғе •жЈҝ',
  `update_by` varchar(64) DEFAULT '' COMMENT 'йҸҮеӯҳжҹҠй‘°',
  `update_time` datetime DEFAULT NULL COMMENT 'йҸҮеӯҳжҹҠйҸғе •жЈҝ',
  `remark` varchar(500) DEFAULT NULL COMMENT 'жҫ¶еӣЁж•һ',
  `del_flag` char(1) DEFAULT '0' COMMENT 'йҚ’зҠ»ж«ҺйҸҚеӣ§з№”(0:е§қпҪ…зҲ¶ 2:йҚ’зҠ»ж«Һ)',
  PRIMARY KEY (`apply_id`),
  KEY `idx_contract_id` (`contract_id`),
  KEY `idx_tenant_id` (`tenant_id`)
) ENGINE=InnoDB DEFAULT CHARSET=utf8mb4 COLLATE=utf8mb4_0900_ai_ci COMMENT='й–«??йҗўе® ?зҗӣ';

-- ----------------------------
-- Records of hz_checkout_apply
-- ----------------------------

-- ----------------------------
-- Table structure for hz_checkout_record
-- ----------------------------
DROP TABLE IF EXISTS `hz_checkout_record`;
CREATE TABLE `hz_checkout_record` (
  `record_id` bigint(20) NOT NULL AUTO_INCREMENT COMMENT 'з’Ғжқҝз¶ҚID',
  `apply_id` bigint(20) NOT NULL COMMENT 'йҗўе® ?ID',
  `contract_id` bigint(20) NOT NULL COMMENT 'йҚҡе қжӮ“ID',
  `tenant_id` bigint(20) NOT NULL COMMENT 'з»үзҶёеҹӣID',
  `house_id` bigint(20) NOT NULL COMMENT 'йҺҙжҢҺз°®ID',
  `checkout_date` date NOT NULL COMMENT 'й–«??йҸғгғҰж№Ў',
  `checkout_time` datetime DEFAULT NULL COMMENT 'й–«??йҸғе •жЈҝ',
  `meter_reading_electric` decimal(10,2) DEFAULT NULL COMMENT 'йҗўдҪғгҖғз’Үз»ҳжҡҹ',
  `meter_reading_water` decimal(10,2) DEFAULT NULL COMMENT 'е§ҳзЈӢгҖғз’Үз»ҳжҡҹ',
  `meter_reading_gas` decimal(10,2) DEFAULT NULL COMMENT 'йҗ•еҶ©зҡөзҗӣг„Ё?йҸҒ',
  `key_returned` int(11) DEFAULT '0' COMMENT 'иӨ°жҺ•з№•й–ҪгғҘеҜөйҸҒдјҙеҷә',
  `inventory_list_id` bigint(20) DEFAULT NULL COMMENT 'еЁ“е‘ӯеҙҹID',
  `checkout_photos` varchar(1000) DEFAULT NULL COMMENT 'й–«??йҗ“С…еў–(жҫ¶ж°«йҮңйҗўг„©?йҚҷеі°еһҺй—…?',
  `damage_description` varchar(500) DEFAULT NULL COMMENT 'йҺ№зҶ·жҪ–йҺҜе‘ӯе–ҢйҺ»еҝҡе Ә',
  `damage_deduction` decimal(10,2) DEFAULT '0.00' COMMENT 'йҺ№зҶ·жҪ–з’§ж–ҝдј©й–ІжҲҰ?',
  `utility_bill` decimal(10,2) DEFAULT '0.00' COMMENT 'е§ҳеҜёж•ёйҗ•еҶ©зҡөз’җ',
  `unpaid_rent` decimal(10,2) DEFAULT '0.00' COMMENT 'еЁҶзҠөеҚіз»үзҶјеҷҫ',
  `penalty_amount` decimal(10,2) DEFAULT '0.00' COMMENT 'жқ©жҝҲе®ій–І',
  `deposit_refund` decimal(10,2) DEFAULT '0.00' COMMENT 'зҖ№зӮә?йҺ¶еҘёеҷҫ',
  `refund_status` char(1) DEFAULT '0' COMMENT 'й–«??йҗҳиҲө?(0:еҜ°е‘ҙ?еЁҶ?1:е®ёжҹҘ?еЁҶ?',
  `refund_time` datetime DEFAULT NULL COMMENT 'й–«??йҸғе •жЈҝ',
  `tenant_signature` text COMMENT 'з»үзҶёеҹӣз»ӣжғ§жӮ•(base64)',
  `manager_signature` text COMMENT 'з» пј„жӮҠйҚӣжЁј?йҚҡ?base64)',
  `manager_id` bigint(20) DEFAULT NULL COMMENT 'зјҒеҝ“е§ҷжөңзҜ’D',
  `manager_name` varchar(50) DEFAULT NULL COMMENT 'зјҒеҝ“е§ҷжөңе“„?йҚҡ',
  `create_by` varchar(64) DEFAULT '' COMMENT 'йҚ’ж¶ҳзј“й‘°',
  `create_time` datetime DEFAULT NULL COMMENT 'йҚ’ж¶ҳзј“йҸғе •жЈҝ',
  `update_by` varchar(64) DEFAULT '' COMMENT 'йҸҮеӯҳжҹҠй‘°',
  `update_time` datetime DEFAULT NULL COMMENT 'йҸҮеӯҳжҹҠйҸғе •жЈҝ',
  `remark` varchar(500) DEFAULT NULL COMMENT 'жҫ¶еӣЁж•һ',
  `del_flag` char(1) DEFAULT '0' COMMENT 'йҚ’зҠ»ж«ҺйҸҚеӣ§з№”(0:е§қпҪ…зҲ¶ 2:йҚ’зҠ»ж«Һ)',
  PRIMARY KEY (`record_id`),
  KEY `idx_contract_id` (`contract_id`),
  KEY `idx_tenant_id` (`tenant_id`)
) ENGINE=InnoDB DEFAULT CHARSET=utf8mb4 COLLATE=utf8mb4_0900_ai_ci COMMENT='й–«??з’Ғжқҝз¶Қзҗӣ';

-- ----------------------------
-- Records of hz_checkout_record
-- ----------------------------

-- ----------------------------
-- Table structure for hz_commitment
-- ----------------------------
DROP TABLE IF EXISTS `hz_commitment`;
CREATE TABLE `hz_commitment` (
  `commitment_id` bigint(20) NOT NULL AUTO_INCREMENT COMMENT 'йҺөиғҜ?ж¶”?D',
  `tenant_id` bigint(20) NOT NULL COMMENT 'з»үзҶёеҹӣID',
  `commitment_type` char(1) NOT NULL COMMENT 'йҺөиғҜ?ж¶”пёҫиў«йҚЁ?1:жөңзғҳеў йҚҸ?зҳ¬ 2:ж·ҮжҝҲ?йҺҙ?',
  `commitment_content` text NOT NULL COMMENT 'йҺөиғҜ?ж¶”п№Җе”ҙзҖ№',
  `signature_data` text COMMENT 'з»ӣжғ§жӮ•йҸҒзүҲеөҒ(base64)',
  `sign_time` datetime DEFAULT NULL COMMENT 'з»ӣеү§и®ІйҸғе •жЈҝ',
  `sign_ip` varchar(50) DEFAULT NULL COMMENT 'з»ӣеү§и®ІIP',
  `status` char(1) DEFAULT '0' COMMENT 'йҗҳиҲө?(0:йҸҲ??зјғ?1:е®ёиҢ¬?зјғ?',
  `create_by` varchar(64) DEFAULT '' COMMENT 'йҚ’ж¶ҳзј“й‘°',
  `create_time` datetime DEFAULT NULL COMMENT 'йҚ’ж¶ҳзј“йҸғе •жЈҝ',
  `update_by` varchar(64) DEFAULT '' COMMENT 'йҸҮеӯҳжҹҠй‘°',
  `update_time` datetime DEFAULT NULL COMMENT 'йҸҮеӯҳжҹҠйҸғе •жЈҝ',
  `remark` varchar(500) DEFAULT NULL COMMENT 'жҫ¶еӣЁж•һ',
  `del_flag` char(1) DEFAULT '0' COMMENT 'йҚ’зҠ»ж«ҺйҸҚеӣ§з№”(0:е§қпҪ…зҲ¶ 2:йҚ’зҠ»ж«Һ)',
  PRIMARY KEY (`commitment_id`),
  KEY `idx_tenant_id` (`tenant_id`)
) ENGINE=InnoDB DEFAULT CHARSET=utf8mb4 COLLATE=utf8mb4_0900_ai_ci COMMENT='йҺөиғҜ?ж¶”п№ҒгҖғ';

-- ----------------------------
-- Records of hz_commitment
-- ----------------------------

-- ----------------------------
-- Table structure for hz_contract
-- ----------------------------
DROP TABLE IF EXISTS `hz_contract`;
CREATE TABLE `hz_contract` (
  `contract_id` bigint(20) NOT NULL AUTO_INCREMENT COMMENT 'йҚҡе қжӮ“ID',
  `contract_no` varchar(50) NOT NULL COMMENT 'йҚҡе қжӮ“зјӮж §еҪҝ',
  `contract_type` char(1) NOT NULL COMMENT 'йҚҡе қжӮ“з»«иҜІзҖ·(1:жөңзғҳеў йҚҸ?зҳ¬ 2:ж·ҮжҝҲ?йҺҙ?3:з”ҜеӮҡжәҖз»үзҶ»зҘҰ)',
  `template_id` bigint(20) DEFAULT NULL COMMENT 'йҚҡе қжӮ“еҰҜв„ғжҫҳID',
  `tenant_id` bigint(20) NOT NULL COMMENT 'з»үзҶёеҹӣID',
  `tenant_name` varchar(50) NOT NULL COMMENT 'з»үзҶёеҹӣжҝ®ж’іжӮ•',
  `tenant_id_card` varchar(18) NOT NULL COMMENT 'з»үзҶёеҹӣйҹ¬?е”Өз’Ү',
  `tenant_phone` varchar(20) NOT NULL COMMENT 'з»үзҶёеҹӣйҺөе¬«жәҖ',
  `project_id` bigint(20) NOT NULL COMMENT 'жӨӨеңӯжҙ°ID',
  `house_id` bigint(20) NOT NULL COMMENT 'йҺҙжҢҺз°®ID',
  `house_code` varchar(50) NOT NULL COMMENT 'йҺҙжҢҺз°®зјӮж «зҲң',
  `house_address` varchar(255) DEFAULT NULL COMMENT 'йҺҙжҢҺз°®йҚҰжқҝжҪғ',
  `rent_price` decimal(10,2) NOT NULL COMMENT 'з»үзҶјеҷҫ(йҚҸ?йҸҲ?',
  `deposit` decimal(10,2) NOT NULL COMMENT 'йҺ¶еҘёеҷҫ(йҚҸ?',
  `start_date` date NOT NULL COMMENT 'з»үзҶ»зҘҰеҜ®??йҸғгғҰж№Ў',
  `end_date` date NOT NULL COMMENT 'з»үзҶ»зҘҰзјҒж’ҙжҪ«йҸғгғҰж№Ў',
  `rent_months` int(11) NOT NULL COMMENT 'з»үзҶ»зҘҰйҸҲе ҹжҡҹ',
  `payment_cycle` char(1) DEFAULT '1' COMMENT 'зјӮзЈӢеһӮйҚӣг„Ұж№Ў(1:йҸҲе ңзІҜ 2:зҖӣпҪ„зІҜ 3:йҚ—е©ӮеӢҫжө ?4:йӘһзҝ зІҜ)',
  `payment_day` int(11) DEFAULT '5' COMMENT 'е§Јеҝ”ж№ҖзјӮзЈӢеһӮйҸғ',
  `contract_content` text COMMENT 'йҚҡе қжӮ“йҚҗе‘ӯ?',
  `contract_file` varchar(255) DEFAULT NULL COMMENT 'йҚҡе қжӮ“йҸӮеӣҰж¬ўURL',
  `tenant_signature` text COMMENT 'з»үзҶёеҹӣз»ӣжғ§жӮ•йҸҒзүҲеөҒ(base64)',
  `landlord_signature` text COMMENT 'йҺҙеӨёз¬ўз»ӣжғ§жӮ•йҸҒзүҲеөҒ(base64)',
  `sign_time` datetime DEFAULT NULL COMMENT 'з»ӣеү§и®ІйҸғе •жЈҝ',
  `contract_status` char(1) DEFAULT '0' COMMENT 'йҚҡе қжӮ“йҗҳиҲө?(0:й‘ҪеӨҢ? 1:еҜ°е‘Ҝ?зјғ?2:е®ёиҢ¬?зјғ?3:зҒһгғЁ?ж¶“?4:е®ёжҸ’еҹҢйҸҲ?5:е®ёиҢ¶Р’з»ҫ?',
  `is_renewed` char(1) DEFAULT '0' COMMENT 'йҸ„?жғҒзјҒ?е®і(0:йҚҡ?1:йҸ„?',
  `renewed_contract_id` bigint(20) DEFAULT NULL COMMENT 'зјҒ?е®ійҚҡе қжӮ“ID',
  `create_by` varchar(64) DEFAULT '' COMMENT 'йҚ’ж¶ҳзј“й‘°',
  `create_time` datetime DEFAULT NULL COMMENT 'йҚ’ж¶ҳзј“йҸғе •жЈҝ',
  `update_by` varchar(64) DEFAULT '' COMMENT 'йҸҮеӯҳжҹҠй‘°',
  `update_time` datetime DEFAULT NULL COMMENT 'йҸҮеӯҳжҹҠйҸғе •жЈҝ',
  `remark` varchar(500) DEFAULT NULL COMMENT 'жҫ¶еӣЁж•һ',
  `del_flag` char(1) DEFAULT '0' COMMENT 'йҚ’зҠ»ж«ҺйҸҚеӣ§з№”(0:е§қпҪ…зҲ¶ 2:йҚ’зҠ»ж«Һ)',
  PRIMARY KEY (`contract_id`),
  UNIQUE KEY `uk_contract_no` (`contract_no`),
  KEY `idx_tenant_id` (`tenant_id`),
  KEY `idx_house_id` (`house_id`),
  KEY `idx_contract_status` (`contract_status`)
) ENGINE=InnoDB DEFAULT CHARSET=utf8mb4 COLLATE=utf8mb4_0900_ai_ci COMMENT='йҚҡе қжӮ“зҗӣ';

-- ----------------------------
-- Records of hz_contract
-- ----------------------------

-- ----------------------------
-- Table structure for hz_contract_attachment
-- ----------------------------
DROP TABLE IF EXISTS `hz_contract_attachment`;
CREATE TABLE `hz_contract_attachment` (
  `attachment_id` bigint(20) NOT NULL AUTO_INCREMENT COMMENT 'й—„еӢӘж¬ўID',
  `contract_id` bigint(20) NOT NULL COMMENT 'йҚҡе қжӮ“ID',
  `attachment_name` varchar(100) NOT NULL COMMENT 'й—„еӢӘж¬ўйҚҡе¶ҮРһ',
  `attachment_url` varchar(255) NOT NULL COMMENT 'й—„еӢӘж¬ўURL',
  `attachment_type` varchar(20) DEFAULT NULL COMMENT 'й—„еӢӘж¬ўз»«иҜІзҖ·',
  `file_size` bigint(20) DEFAULT NULL COMMENT 'йҸӮеӣҰж¬ўжҫ¶Сғзҡ¬(зҖӣжҘ„еҰӯ)',
  `sort_order` int(11) DEFAULT '0' COMMENT 'йҸ„еү§гҒҡжӨӨе“„з°ӯ',
  `create_by` varchar(64) DEFAULT '' COMMENT 'йҚ’ж¶ҳзј“й‘°',
  `create_time` datetime DEFAULT NULL COMMENT 'йҚ’ж¶ҳзј“йҸғе •жЈҝ',
  `update_by` varchar(64) DEFAULT '' COMMENT 'йҸҮеӯҳжҹҠй‘°',
  `update_time` datetime DEFAULT NULL COMMENT 'йҸҮеӯҳжҹҠйҸғе •жЈҝ',
  `remark` varchar(500) DEFAULT NULL COMMENT 'жҫ¶еӣЁж•һ',
  `del_flag` char(1) DEFAULT '0' COMMENT 'йҚ’зҠ»ж«ҺйҸҚеӣ§з№”(0:е§қпҪ…зҲ¶ 2:йҚ’зҠ»ж«Һ)',
  PRIMARY KEY (`attachment_id`),
  KEY `idx_contract_id` (`contract_id`)
) ENGINE=InnoDB DEFAULT CHARSET=utf8mb4 COLLATE=utf8mb4_0900_ai_ci COMMENT='йҚҡе қжӮ“й—„еӢӘж¬ўзҗӣ';

-- ----------------------------
-- Records of hz_contract_attachment
-- ----------------------------

-- ----------------------------
-- Table structure for hz_contract_signature
-- ----------------------------
DROP TABLE IF EXISTS `hz_contract_signature`;
CREATE TABLE `hz_contract_signature` (
  `signature_id` bigint(20) NOT NULL AUTO_INCREMENT COMMENT 'з»ӣеү§и®ІID',
  `contract_id` bigint(20) NOT NULL COMMENT 'йҚҡе қжӮ“ID',
  `signer_type` char(1) NOT NULL COMMENT 'з»ӣеү§и®Іжөңиҷ№иў«йҚЁ?1:з»үзҶёеҹӣ 2:йҺҙеӨёз¬ў 3:йҚҸеҚһжӮ“з»үзҶёеҹӣ)',
  `signer_id` bigint(20) NOT NULL COMMENT 'з»ӣеү§и®ІжөңзҜ’D',
  `signer_name` varchar(50) NOT NULL COMMENT 'з»ӣеү§и®Іжөңе“„?йҚҡ',
  `signature_data` text COMMENT 'з»ӣжғ§жӮ•йҸҒзүҲеөҒ(base64)',
  `sign_time` datetime DEFAULT NULL COMMENT 'з»ӣеү§и®ІйҸғе •жЈҝ',
  `sign_ip` varchar(50) DEFAULT NULL COMMENT 'з»ӣеү§и®ІIP',
  `sign_location` varchar(100) DEFAULT NULL COMMENT 'з»ӣеү§и®ІйҚҰжү®еҒЈ',
  `status` char(1) DEFAULT '0' COMMENT 'йҗҳиҲө?(0:йҸҲ??зјғ?1:е®ёиҢ¬?зјғ?',
  `create_by` varchar(64) DEFAULT '' COMMENT 'йҚ’ж¶ҳзј“й‘°',
  `create_time` datetime DEFAULT NULL COMMENT 'йҚ’ж¶ҳзј“йҸғе •жЈҝ',
  `update_by` varchar(64) DEFAULT '' COMMENT 'йҸҮеӯҳжҹҠй‘°',
  `update_time` datetime DEFAULT NULL COMMENT 'йҸҮеӯҳжҹҠйҸғе •жЈҝ',
  `remark` varchar(500) DEFAULT NULL COMMENT 'жҫ¶еӣЁж•һ',
  `del_flag` char(1) DEFAULT '0' COMMENT 'йҚ’зҠ»ж«ҺйҸҚеӣ§з№”(0:е§қпҪ…зҲ¶ 2:йҚ’зҠ»ж«Һ)',
  PRIMARY KEY (`signature_id`),
  KEY `idx_contract_id` (`contract_id`)
) ENGINE=InnoDB DEFAULT CHARSET=utf8mb4 COLLATE=utf8mb4_0900_ai_ci COMMENT='йҚҡе қжӮ“з»ӣеү§и®Із’Ғжқҝз¶Қзҗӣ';

-- ----------------------------
-- Records of hz_contract_signature
-- ----------------------------

-- ----------------------------
-- Table structure for hz_contract_template
-- ----------------------------
DROP TABLE IF EXISTS `hz_contract_template`;
CREATE TABLE `hz_contract_template` (
  `template_id` bigint(20) NOT NULL AUTO_INCREMENT COMMENT 'еҰҜв„ғжҫҳID',
  `template_name` varchar(100) NOT NULL COMMENT 'еҰҜв„ғжҫҳйҚҡе¶ҮРһ',
  `template_code` varchar(50) NOT NULL COMMENT 'еҰҜв„ғжҫҳзјӮж «зҲң',
  `contract_type` char(1) NOT NULL COMMENT 'йҚҡе қжӮ“з»«иҜІзҖ·(1:жөңзғҳеў йҚҸ?зҳ¬ 2:ж·ҮжҝҲ?йҺҙ?3:з”ҜеӮҡжәҖз»үзҶ»зҘҰ)',
  `template_content` text NOT NULL COMMENT 'еҰҜв„ғжҫҳйҚҗе‘ӯ?(йҸҖ?еҜ”йҚ—зҠұз¶…з»—?',
  `version` varchar(20) DEFAULT '1.0' COMMENT 'йҗ—е ҹж№°йҚҷ',
  `is_default` char(1) DEFAULT '0' COMMENT 'йҸ„?жғҒжҰӣжЁҝ?еҰҜв„ғжҫҳ(0:йҚҡ?1:йҸ„?',
  `status` char(1) DEFAULT '0' COMMENT 'йҗҳиҲө?(0:е§қпҪ…зҲ¶ 1:йҚӢж»…ж•Ө)',
  `create_by` varchar(64) DEFAULT '' COMMENT 'йҚ’ж¶ҳзј“й‘°',
  `create_time` datetime DEFAULT NULL COMMENT 'йҚ’ж¶ҳзј“йҸғе •жЈҝ',
  `update_by` varchar(64) DEFAULT '' COMMENT 'йҸҮеӯҳжҹҠй‘°',
  `update_time` datetime DEFAULT NULL COMMENT 'йҸҮеӯҳжҹҠйҸғе •жЈҝ',
  `remark` varchar(500) DEFAULT NULL COMMENT 'жҫ¶еӣЁж•һ',
  `del_flag` char(1) DEFAULT '0' COMMENT 'йҚ’зҠ»ж«ҺйҸҚеӣ§з№”(0:е§қпҪ…зҲ¶ 2:йҚ’зҠ»ж«Һ)',
  PRIMARY KEY (`template_id`),
  UNIQUE KEY `uk_template_code` (`template_code`)
) ENGINE=InnoDB DEFAULT CHARSET=utf8mb4 COLLATE=utf8mb4_0900_ai_ci COMMENT='йҚҡе қжӮ“еҰҜв„ғжҫҳзҗӣ';

-- ----------------------------
-- Records of hz_contract_template
-- ----------------------------

-- ----------------------------
-- Table structure for hz_coupon
-- ----------------------------
DROP TABLE IF EXISTS `hz_coupon`;
CREATE TABLE `hz_coupon` (
  `coupon_id` bigint(20) NOT NULL AUTO_INCREMENT COMMENT 'жөјжЁ»е„¬йҚ’зӘұD',
  `coupon_name` varchar(100) NOT NULL COMMENT 'жөјжЁ»е„¬йҚ’зЁҝжӮ•з»ү',
  `coupon_code` varchar(50) NOT NULL COMMENT 'жөјжЁ»е„¬йҚ’е“ҘзҙӘйҗ®',
  `coupon_type` char(1) NOT NULL COMMENT 'жөјжЁ»е„¬йҚ’е“Ҙиў«йҚЁ?1:е©ҠвҖіеҷә 2:йҺ¶жЁ»еўё 3:йҺ¶еһ«еўё)',
  `discount_amount` decimal(10,2) DEFAULT NULL COMMENT 'жөјжЁ»е„¬й–ІжҲҰ?(йҚҸ?',
  `discount_rate` decimal(5,2) DEFAULT NULL COMMENT 'йҺ¶жЁ»еўёйҗң?%)',
  `min_amount` decimal(10,2) DEFAULT '0.00' COMMENT 'йҸҲ?з¶ҶжөЈи·Ёж•Өй–ІжҲҰ?',
  `max_discount` decimal(10,2) DEFAULT NULL COMMENT 'йҸҲ?зҸ®жөјжЁ»е„¬й–ІжҲҰ?',
  `total_count` int(11) DEFAULT '0' COMMENT 'йҚҷжҲЈ?йҺ¬е©ҡеҷә',
  `received_count` int(11) DEFAULT '0' COMMENT 'е®ёжҹҘ?йҚҷж Ёжҡҹй–І',
  `used_count` int(11) DEFAULT '0' COMMENT 'е®ёи№ӯеЁҮйҗўг„Ұжҡҹй–І',
  `valid_start_date` date DEFAULT NULL COMMENT 'йҸҲеӨӢжҷҘйҸҲзҶ·зҙ‘жҝ®',
  `valid_end_date` date DEFAULT NULL COMMENT 'йҸҲеӨӢжҷҘйҸҲзҶәзІЁйҸү',
  `applicable_type` varchar(50) DEFAULT NULL COMMENT 'й–«еӮңж•Өз»«иҜІзҖ·(з»үзҶјеҷҫ/йҺ¶еҘёеҷҫз»ӣ?',
  `status` char(1) DEFAULT '0' COMMENT 'йҗҳиҲө?(0:е§қпҪ…зҲ¶ 1:йҚӢж»…ж•Ө)',
  `create_by` varchar(64) DEFAULT '' COMMENT 'йҚ’ж¶ҳзј“й‘°',
  `create_time` datetime DEFAULT NULL COMMENT 'йҚ’ж¶ҳзј“йҸғе •жЈҝ',
  `update_by` varchar(64) DEFAULT '' COMMENT 'йҸҮеӯҳжҹҠй‘°',
  `update_time` datetime DEFAULT NULL COMMENT 'йҸҮеӯҳжҹҠйҸғе •жЈҝ',
  `remark` varchar(500) DEFAULT NULL COMMENT 'жҫ¶еӣЁж•һ',
  `del_flag` char(1) DEFAULT '0' COMMENT 'йҚ’зҠ»ж«ҺйҸҚеӣ§з№”(0:е§қпҪ…зҲ¶ 2:йҚ’зҠ»ж«Һ)',
  PRIMARY KEY (`coupon_id`),
  UNIQUE KEY `uk_coupon_code` (`coupon_code`)
) ENGINE=InnoDB DEFAULT CHARSET=utf8mb4 COLLATE=utf8mb4_0900_ai_ci COMMENT='жөјжЁ»е„¬йҚ’жӯҢгҖғ';

-- ----------------------------
-- Records of hz_coupon
-- ----------------------------

-- ----------------------------
-- Table structure for hz_coupon_receive
-- ----------------------------
DROP TABLE IF EXISTS `hz_coupon_receive`;
CREATE TABLE `hz_coupon_receive` (
  `receive_id` bigint(20) NOT NULL AUTO_INCREMENT COMMENT 'жЈ°е——еҪҮID',
  `coupon_id` bigint(20) NOT NULL COMMENT 'жөјжЁ»е„¬йҚ’зӘұD',
  `tenant_id` bigint(20) NOT NULL COMMENT 'з»үзҶёеҹӣID',
  `receive_time` datetime DEFAULT NULL COMMENT 'жЈ°е——еҪҮйҸғе •жЈҝ',
  `receive_status` char(1) DEFAULT '0' COMMENT 'йҗҳиҲө?(0:йҸҲ?еЁҮйҗў?1:е®ёи№ӯеЁҮйҗў?2:е®ёиҢ¶з№ғйҸҲ?',
  `use_time` datetime DEFAULT NULL COMMENT 'жөЈи·Ёж•ӨйҸғе •жЈҝ',
  `order_id` bigint(20) DEFAULT NULL COMMENT 'жөЈи·Ёж•Өз’ҒгҲ еҙҹID',
  `create_by` varchar(64) DEFAULT '' COMMENT 'йҚ’ж¶ҳзј“й‘°',
  `create_time` datetime DEFAULT NULL COMMENT 'йҚ’ж¶ҳзј“йҸғе •жЈҝ',
  `update_by` varchar(64) DEFAULT '' COMMENT 'йҸҮеӯҳжҹҠй‘°',
  `update_time` datetime DEFAULT NULL COMMENT 'йҸҮеӯҳжҹҠйҸғе •жЈҝ',
  `remark` varchar(500) DEFAULT NULL COMMENT 'жҫ¶еӣЁж•һ',
  `del_flag` char(1) DEFAULT '0' COMMENT 'йҚ’зҠ»ж«ҺйҸҚеӣ§з№”(0:е§қпҪ…зҲ¶ 2:йҚ’зҠ»ж«Һ)',
  PRIMARY KEY (`receive_id`),
  KEY `idx_coupon_id` (`coupon_id`),
  KEY `idx_tenant_id` (`tenant_id`)
) ENGINE=InnoDB DEFAULT CHARSET=utf8mb4 COLLATE=utf8mb4_0900_ai_ci COMMENT='жөјжЁ»е„¬йҚ’жҗҒ?йҚҷж ¬?иӨ°жӣЎгҖғ';

-- ----------------------------
-- Records of hz_coupon_receive
-- ----------------------------

-- ----------------------------
-- Table structure for hz_coupon_use
-- ----------------------------
DROP TABLE IF EXISTS `hz_coupon_use`;
CREATE TABLE `hz_coupon_use` (
  `use_id` bigint(20) NOT NULL AUTO_INCREMENT COMMENT 'жөЈи·Ёж•ӨID',
  `receive_id` bigint(20) NOT NULL COMMENT 'жЈ°е——еҪҮID',
  `coupon_id` bigint(20) NOT NULL COMMENT 'жөјжЁ»е„¬йҚ’зӘұD',
  `tenant_id` bigint(20) NOT NULL COMMENT 'з»үзҶёеҹӣID',
  `bill_id` bigint(20) NOT NULL COMMENT 'з’җп№ҖеҙҹID',
  `discount_amount` decimal(10,2) NOT NULL COMMENT 'жөјжЁ»е„¬й–ІжҲҰ?',
  `use_time` datetime DEFAULT NULL COMMENT 'жөЈи·Ёж•ӨйҸғе •жЈҝ',
  `create_by` varchar(64) DEFAULT '' COMMENT 'йҚ’ж¶ҳзј“й‘°',
  `create_time` datetime DEFAULT NULL COMMENT 'йҚ’ж¶ҳзј“йҸғе •жЈҝ',
  `update_by` varchar(64) DEFAULT '' COMMENT 'йҸҮеӯҳжҹҠй‘°',
  `update_time` datetime DEFAULT NULL COMMENT 'йҸҮеӯҳжҹҠйҸғе •жЈҝ',
  `remark` varchar(500) DEFAULT NULL COMMENT 'жҫ¶еӣЁж•һ',
  `del_flag` char(1) DEFAULT '0' COMMENT 'йҚ’зҠ»ж«ҺйҸҚеӣ§з№”(0:е§қпҪ…зҲ¶ 2:йҚ’зҠ»ж«Һ)',
  PRIMARY KEY (`use_id`),
  KEY `idx_receive_id` (`receive_id`),
  KEY `idx_bill_id` (`bill_id`)
) ENGINE=InnoDB DEFAULT CHARSET=utf8mb4 COLLATE=utf8mb4_0900_ai_ci COMMENT='жөјжЁ»е„¬йҚ’й•җеЁҮйҗўг„Ё?иӨ°жӣЎгҖғ';

-- ----------------------------
-- Records of hz_coupon_use
-- ----------------------------

-- ----------------------------
-- Table structure for hz_co_tenant
-- ----------------------------
DROP TABLE IF EXISTS `hz_co_tenant`;
CREATE TABLE `hz_co_tenant` (
  `co_tenant_id` bigint(20) NOT NULL AUTO_INCREMENT COMMENT 'йҚҸеҚһжӮ“з»үзҶёеҹӣID',
  `contract_id` bigint(20) NOT NULL COMMENT 'йҚҡе қжӮ“ID',
  `tenant_name` varchar(50) NOT NULL COMMENT 'з»үзҶёеҹӣжҝ®ж’іжӮ•',
  `id_card` varchar(18) NOT NULL COMMENT 'йҹ¬?е”Өз’ҮдҪёеҪҝ',
  `phone` varchar(20) NOT NULL COMMENT 'йҺөе¬«жәҖйҚҷ',
  `relationship` varchar(20) DEFAULT NULL COMMENT 'ж¶“еәқеҜҢз»үзҶёеҹӣйҚҸеҙҮйғҙ',
  `status` char(1) DEFAULT '0' COMMENT 'йҗҳиҲө?(0:е§қпҪ…зҲ¶ 1:йҚӢж»…ж•Ө)',
  `create_by` varchar(64) DEFAULT '' COMMENT 'йҚ’ж¶ҳзј“й‘°',
  `create_time` datetime DEFAULT NULL COMMENT 'йҚ’ж¶ҳзј“йҸғе •жЈҝ',
  `update_by` varchar(64) DEFAULT '' COMMENT 'йҸҮеӯҳжҹҠй‘°',
  `update_time` datetime DEFAULT NULL COMMENT 'йҸҮеӯҳжҹҠйҸғе •жЈҝ',
  `remark` varchar(500) DEFAULT NULL COMMENT 'жҫ¶еӣЁж•һ',
  `del_flag` char(1) DEFAULT '0' COMMENT 'йҚ’зҠ»ж«ҺйҸҚеӣ§з№”(0:е§қпҪ…зҲ¶ 2:йҚ’зҠ»ж«Һ)',
  PRIMARY KEY (`co_tenant_id`),
  KEY `idx_contract_id` (`contract_id`)
) ENGINE=InnoDB DEFAULT CHARSET=utf8mb4 COLLATE=utf8mb4_0900_ai_ci COMMENT='йҚҸеҚһжӮ“з»үзҶёеҹӣзҗӣ';

-- ----------------------------
-- Records of hz_co_tenant
-- ----------------------------

-- ----------------------------
-- Table structure for hz_document_audit
-- ----------------------------
DROP TABLE IF EXISTS `hz_document_audit`;
CREATE TABLE `hz_document_audit` (
  `audit_id` bigint(20) NOT NULL AUTO_INCREMENT COMMENT 'зҖ№в„ғзүіID',
  `document_id` bigint(20) NOT NULL COMMENT 'з’§еӢ¬жһЎID',
  `tenant_id` bigint(20) NOT NULL COMMENT 'з»үзҶёеҹӣID',
  `audit_result` char(1) NOT NULL COMMENT 'зҖ№в„ғзүізјҒж’ҙзҒү(1:й–«ж°із№ғ 2:жӨ№еҶІжҙ–)',
  `audit_opinion` varchar(500) DEFAULT NULL COMMENT 'зҖ№в„ғзүійҺ°еҝҡ?',
  `audit_by` varchar(64) DEFAULT NULL COMMENT 'зҖ№в„ғзүіжөң',
  `audit_time` datetime DEFAULT NULL COMMENT 'зҖ№в„ғзүійҸғе •жЈҝ',
  `create_by` varchar(64) DEFAULT '' COMMENT 'йҚ’ж¶ҳзј“й‘°',
  `create_time` datetime DEFAULT NULL COMMENT 'йҚ’ж¶ҳзј“йҸғе •жЈҝ',
  `update_by` varchar(64) DEFAULT '' COMMENT 'йҸҮеӯҳжҹҠй‘°',
  `update_time` datetime DEFAULT NULL COMMENT 'йҸҮеӯҳжҹҠйҸғе •жЈҝ',
  `remark` varchar(500) DEFAULT NULL COMMENT 'жҫ¶еӣЁж•һ',
  `del_flag` char(1) DEFAULT '0' COMMENT 'йҚ’зҠ»ж«ҺйҸҚеӣ§з№”(0:е§қпҪ…зҲ¶ 2:йҚ’зҠ»ж«Һ)',
  PRIMARY KEY (`audit_id`),
  KEY `idx_document_id` (`document_id`)
) ENGINE=InnoDB DEFAULT CHARSET=utf8mb4 COLLATE=utf8mb4_0900_ai_ci COMMENT='з’§еӢ¬жһЎзҖ№в„ғзүіз’Ғжқҝз¶Қзҗӣ';

-- ----------------------------
-- Records of hz_document_audit
-- ----------------------------

-- ----------------------------
-- Table structure for hz_enterprise
-- ----------------------------
DROP TABLE IF EXISTS `hz_enterprise`;
CREATE TABLE `hz_enterprise` (
  `enterprise_id` bigint(20) NOT NULL AUTO_INCREMENT COMMENT 'жөјдҪ·з¬ҹID',
  `enterprise_name` varchar(100) NOT NULL COMMENT 'жөјдҪ·з¬ҹйҚҡе¶ҮРһ',
  `social_credit_code` varchar(50) DEFAULT NULL COMMENT 'зјҒзҶ¶з«ҙз»ҖеҸҘзҙ°ж·Үпј„ж•Өжө пҪҮзҲң',
  `legal_person` varchar(50) DEFAULT NULL COMMENT 'еЁүжӣҡжұүжө пҪҲгҖғ',
  `contact_person` varchar(50) DEFAULT NULL COMMENT 'й‘ұж—Ӯйғҙжөң',
  `contact_phone` varchar(20) DEFAULT NULL COMMENT 'й‘ұж—ӮйғҙйҗўдҪғзҳҪ',
  `contact_email` varchar(100) DEFAULT NULL COMMENT 'й‘ұж—Ӯйғҙй–ӯ??',
  `enterprise_address` varchar(255) DEFAULT NULL COMMENT 'жөјдҪ·з¬ҹйҚҰжқҝжҪғ',
  `business_license` varchar(255) DEFAULT NULL COMMENT 'й’ҖгғӨз¬ҹйҺөС…еҸҺURL',
  `employee_count` int(11) DEFAULT '0' COMMENT 'йҚӣжЁәдјҗйҸҒдјҙеҷә',
  `rented_count` int(11) DEFAULT '0' COMMENT 'е®ёиҢ¬?йҺҙжҢҺз°®йҸҒ',
  `status` char(1) DEFAULT '0' COMMENT 'йҗҳиҲө?(0:е§қпҪ…зҲ¶ 1:йҚӢж»…ж•Ө)',
  `create_by` varchar(64) DEFAULT '' COMMENT 'йҚ’ж¶ҳзј“й‘°',
  `create_time` datetime DEFAULT NULL COMMENT 'йҚ’ж¶ҳзј“йҸғе •жЈҝ',
  `update_by` varchar(64) DEFAULT '' COMMENT 'йҸҮеӯҳжҹҠй‘°',
  `update_time` datetime DEFAULT NULL COMMENT 'йҸҮеӯҳжҹҠйҸғе •жЈҝ',
  `remark` varchar(500) DEFAULT NULL COMMENT 'жҫ¶еӣЁж•һ',
  `del_flag` char(1) DEFAULT '0' COMMENT 'йҚ’зҠ»ж«ҺйҸҚеӣ§з№”(0:е§қпҪ…зҲ¶ 2:йҚ’зҠ»ж«Һ)',
  PRIMARY KEY (`enterprise_id`)
) ENGINE=InnoDB AUTO_INCREMENT=2 DEFAULT CHARSET=utf8mb4 COLLATE=utf8mb4_0900_ai_ci COMMENT='жөјдҪ·з¬ҹж·Үв„ғдј…зҗӣ';

-- ----------------------------
-- Records of hz_enterprise
-- ----------------------------
INSERT INTO `hz_enterprise` VALUES ('1', 'йҳҝж–Ҝи’ӮиҠ¬', '91410100MA45TE2X81', null, 'ss', '18539279011', null, 'жөӢиҜ•ең°еқҖ', null, '0', '0', '0', '', null, '', null, null, '0');

-- ----------------------------
-- Table structure for hz_featured_house
-- ----------------------------
DROP TABLE IF EXISTS `hz_featured_house`;
CREATE TABLE `hz_featured_house` (
  `featured_id` bigint(20) NOT NULL AUTO_INCREMENT COMMENT 'з»®й№ғ?ID',
  `house_id` bigint(20) NOT NULL COMMENT 'йҺҙжҢҺз°®ID',
  `featured_reason` varchar(200) DEFAULT NULL COMMENT 'з»®й№ғ?йҗһе—ҷж•ұ',
  `start_time` datetime DEFAULT NULL COMMENT 'еҜ®??йҸғе •жЈҝ',
  `end_time` datetime DEFAULT NULL COMMENT 'зјҒж’ҙжҪ«йҸғе •жЈҝ',
  `sort_order` int(11) DEFAULT '0' COMMENT 'йҸ„еү§гҒҡжӨӨе“„з°ӯ',
  `status` char(1) DEFAULT '0' COMMENT 'йҗҳиҲө?(0:е§қпҪ…зҲ¶ 1:йҚӢж»…ж•Ө)',
  `create_by` varchar(64) DEFAULT '' COMMENT 'йҚ’ж¶ҳзј“й‘°',
  `create_time` datetime DEFAULT NULL COMMENT 'йҚ’ж¶ҳзј“йҸғе •жЈҝ',
  `update_by` varchar(64) DEFAULT '' COMMENT 'йҸҮеӯҳжҹҠй‘°',
  `update_time` datetime DEFAULT NULL COMMENT 'йҸҮеӯҳжҹҠйҸғе •жЈҝ',
  `remark` varchar(500) DEFAULT NULL COMMENT 'жҫ¶еӣЁж•һ',
  `del_flag` char(1) DEFAULT '0' COMMENT 'йҚ’зҠ»ж«ҺйҸҚеӣ§з№”(0:е§қпҪ…зҲ¶ 2:йҚ’зҠ»ж«Һ)',
  PRIMARY KEY (`featured_id`),
  KEY `idx_house_id` (`house_id`)
) ENGINE=InnoDB DEFAULT CHARSET=utf8mb4 COLLATE=utf8mb4_0900_ai_ci COMMENT='з»®й№ғ?йҺҙжҢҺз°®зҗӣ';

-- ----------------------------
-- Records of hz_featured_house
-- ----------------------------

-- ----------------------------
-- Table structure for hz_house
-- ----------------------------
DROP TABLE IF EXISTS `hz_house`;
CREATE TABLE `hz_house` (
  `house_id` bigint(20) NOT NULL AUTO_INCREMENT COMMENT 'йҺҙжҢҺз°®ID',
  `project_id` bigint(20) NOT NULL COMMENT 'жӨӨеңӯжҙ°ID',
  `building_id` bigint(20) NOT NULL COMMENT 'еҰӨе…јзҲ§ID',
  `unit_id` bigint(20) DEFAULT NULL COMMENT 'йҚ—жӣһеҺ“ID',
  `house_code` varchar(50) NOT NULL COMMENT 'йҺҙжҢҺз°®зјӮж «зҲң',
  `house_no` varchar(50) NOT NULL COMMENT 'йҺҙеқ—жЈҝйҚҷ',
  `floor` int(11) NOT NULL COMMENT 'еҰӨз…Һзң°',
  `house_type_id` bigint(20) DEFAULT NULL COMMENT 'йҺҙеі°зҖ·ID',
  `house_type_name` varchar(50) DEFAULT NULL COMMENT 'йҺҙеі°зҖ·йҚҡе¶ҮРһ',
  `area` decimal(8,2) DEFAULT NULL COMMENT 'еҜӨиҷ№з“ҡй—ҲгҲўРқ(йӘһиҷ«жҹҹз»«?',
  `rent_price` decimal(10,2) DEFAULT NULL COMMENT 'з»үзҶјеҷҫ(йҚҸ?йҸҲ?',
  `deposit` decimal(10,2) DEFAULT NULL COMMENT 'йҺ¶еҘёеҷҫ(йҚҸ?',
  `orientation` varchar(20) DEFAULT NULL COMMENT 'йҸҲжҝҶжӮң',
  `decoration` varchar(20) DEFAULT NULL COMMENT 'з‘Ғе‘¬ж…ЁйҺҜе‘ӯе–Ң',
  `facilities` varchar(500) DEFAULT NULL COMMENT 'йҺҙеқ—жЈҝз’ҒзӮ¬жҹҰ(жҫ¶ж°«йҮңйҗўг„©?йҚҷеі°еһҺй—…?',
  `house_status` char(1) DEFAULT '0' COMMENT 'йҺҙжҢҺз°®йҗҳиҲө?(0:з»Ңиҷ№з–Ҷ 1:е®ёжҹҘ?з’Ғ?2:е®ёжҸ’еҡӯз»ү?3:зјҒзҝ ж…Ёж¶“?4:ж¶“е¬«зҒҰ)',
  `is_featured` char(1) DEFAULT '0' COMMENT 'йҸ„?жғҒз»®й№ғ?йҺҙжҢҺз°®(0:йҚҡ?1:йҸ„?',
  `view_count` int(11) DEFAULT '0' COMMENT 'еЁҙеҝҡ?еЁҶв„ғжҡҹ',
  `status` char(1) DEFAULT '0' COMMENT 'йҗҳиҲө?(0:е§қпҪ…зҲ¶ 1:йҚӢж»…ж•Ө)',
  `create_by` varchar(64) DEFAULT '' COMMENT 'йҚ’ж¶ҳзј“й‘°',
  `create_time` datetime DEFAULT NULL COMMENT 'йҚ’ж¶ҳзј“йҸғе •жЈҝ',
  `update_by` varchar(64) DEFAULT '' COMMENT 'йҸҮеӯҳжҹҠй‘°',
  `update_time` datetime DEFAULT NULL COMMENT 'йҸҮеӯҳжҹҠйҸғе •жЈҝ',
  `remark` varchar(500) DEFAULT NULL COMMENT 'жҫ¶еӣЁж•һ',
  `del_flag` char(1) DEFAULT '0' COMMENT 'йҚ’зҠ»ж«ҺйҸҚеӣ§з№”(0:е§қпҪ…зҲ¶ 2:йҚ’зҠ»ж«Һ)',
  PRIMARY KEY (`house_id`),
  UNIQUE KEY `uk_house_code` (`house_code`),
  KEY `idx_project_id` (`project_id`),
  KEY `idx_building_id` (`building_id`),
  KEY `idx_house_status` (`house_status`),
  KEY `idx_is_featured` (`is_featured`)
) ENGINE=InnoDB AUTO_INCREMENT=6 DEFAULT CHARSET=utf8mb4 COLLATE=utf8mb4_0900_ai_ci COMMENT='йҺҙжҢҺз°®зҗӣ';

-- ----------------------------
-- Records of hz_house
-- ----------------------------
INSERT INTO `hz_house` VALUES ('1', '2', '3', '5', '123', '456', '1', '14', 'еӨ§дёүжҲҝ', '60.00', '2000.00', '3000.00', 'еҚ—', 'жҜӣеқҜ', null, '0', '0', '0', '0', '', null, '', null, null, '0');
INSERT INTO `hz_house` VALUES ('2', '1', '5', '11', 'kl', '502', '1', '10', 'йҳҝж–Ҝи’ӮиҠ¬456465', '0.00', '500.00', '500.00', 'дёң', null, null, '0', '0', '0', '0', '', null, '', null, null, '0');
INSERT INTO `hz_house` VALUES ('3', '1', '1', '1', 'llkkk', '456', '1', '10', 'йҳҝж–Ҝи’ӮиҠ¬456465', '60.00', '9000.00', '6000.00', 'еҚ—', 'жҜӣеқҜ', 'йҳҝж–Ҝи’ӮиҠ¬', '0', '1', '0', '0', '', null, '', null, 'йҳҝж–Ҝи’ӮиҠ¬', '0');
INSERT INTO `hz_house` VALUES ('4', '3', '6', '12', '01', '123', '1', '15', 'жөӢиҜ•01', '600.00', '5000.00', '200.00', 'еҚ—', 'жҜӣеқҜ', 'е°‘ж—¶иҜөиҜ—д№Ұ', '0', '0', '0', '0', '', null, '', null, null, '0');
INSERT INTO `hz_house` VALUES ('5', '4', '7', '13', '12', '301', '1', '16', 'еӨ§дёүжҲҝ', '180.00', '2000.00', '1000.00', 'дёң', null, null, '0', '0', '0', '0', '', null, '', null, null, '0');

-- ----------------------------
-- Table structure for hz_house_exchange
-- ----------------------------
DROP TABLE IF EXISTS `hz_house_exchange`;
CREATE TABLE `hz_house_exchange` (
  `exchange_id` bigint(20) NOT NULL AUTO_INCREMENT COMMENT 'йҺ№гҲЎеҹ§ID',
  `tenant_id` bigint(20) NOT NULL COMMENT 'з»үзҶёеҹӣID',
  `old_contract_id` bigint(20) NOT NULL COMMENT 'йҚҳзҶ·жӮҺйҚҡеӯ–D',
  `old_house_id` bigint(20) NOT NULL COMMENT 'йҚҳзҶёеҹ§е©§жҖҡD',
  `old_house_code` varchar(50) NOT NULL COMMENT 'йҚҳзҶёеҹ§е©§ж„®зҙӘйҗ®',
  `new_house_id` bigint(20) NOT NULL COMMENT 'йҸӮзүҲеҹ§е©§жҖҡD',
  `new_house_code` varchar(50) NOT NULL COMMENT 'йҸӮзүҲеҹ§е©§ж„®зҙӘйҗ®',
  `exchange_reason` varchar(500) DEFAULT NULL COMMENT 'йҺ№гҲЎеҹ§йҚҳзҶ·жҙң',
  `apply_time` datetime DEFAULT NULL COMMENT 'йҗўе® ?йҸғе •жЈҝ',
  `approve_result` char(1) DEFAULT '0' COMMENT 'зҖ№в„ғеЈ’зјҒж’ҙзҒү(0:еҜ°е‘ӯ?йҺө?1:й–«ж°із№ғ 2:жӨ№еҶІжҙ–)',
  `approve_opinion` varchar(500) DEFAULT NULL COMMENT 'зҖ№в„ғеЈ’йҺ°еҝҡ?',
  `approve_by` varchar(64) DEFAULT NULL COMMENT 'зҖ№в„ғеЈ’жөң',
  `approve_time` datetime DEFAULT NULL COMMENT 'зҖ№в„ғеЈ’йҸғе •жЈҝ',
  `exchange_time` datetime DEFAULT NULL COMMENT 'йҺ№гҲЎеҹ§йҸғе •жЈҝ',
  `new_contract_id` bigint(20) DEFAULT NULL COMMENT 'йҸӮжқҝжӮҺйҚҡеӯ–D',
  `status` char(1) DEFAULT '0' COMMENT 'йҗҳиҲө?(0:еҜ°е‘ӯ?йҺө?1:е®ёеҸүеЈ’йҚ‘?2:е®ёжҹҘв”ҸйҚҘ?3:е®ёжҸ’з•¬йҺҙ?',
  `create_by` varchar(64) DEFAULT '' COMMENT 'йҚ’ж¶ҳзј“й‘°',
  `create_time` datetime DEFAULT NULL COMMENT 'йҚ’ж¶ҳзј“йҸғе •жЈҝ',
  `update_by` varchar(64) DEFAULT '' COMMENT 'йҸҮеӯҳжҹҠй‘°',
  `update_time` datetime DEFAULT NULL COMMENT 'йҸҮеӯҳжҹҠйҸғе •жЈҝ',
  `remark` varchar(500) DEFAULT NULL COMMENT 'жҫ¶еӣЁж•һ',
  `del_flag` char(1) DEFAULT '0' COMMENT 'йҚ’зҠ»ж«ҺйҸҚеӣ§з№”(0:е§қпҪ…зҲ¶ 2:йҚ’зҠ»ж«Һ)',
  PRIMARY KEY (`exchange_id`),
  KEY `idx_tenant_id` (`tenant_id`),
  KEY `idx_old_contract_id` (`old_contract_id`)
) ENGINE=InnoDB DEFAULT CHARSET=utf8mb4 COLLATE=utf8mb4_0900_ai_ci COMMENT='йҺ№гҲЎеҹ§з’Ғжқҝз¶Қзҗӣ';

-- ----------------------------
-- Records of hz_house_exchange
-- ----------------------------

-- ----------------------------
-- Table structure for hz_house_image
-- ----------------------------
DROP TABLE IF EXISTS `hz_house_image`;
CREATE TABLE `hz_house_image` (
  `image_id` bigint(20) NOT NULL AUTO_INCREMENT COMMENT 'йҚҘеү§еў–ID',
  `house_id` bigint(20) NOT NULL COMMENT 'йҺҙжҢҺз°®ID',
  `image_url` varchar(255) NOT NULL COMMENT 'йҚҘеү§еў–URL',
  `image_type` varchar(20) DEFAULT NULL COMMENT 'еӣҫзүҮзұ»еһӢ(1:дё»еӣҫ 2:жҲ·еһӢеӣҫ 3:еҚ§е®Ө 4:еҚ«з”ҹй—ҙ 5:е®ӨеҶ… 6:е®ӨеӨ–)',
  `is_cover` char(1) DEFAULT '0' COMMENT 'йҸ„?жғҒзҒҸдҫҖжҪ°(0:йҚҡ?1:йҸ„?',
  `sort_order` int(11) DEFAULT '0' COMMENT 'йҸ„еү§гҒҡжӨӨе“„з°ӯ',
  `create_by` varchar(64) DEFAULT '' COMMENT 'йҚ’ж¶ҳзј“й‘°',
  `create_time` datetime DEFAULT NULL COMMENT 'йҚ’ж¶ҳзј“йҸғе •жЈҝ',
  `update_by` varchar(64) DEFAULT '' COMMENT 'йҸҮеӯҳжҹҠй‘°',
  `update_time` datetime DEFAULT NULL COMMENT 'йҸҮеӯҳжҹҠйҸғе •жЈҝ',
  `remark` varchar(500) DEFAULT NULL COMMENT 'жҫ¶еӣЁж•һ',
  `del_flag` char(1) DEFAULT '0' COMMENT 'йҚ’зҠ»ж«ҺйҸҚеӣ§з№”(0:е§қпҪ…зҲ¶ 2:йҚ’зҠ»ж«Һ)',
  PRIMARY KEY (`image_id`),
  KEY `idx_house_id` (`house_id`)
) ENGINE=InnoDB AUTO_INCREMENT=18 DEFAULT CHARSET=utf8mb4 COLLATE=utf8mb4_0900_ai_ci COMMENT='йҺҙжҢҺз°®йҚҘеү§еў–зҗӣ';

-- ----------------------------
-- Records of hz_house_image
-- ----------------------------
INSERT INTO `hz_house_image` VALUES ('1', '3', '/profile/upload/2026/01/11/зҹ©еҪў 21@2x_20260111031203A005.png', '1', '1', '0', '', null, '', null, null, '2');
INSERT INTO `hz_house_image` VALUES ('2', '3', '/profile/upload/2026/01/11/зҹ©еҪў 21@2x_20260111031203A005.png', '1', '1', '0', '', null, '', null, null, '2');
INSERT INTO `hz_house_image` VALUES ('3', '3', '/profile/upload/2026/01/11/еёӮеңәз§ҹиөҒ@2x_20260111031214A006.png', '1', '0', '1', '', null, '', null, null, '2');
INSERT INTO `hz_house_image` VALUES ('4', '3', '/profile/upload/2026/01/11/зҹ©еҪў 21@2x_20260111031203A005.png', '1', '1', '0', '', null, '', null, null, '0');
INSERT INTO `hz_house_image` VALUES ('5', '3', '/profile/upload/2026/01/11/еёӮеңәз§ҹиөҒ@2x_20260111031214A006.png', '1', '0', '1', '', null, '', null, null, '0');
INSERT INTO `hz_house_image` VALUES ('6', '4', '/profile/upload/2026/01/11/WPSеӣҫзүҮ(1)_20260111151641A001.jpeg', '1', '1', '0', '', null, '', null, null, '0');
INSERT INTO `hz_house_image` VALUES ('7', '5', '/profile/upload/2026/01/12/зҹ©еҪў 21@2x_20260112014153A004.png', '1', '1', '0', '', null, '', null, null, '2');
INSERT INTO `hz_house_image` VALUES ('8', '5', '/profile/upload/2026/01/12/дәәжүҚе…¬еҜ“@2x_20260112014154A005.png', '1', '0', '1', '', null, '', null, null, '2');
INSERT INTO `hz_house_image` VALUES ('9', '5', '/profile/upload/2026/01/12/зҹ©еҪў 21@2x_20260112014153A004.png', '1', '1', '0', '', null, '', null, null, '0');
INSERT INTO `hz_house_image` VALUES ('10', '5', '/profile/upload/2026/01/12/дәәжүҚе…¬еҜ“@2x_20260112014154A005.png', '1', '0', '1', '', null, '', null, null, '0');
INSERT INTO `hz_house_image` VALUES ('11', '5', '/profile/upload/2026/01/12/df079c167cae476cb21790c62b610481_20260112033330A002.png', '2', '0', '2', '', null, '', null, null, '0');
INSERT INTO `hz_house_image` VALUES ('12', '5', '/profile/upload/2026/01/12/R-C (1)_20260112033332A003.jpg', '2', '0', '3', '', null, '', null, null, '0');
INSERT INTO `hz_house_image` VALUES ('13', '5', '/profile/upload/2026/01/12/4255.jpg_wh860_20260112033334A004.jpg', '3', '0', '4', '', null, '', null, null, '0');
INSERT INTO `hz_house_image` VALUES ('14', '5', '/profile/upload/2026/01/12/ScreenShot_2026-01-12_015115_648_20260112033336A005.png', '3', '0', '5', '', null, '', null, null, '0');
INSERT INTO `hz_house_image` VALUES ('15', '5', '/profile/upload/2026/01/12/R-C (1)_20260112033338A006.jpg', '4', '0', '6', '', null, '', null, null, '0');
INSERT INTO `hz_house_image` VALUES ('16', '5', '/profile/upload/2026/01/12/df079c167cae476cb21790c62b610481_20260112033344A008.png', '5', '0', '7', '', null, '', null, null, '0');
INSERT INTO `hz_house_image` VALUES ('17', '5', '/profile/upload/2026/01/12/df079c167cae476cb21790c62b610481_20260112033341A007.png', '6', '0', '8', '', null, '', null, null, '0');

-- ----------------------------
-- Table structure for hz_house_type
-- ----------------------------
DROP TABLE IF EXISTS `hz_house_type`;
CREATE TABLE `hz_house_type` (
  `house_type_id` bigint(20) NOT NULL AUTO_INCREMENT COMMENT 'йҺҙеі°зҖ·ID',
  `project_id` bigint(20) DEFAULT NULL COMMENT 'жӨӨеңӯжҙ°ID',
  `house_type_name` varchar(50) NOT NULL COMMENT 'йҺҙеі°зҖ·йҚҡе¶ҮРһ(жҝЎ?ж¶“??ж¶“?е·ә)',
  `house_type_code` varchar(50) NOT NULL COMMENT 'йҺҙеі°зҖ·зјӮж «зҲң',
  `bedroom_count` int(11) DEFAULT '0' COMMENT 'йҚ—Сғ?йҸҒдјҙеҷә',
  `livingroom_count` int(11) DEFAULT '0' COMMENT 'зҖ№гҲ е·әйҸҒдјҙеҷә',
  `bathroom_count` int(11) DEFAULT '0' COMMENT 'йҚ—?ж•“й—Ӯеӯҳжҡҹй–І',
  `kitchen_count` int(11) DEFAULT '0' COMMENT 'йҚҳг„Ұеҹ§йҸҒдјҙеҷә',
  `balcony_count` int(11) DEFAULT '0' COMMENT 'й—ғеҶІеҪҙйҸҒдјҙеҷә',
  `typical_area` decimal(8,2) DEFAULT NULL COMMENT 'йҚҸзЁҝзҖ·й—ҲгҲўРқ(йӘһиҷ«жҹҹз»«?',
  `layout_image` varchar(255) DEFAULT NULL COMMENT 'йҺҙеі°зҖ·йҚҘз¶°RL',
  `status` char(1) DEFAULT '0' COMMENT 'йҗҳиҲө?(0:е§қпҪ…зҲ¶ 1:йҚӢж»…ж•Ө)',
  `sort_order` int(11) DEFAULT '0' COMMENT 'йҸ„еү§гҒҡжӨӨе“„з°ӯ',
  `create_by` varchar(64) DEFAULT '' COMMENT 'йҚ’ж¶ҳзј“й‘°',
  `create_time` datetime DEFAULT NULL COMMENT 'йҚ’ж¶ҳзј“йҸғе •жЈҝ',
  `update_by` varchar(64) DEFAULT '' COMMENT 'йҸҮеӯҳжҹҠй‘°',
  `update_time` datetime DEFAULT NULL COMMENT 'йҸҮеӯҳжҹҠйҸғе •жЈҝ',
  `remark` varchar(500) DEFAULT NULL COMMENT 'жҫ¶еӣЁж•һ',
  `del_flag` char(1) DEFAULT '0' COMMENT 'йҚ’зҠ»ж«ҺйҸҚеӣ§з№”(0:е§қпҪ…зҲ¶ 2:йҚ’зҠ»ж«Һ)',
  PRIMARY KEY (`house_type_id`),
  UNIQUE KEY `uk_house_type_code` (`house_type_code`),
  KEY `idx_project_id` (`project_id`)
) ENGINE=InnoDB AUTO_INCREMENT=17 DEFAULT CHARSET=utf8mb4 COLLATE=utf8mb4_0900_ai_ci COMMENT='йҺҙеі°зҖ·зҗӣ';

-- ----------------------------
-- Records of hz_house_type
-- ----------------------------
INSERT INTO `hz_house_type` VALUES ('1', null, 'йҳҝж–Ҝи’ӮиҠ¬', '12', '0', '0', '0', '0', '0', '0.00', null, '0', '0', '', null, '', null, null, '0');
INSERT INTO `hz_house_type` VALUES ('2', null, '123123', '23', '0', '0', '0', '0', '0', '0.00', null, '0', '0', '', null, '', null, null, '0');
INSERT INTO `hz_house_type` VALUES ('4', null, 'еҺ»зҺ©е„ҝеҺ»зҺ©е„ҝ', '87897878', '0', '0', '0', '0', '0', '0.00', null, '0', '0', '', null, '', null, null, '0');
INSERT INTO `hz_house_type` VALUES ('6', null, 'йҳҝж–Ҝи’ӮиҠ¬022', '787889', '0', '0', '0', '0', '0', '0.00', null, '0', '0', '', null, '', null, null, '0');
INSERT INTO `hz_house_type` VALUES ('7', null, 'йҳҝж–Ҝи’ӮиҠ¬', '8712', '0', '0', '0', '0', '0', '0.00', null, '0', '0', '', null, '', null, null, '0');
INSERT INTO `hz_house_type` VALUES ('8', '1', 'жҳҜжҳҜжҳҜ', '45s', '0', '0', '0', '0', '0', '0.00', null, '0', '0', '', null, '', null, null, '0');
INSERT INTO `hz_house_type` VALUES ('9', '1', 'йҳҝж–Ҝи’ӮиҠ¬йҳҝж–Ҝи’ӮиҠ¬', '4546556', '0', '0', '0', '0', '0', '0.00', null, '0', '0', '', null, '', null, null, '0');
INSERT INTO `hz_house_type` VALUES ('10', '1', 'йҳҝж–Ҝи’ӮиҠ¬456465', '79878', '0', '0', '0', '0', '0', '0.00', null, '0', '0', '', null, '', null, null, '0');
INSERT INTO `hz_house_type` VALUES ('11', '1', 'йҳҝж–Ҝи’Ӯ123123123', '4546е•Ҡ', '0', '0', '0', '0', '0', '0.00', null, '0', '0', '', null, '', null, null, '0');
INSERT INTO `hz_house_type` VALUES ('12', '1', 'йҳҝж–Ҝи’ӮиҠ¬', 'йҳҝж–Ҝи’ӮиҠ¬000000', '0', '0', '0', '0', '0', '0.00', null, '0', '0', '', null, '', null, null, '0');
INSERT INTO `hz_house_type` VALUES ('13', '1', 'жЈ®еІӣеёҶй«ҳ121', '1212', '0', '0', '0', '0', '0', '0.00', null, '0', '0', '', null, '', null, 'йҳҝж–Ҝи’Ӯ', '0');
INSERT INTO `hz_house_type` VALUES ('14', '2', 'еӨ§дёүжҲҝ', 'dasanfang01', '3', '1', '1', '1', '1', '150.00', null, '0', '0', '', null, '', null, null, '0');
INSERT INTO `hz_house_type` VALUES ('15', '3', 'жөӢиҜ•01', 'ceshi01', '1', '1', '0', '0', '0', '0.00', null, '0', '0', '', null, '', null, null, '0');
INSERT INTO `hz_house_type` VALUES ('16', '4', 'еӨ§дёүжҲҝ', 'dasanfang', '3', '2', '1', '1', '1', '180.00', null, '0', '0', '', null, '', null, null, '0');

-- ----------------------------
-- Table structure for hz_house_type_image
-- ----------------------------
DROP TABLE IF EXISTS `hz_house_type_image`;
CREATE TABLE `hz_house_type_image` (
  `image_id` bigint(20) NOT NULL AUTO_INCREMENT COMMENT 'йҚҘеү§еў–ID',
  `house_type_id` bigint(20) NOT NULL COMMENT 'йҺҙеі°зҖ·ID',
  `image_url` varchar(500) NOT NULL COMMENT 'йҚҘеү§еў–URL',
  `image_type` char(1) DEFAULT '1' COMMENT 'йҚҘеү§еў–з»«иҜІзҖ·(1:йҺҙеі°зҖ·йҚҘ?2:зҖ№зӮҙж«ҷйҚҘ?',
  `is_cover` char(1) DEFAULT '0' COMMENT 'йҸ„?жғҒзҒҸдҫҖжҪ°(0:йҚҡ?1:йҸ„?',
  `sort_order` int(4) DEFAULT '0' COMMENT 'йҸ„еү§гҒҡжӨӨе“„з°ӯ',
  `create_by` varchar(64) DEFAULT '' COMMENT 'йҚ’ж¶ҳзј“й‘°',
  `create_time` datetime DEFAULT NULL COMMENT 'йҚ’ж¶ҳзј“йҸғе •жЈҝ',
  `update_by` varchar(64) DEFAULT '' COMMENT 'йҸҮеӯҳжҹҠй‘°',
  `update_time` datetime DEFAULT NULL COMMENT 'йҸҮеӯҳжҹҠйҸғе •жЈҝ',
  `remark` varchar(500) DEFAULT NULL COMMENT 'жҫ¶еӣЁж•һ',
  `del_flag` char(1) DEFAULT '0' COMMENT 'йҚ’зҠ»ж«ҺйҸҚеӣ§з№”(0:е§қпҪ…зҲ¶ 2:йҚ’зҠ»ж«Һ)',
  PRIMARY KEY (`image_id`),
  KEY `idx_house_type_id` (`house_type_id`)
) ENGINE=InnoDB AUTO_INCREMENT=4 DEFAULT CHARSET=utf8mb4 COLLATE=utf8mb4_0900_ai_ci COMMENT='йҺҙеі°зҖ·йҚҘеү§еў–зҗӣ';

-- ----------------------------
-- Records of hz_house_type_image
-- ----------------------------
INSERT INTO `hz_house_type_image` VALUES ('1', '13', '/profile/upload/2025/11/19/logo_20251119024029A016.png', '1', '1', '1', '', null, '', null, null, '2');
INSERT INTO `hz_house_type_image` VALUES ('2', '13', '/profile/upload/2025/11/19/logo_20251119024029A016.png', '1', '1', '1', '', null, '', null, null, '0');
INSERT INTO `hz_house_type_image` VALUES ('3', '13', '/profile/upload/2025/11/19/profile_20251119024737A017.jpg', '1', '0', '2', '', null, '', null, null, '0');

-- ----------------------------
-- Table structure for hz_house_vr
-- ----------------------------
DROP TABLE IF EXISTS `hz_house_vr`;
CREATE TABLE `hz_house_vr` (
  `vr_id` bigint(20) NOT NULL AUTO_INCREMENT COMMENT 'VRID',
  `house_id` bigint(20) NOT NULL COMMENT 'йҺҙжҢҺз°®ID',
  `vr_name` varchar(100) DEFAULT NULL COMMENT 'VRйҚҡе¶ҮРһ',
  `vr_url` varchar(255) NOT NULL COMMENT 'VRйҚҸг„Ұж«ҷйҚҘз¶°RL',
  `sort_order` int(11) DEFAULT '0' COMMENT 'йҸ„еү§гҒҡжӨӨе“„з°ӯ',
  `create_by` varchar(64) DEFAULT '' COMMENT 'йҚ’ж¶ҳзј“й‘°',
  `create_time` datetime DEFAULT NULL COMMENT 'йҚ’ж¶ҳзј“йҸғе •жЈҝ',
  `update_by` varchar(64) DEFAULT '' COMMENT 'йҸҮеӯҳжҹҠй‘°',
  `update_time` datetime DEFAULT NULL COMMENT 'йҸҮеӯҳжҹҠйҸғе •жЈҝ',
  `remark` varchar(500) DEFAULT NULL COMMENT 'жҫ¶еӣЁж•һ',
  `del_flag` char(1) DEFAULT '0' COMMENT 'йҚ’зҠ»ж«ҺйҸҚеӣ§з№”(0:е§қпҪ…зҲ¶ 2:йҚ’зҠ»ж«Һ)',
  PRIMARY KEY (`vr_id`),
  KEY `idx_house_id` (`house_id`)
) ENGINE=InnoDB AUTO_INCREMENT=5 DEFAULT CHARSET=utf8mb4 COLLATE=utf8mb4_0900_ai_ci COMMENT='йҺҙжҢҺз°®VRзҗӣ';

-- ----------------------------
-- Records of hz_house_vr
-- ----------------------------
INSERT INTO `hz_house_vr` VALUES ('1', '3', 'VR1', '/profile/upload/2026/01/11/QP61014284_20260111033434A001.jpg', '0', '', null, '', null, null, '0');
INSERT INTO `hz_house_vr` VALUES ('2', '4', 'VR1', '/profile/upload/2026/01/11/QP61014284_20260111151706A002.jpg', '0', '', null, '', null, null, '0');
INSERT INTO `hz_house_vr` VALUES ('3', '5', 'VR1', '/profile/upload/2026/01/12/QP61014284_20260112014202A006.jpg', '0', '', null, '', null, null, '2');
INSERT INTO `hz_house_vr` VALUES ('4', '5', 'VR1', '/profile/upload/2026/01/12/QP61014284_20260112014202A006.jpg', '0', '', null, '', null, null, '0');

-- ----------------------------
-- Table structure for hz_inventory_list
-- ----------------------------
DROP TABLE IF EXISTS `hz_inventory_list`;
CREATE TABLE `hz_inventory_list` (
  `list_id` bigint(20) NOT NULL AUTO_INCREMENT COMMENT 'еЁ“е‘ӯеҙҹID',
  `house_id` bigint(20) NOT NULL COMMENT 'йҺҙжҢҺз°®ID',
  `list_type` char(1) NOT NULL COMMENT 'еЁ“е‘ӯеҙҹз»«иҜІзҖ·(1:йҚҸгғӨз¶Ү 2:й–«??)',
  `list_items` text COMMENT 'еЁ“е‘ӯеҙҹжӨӨеңӯжҙ°(JSONйҸҚз…ҺзҙЎ)',
  `template_id` bigint(20) DEFAULT NULL COMMENT 'еЁ“е‘ӯеҙҹеҰҜв„ғжҫҳID',
  `create_by` varchar(64) DEFAULT '' COMMENT 'йҚ’ж¶ҳзј“й‘°',
  `create_time` datetime DEFAULT NULL COMMENT 'йҚ’ж¶ҳзј“йҸғе •жЈҝ',
  `update_by` varchar(64) DEFAULT '' COMMENT 'йҸҮеӯҳжҹҠй‘°',
  `update_time` datetime DEFAULT NULL COMMENT 'йҸҮеӯҳжҹҠйҸғе •жЈҝ',
  `remark` varchar(500) DEFAULT NULL COMMENT 'жҫ¶еӣЁж•һ',
  `del_flag` char(1) DEFAULT '0' COMMENT 'йҚ’зҠ»ж«ҺйҸҚеӣ§з№”(0:е§қпҪ…зҲ¶ 2:йҚ’зҠ»ж«Һ)',
  PRIMARY KEY (`list_id`),
  KEY `idx_house_id` (`house_id`)
) ENGINE=InnoDB DEFAULT CHARSET=utf8mb4 COLLATE=utf8mb4_0900_ai_ci COMMENT='йҗ—в•Ғжҗ§еЁ“е‘ӯеҙҹзҗӣ';

-- ----------------------------
-- Records of hz_inventory_list
-- ----------------------------

-- ----------------------------
-- Table structure for hz_invoice
-- ----------------------------
DROP TABLE IF EXISTS `hz_invoice`;
CREATE TABLE `hz_invoice` (
  `invoice_id` bigint(20) NOT NULL AUTO_INCREMENT COMMENT 'йҚҷжҲ гӮЁID',
  `invoice_no` varchar(50) NOT NULL COMMENT 'йҚҷжҲ гӮЁйҚҷйЈҺзҲң',
  `invoice_code` varchar(50) DEFAULT NULL COMMENT 'йҚҷжҲ гӮЁжө пҪҮзҲң',
  `apply_id` bigint(20) NOT NULL COMMENT 'йҗўе® ?ID',
  `tenant_id` bigint(20) NOT NULL COMMENT 'з»үзҶёеҹӣID',
  `invoice_type` char(1) NOT NULL COMMENT 'йҚҷжҲ гӮЁз»«иҜІзҖ·(1:жҫ§зӮІ?з»Ӣеәўж«ҳй–«ж°¬еҪӮз»Ғ?2:жҫ§зӮІ?з»Ӣеәқз¬“йҗўг„ҘеҪӮз»Ғ?',
  `invoice_title` varchar(200) NOT NULL COMMENT 'йҚҷжҲ гӮЁйҺ¶?гҒ”',
  `tax_no` varchar(50) DEFAULT NULL COMMENT 'з»ҫеҙҮв—Јжөңйёҝзҳ‘йҚ’?еҪҝ',
  `invoice_amount` decimal(10,2) NOT NULL COMMENT 'еҜ®?гӮЁй–ІжҲҰ?',
  `tax_amount` decimal(10,2) DEFAULT '0.00' COMMENT 'з»ӢеәЁ?',
  `invoice_date` date DEFAULT NULL COMMENT 'еҜ®?гӮЁйҸғгғҰж№Ў',
  `invoice_pdf` varchar(255) DEFAULT NULL COMMENT 'йҚҷжҲ гӮЁPDF',
  `invoice_status` char(1) DEFAULT '0' COMMENT 'йҚҷжҲ гӮЁйҗҳиҲө?(0:е§қпҪ…зҲ¶ 1:е®ёи№ӯз¶”жҗҙ?',
  `void_reason` varchar(500) DEFAULT NULL COMMENT 'жөЈж»ғз°ҫйҚҳзҶ·жҙң',
  `void_time` datetime DEFAULT NULL COMMENT 'жөЈж»ғз°ҫйҸғе •жЈҝ',
  `create_by` varchar(64) DEFAULT '' COMMENT 'йҚ’ж¶ҳзј“й‘°',
  `create_time` datetime DEFAULT NULL COMMENT 'йҚ’ж¶ҳзј“йҸғе •жЈҝ',
  `update_by` varchar(64) DEFAULT '' COMMENT 'йҸҮеӯҳжҹҠй‘°',
  `update_time` datetime DEFAULT NULL COMMENT 'йҸҮеӯҳжҹҠйҸғе •жЈҝ',
  `remark` varchar(500) DEFAULT NULL COMMENT 'жҫ¶еӣЁж•һ',
  `del_flag` char(1) DEFAULT '0' COMMENT 'йҚ’зҠ»ж«ҺйҸҚеӣ§з№”(0:е§қпҪ…зҲ¶ 2:йҚ’зҠ»ж«Һ)',
  PRIMARY KEY (`invoice_id`),
  UNIQUE KEY `uk_invoice_no` (`invoice_no`),
  KEY `idx_apply_id` (`apply_id`)
) ENGINE=InnoDB DEFAULT CHARSET=utf8mb4 COLLATE=utf8mb4_0900_ai_ci COMMENT='йҚҷжҲ гӮЁзҗӣ';

-- ----------------------------
-- Records of hz_invoice
-- ----------------------------

-- ----------------------------
-- Table structure for hz_invoice_apply
-- ----------------------------
DROP TABLE IF EXISTS `hz_invoice_apply`;
CREATE TABLE `hz_invoice_apply` (
  `apply_id` bigint(20) NOT NULL AUTO_INCREMENT COMMENT 'йҗўе® ?ID',
  `apply_no` varchar(50) NOT NULL COMMENT 'йҗўе® ?зјӮж §еҪҝ',
  `tenant_id` bigint(20) NOT NULL COMMENT 'з»үзҶёеҹӣID',
  `tenant_name` varchar(50) NOT NULL COMMENT 'з»үзҶёеҹӣжҝ®ж’іжӮ•',
  `invoice_type` char(1) NOT NULL COMMENT 'йҚҷжҲ гӮЁз»«иҜІзҖ·(1:жҫ§зӮІ?з»Ӣеәўж«ҳй–«ж°¬еҪӮз»Ғ?2:жҫ§зӮІ?з»Ӣеәқз¬“йҗўг„ҘеҪӮз»Ғ?',
  `invoice_title` varchar(200) NOT NULL COMMENT 'йҚҷжҲ гӮЁйҺ¶?гҒ”',
  `tax_no` varchar(50) DEFAULT NULL COMMENT 'з»ҫеҙҮв—Јжөңйёҝзҳ‘йҚ’?еҪҝ',
  `company_address` varchar(255) DEFAULT NULL COMMENT 'йҚ—жӣҡз¶…йҚҰжқҝжҪғ',
  `company_phone` varchar(20) DEFAULT NULL COMMENT 'йҚ—жӣҡз¶…йҗўдҪғзҳҪ',
  `bank_name` varchar(100) DEFAULT NULL COMMENT 'еҜ®?еҹӣзҗӣ',
  `bank_account` varchar(50) DEFAULT NULL COMMENT 'й–ҫжғ°?з’җп№ҖеҪҝ',
  `invoice_amount` decimal(10,2) NOT NULL COMMENT 'еҜ®?гӮЁй–ІжҲҰ?',
  `invoice_content` varchar(500) DEFAULT NULL COMMENT 'еҜ®?гӮЁйҚҗе‘ӯ?',
  `bill_ids` varchar(500) DEFAULT NULL COMMENT 'з’җп№ҖеҙҹIDйҚ’жҘ„гҖғ(жҫ¶ж°«йҮңйҗўг„©?йҚҷеі°еһҺй—…?',
  `email` varchar(100) DEFAULT NULL COMMENT 'йҺәгғҰж•№й–ӯ??',
  `receiver_name` varchar(50) DEFAULT NULL COMMENT 'йҸҖжңөж¬ўжөңе“„?йҚҡ',
  `receiver_phone` varchar(20) DEFAULT NULL COMMENT 'йҸҖжңөж¬ўжөңиҷ№ж•ёз’Ү',
  `receiver_address` varchar(255) DEFAULT NULL COMMENT 'йҸҖжңөж¬ўйҚҰжқҝжҪғ',
  `apply_time` datetime DEFAULT NULL COMMENT 'йҗўе® ?йҸғе •жЈҝ',
  `apply_status` char(1) DEFAULT '0' COMMENT 'йҗўе® ?йҗҳиҲө?(0:еҜ°е‘ӯ?йҸҚ?1:е®ёжҸ’зҙ‘з»Ғ?2:е®ёжҹҘв”ҸйҚҘ?3:е®ёжҹҘеҒ–зҖө?',
  `approve_by` varchar(64) DEFAULT NULL COMMENT 'зҖ№в„ғеЈ’жөң',
  `approve_time` datetime DEFAULT NULL COMMENT 'зҖ№в„ғеЈ’йҸғе •жЈҝ',
  `reject_reason` varchar(500) DEFAULT NULL COMMENT 'жӨ№еҶІжҙ–йҚҳзҶ·жҙң',
  `create_by` varchar(64) DEFAULT '' COMMENT 'йҚ’ж¶ҳзј“й‘°',
  `create_time` datetime DEFAULT NULL COMMENT 'йҚ’ж¶ҳзј“йҸғе •жЈҝ',
  `update_by` varchar(64) DEFAULT '' COMMENT 'йҸҮеӯҳжҹҠй‘°',
  `update_time` datetime DEFAULT NULL COMMENT 'йҸҮеӯҳжҹҠйҸғе •жЈҝ',
  `remark` varchar(500) DEFAULT NULL COMMENT 'жҫ¶еӣЁж•һ',
  `del_flag` char(1) DEFAULT '0' COMMENT 'йҚ’зҠ»ж«ҺйҸҚеӣ§з№”(0:е§қпҪ…зҲ¶ 2:йҚ’зҠ»ж«Һ)',
  PRIMARY KEY (`apply_id`),
  UNIQUE KEY `uk_apply_no` (`apply_no`),
  KEY `idx_tenant_id` (`tenant_id`)
) ENGINE=InnoDB DEFAULT CHARSET=utf8mb4 COLLATE=utf8mb4_0900_ai_ci COMMENT='еҜ®?гӮЁйҗўе® ?зҗӣ';

-- ----------------------------
-- Records of hz_invoice_apply
-- ----------------------------

-- ----------------------------
-- Table structure for hz_invoice_attachment
-- ----------------------------
DROP TABLE IF EXISTS `hz_invoice_attachment`;
CREATE TABLE `hz_invoice_attachment` (
  `attachment_id` bigint(20) NOT NULL AUTO_INCREMENT COMMENT 'й—„еӢӘж¬ўID',
  `invoice_id` bigint(20) NOT NULL COMMENT 'йҚҷжҲ гӮЁID',
  `attachment_name` varchar(100) NOT NULL COMMENT 'й—„еӢӘж¬ўйҚҡе¶ҮРһ',
  `attachment_url` varchar(255) NOT NULL COMMENT 'й—„еӢӘж¬ўURL',
  `attachment_type` varchar(20) DEFAULT NULL COMMENT 'й—„еӢӘж¬ўз»«иҜІзҖ·',
  `file_size` bigint(20) DEFAULT NULL COMMENT 'йҸӮеӣҰж¬ўжҫ¶Сғзҡ¬(зҖӣжҘ„еҰӯ)',
  `create_by` varchar(64) DEFAULT '' COMMENT 'йҚ’ж¶ҳзј“й‘°',
  `create_time` datetime DEFAULT NULL COMMENT 'йҚ’ж¶ҳзј“йҸғе •жЈҝ',
  `update_by` varchar(64) DEFAULT '' COMMENT 'йҸҮеӯҳжҹҠй‘°',
  `update_time` datetime DEFAULT NULL COMMENT 'йҸҮеӯҳжҹҠйҸғе •жЈҝ',
  `remark` varchar(500) DEFAULT NULL COMMENT 'жҫ¶еӣЁж•һ',
  `del_flag` char(1) DEFAULT '0' COMMENT 'йҚ’зҠ»ж«ҺйҸҚеӣ§з№”(0:е§қпҪ…зҲ¶ 2:йҚ’зҠ»ж«Һ)',
  PRIMARY KEY (`attachment_id`),
  KEY `idx_invoice_id` (`invoice_id`)
) ENGINE=InnoDB DEFAULT CHARSET=utf8mb4 COLLATE=utf8mb4_0900_ai_ci COMMENT='йҚҷжҲ гӮЁй—„еӢӘж¬ўзҗӣ';

-- ----------------------------
-- Records of hz_invoice_attachment
-- ----------------------------

-- ----------------------------
-- Table structure for hz_item_status
-- ----------------------------
DROP TABLE IF EXISTS `hz_item_status`;
CREATE TABLE `hz_item_status` (
  `status_id` bigint(20) NOT NULL AUTO_INCREMENT COMMENT 'йҗҳиҲө?ID',
  `list_id` bigint(20) NOT NULL COMMENT 'еЁ“е‘ӯеҙҹID',
  `item_name` varchar(100) NOT NULL COMMENT 'йҗ—в•Ғжҗ§йҚҡе¶ҮРһ',
  `item_category` varchar(50) DEFAULT NULL COMMENT 'йҗ—в•Ғжҗ§йҚ’е—ҷиў«',
  `quantity` int(11) DEFAULT '1' COMMENT 'йҸҒдјҙеҷә',
  `item_status` varchar(20) DEFAULT NULL COMMENT 'йҗ—в•Ғжҗ§йҗҳиҲө?(зҖ№еұҪгӮҪ/йҺ№зҶ·жҪ–/зјӮе“„гҒ‘)',
  `damage_level` varchar(20) DEFAULT NULL COMMENT 'йҺ№зҶ·жҪ–з»Ӣе¬Әе®і',
  `item_photo` varchar(255) DEFAULT NULL COMMENT 'йҗ—в•Ғжҗ§йҗ“С…еў–',
  `sort_order` int(11) DEFAULT '0' COMMENT 'йҸ„еү§гҒҡжӨӨе“„з°ӯ',
  `create_by` varchar(64) DEFAULT '' COMMENT 'йҚ’ж¶ҳзј“й‘°',
  `create_time` datetime DEFAULT NULL COMMENT 'йҚ’ж¶ҳзј“йҸғе •жЈҝ',
  `update_by` varchar(64) DEFAULT '' COMMENT 'йҸҮеӯҳжҹҠй‘°',
  `update_time` datetime DEFAULT NULL COMMENT 'йҸҮеӯҳжҹҠйҸғе •жЈҝ',
  `remark` varchar(500) DEFAULT NULL COMMENT 'жҫ¶еӣЁж•һ',
  `del_flag` char(1) DEFAULT '0' COMMENT 'йҚ’зҠ»ж«ҺйҸҚеӣ§з№”(0:е§қпҪ…зҲ¶ 2:йҚ’зҠ»ж«Һ)',
  PRIMARY KEY (`status_id`),
  KEY `idx_list_id` (`list_id`)
) ENGINE=InnoDB DEFAULT CHARSET=utf8mb4 COLLATE=utf8mb4_0900_ai_ci COMMENT='йҗ—в•Ғжҗ§йҗҳиҲө?зҗӣ';

-- ----------------------------
-- Records of hz_item_status
-- ----------------------------

-- ----------------------------
-- Table structure for hz_map_point
-- ----------------------------
DROP TABLE IF EXISTS `hz_map_point`;
CREATE TABLE `hz_map_point` (
  `point_id` bigint(20) NOT NULL AUTO_INCREMENT COMMENT 'йҗҗйҖӣз¶…ID',
  `project_id` bigint(20) NOT NULL COMMENT 'жӨӨеңӯжҙ°ID',
  `point_name` varchar(100) NOT NULL COMMENT 'йҗҗйҖӣз¶…йҚҡе¶ҮРһ',
  `longitude` decimal(10,7) NOT NULL COMMENT 'зјҒеҝ“е®і',
  `latitude` decimal(10,7) NOT NULL COMMENT 'з»ҫ?е®і',
  `marker_icon` varchar(255) DEFAULT NULL COMMENT 'йҸҚеӣӘ?йҚҘзӮ¬зҲЈ',
  `status` char(1) DEFAULT '0' COMMENT 'йҗҳиҲө?(0:е§қпҪ…зҲ¶ 1:йҚӢж»…ж•Ө)',
  `create_by` varchar(64) DEFAULT '' COMMENT 'йҚ’ж¶ҳзј“й‘°',
  `create_time` datetime DEFAULT NULL COMMENT 'йҚ’ж¶ҳзј“йҸғе •жЈҝ',
  `update_by` varchar(64) DEFAULT '' COMMENT 'йҸҮеӯҳжҹҠй‘°',
  `update_time` datetime DEFAULT NULL COMMENT 'йҸҮеӯҳжҹҠйҸғе •жЈҝ',
  `remark` varchar(500) DEFAULT NULL COMMENT 'жҫ¶еӣЁж•һ',
  `del_flag` char(1) DEFAULT '0' COMMENT 'йҚ’зҠ»ж«ҺйҸҚеӣ§з№”(0:е§қпҪ…зҲ¶ 2:йҚ’зҠ»ж«Һ)',
  PRIMARY KEY (`point_id`),
  KEY `idx_project_id` (`project_id`)
) ENGINE=InnoDB DEFAULT CHARSET=utf8mb4 COLLATE=utf8mb4_0900_ai_ci COMMENT='йҚҰжқҝжөҳйҺөзӮ¬еҹ§йҗҗйҖӣз¶…зҗӣ';

-- ----------------------------
-- Records of hz_map_point
-- ----------------------------

-- ----------------------------
-- Table structure for hz_message
-- ----------------------------
DROP TABLE IF EXISTS `hz_message`;
CREATE TABLE `hz_message` (
  `message_id` bigint(20) NOT NULL AUTO_INCREMENT COMMENT 'еЁ‘е ҹдј…ID',
  `message_type` char(1) NOT NULL COMMENT 'еЁ‘е ҹдј…з»«иҜІзҖ·(1:з»ҜиҚӨзІәй–«ж°ұз…Ў 2:йҗӯ?дҝҠ 3:й–ӯ?ж¬ў)',
  `template_id` bigint(20) DEFAULT NULL COMMENT 'еҰҜв„ғжҫҳID',
  `receiver_id` bigint(20) NOT NULL COMMENT 'йҺәгғҰж•№жөңзҜ’D',
  `receiver_name` varchar(50) DEFAULT NULL COMMENT 'йҺәгғҰж•№жөңе“„?йҚҡ',
  `receiver_phone` varchar(20) DEFAULT NULL COMMENT 'йҺәгғҰж•№жөңзғҳеўңйҸҲ',
  `receiver_email` varchar(100) DEFAULT NULL COMMENT 'йҺәгғҰж•№жөңжҙӘеҒ–з» ',
  `message_title` varchar(200) DEFAULT NULL COMMENT 'еЁ‘е ҹдј…йҸҚеӣ¬?',
  `message_content` text NOT NULL COMMENT 'еЁ‘е ҹдј…йҚҗе‘ӯ?',
  `send_time` datetime DEFAULT NULL COMMENT 'йҚҷжҲҰ?йҸғе •жЈҝ',
  `send_status` char(1) DEFAULT '0' COMMENT 'йҚҷжҲҰ?йҗҳиҲө?(0:еҜ°е‘ӯеҪӮй–«?1:е®ёжҸ’еҪӮй–«?2:йҚҷжҲҰ?жҫ¶иҫ«и§Ұ)',
  `read_status` char(1) DEFAULT '0' COMMENT 'й—ғе‘°?йҗҳиҲө?(0:йҸҲ?? 1:е®ёиҢ¶?)',
  `read_time` datetime DEFAULT NULL COMMENT 'й—ғе‘°?йҸғе •жЈҝ',
  `create_by` varchar(64) DEFAULT '' COMMENT 'йҚ’ж¶ҳзј“й‘°',
  `create_time` datetime DEFAULT NULL COMMENT 'йҚ’ж¶ҳзј“йҸғе •жЈҝ',
  `update_by` varchar(64) DEFAULT '' COMMENT 'йҸҮеӯҳжҹҠй‘°',
  `update_time` datetime DEFAULT NULL COMMENT 'йҸҮеӯҳжҹҠйҸғе •жЈҝ',
  `remark` varchar(500) DEFAULT NULL COMMENT 'жҫ¶еӣЁж•һ',
  `del_flag` char(1) DEFAULT '0' COMMENT 'йҚ’зҠ»ж«ҺйҸҚеӣ§з№”(0:е§қпҪ…зҲ¶ 2:йҚ’зҠ»ж«Һ)',
  PRIMARY KEY (`message_id`),
  KEY `idx_receiver_id` (`receiver_id`)
) ENGINE=InnoDB DEFAULT CHARSET=utf8mb4 COLLATE=utf8mb4_0900_ai_ci COMMENT='еЁ‘е ҹдј…з’Ғжқҝз¶Қзҗӣ';

-- ----------------------------
-- Records of hz_message
-- ----------------------------

-- ----------------------------
-- Table structure for hz_message_template
-- ----------------------------
DROP TABLE IF EXISTS `hz_message_template`;
CREATE TABLE `hz_message_template` (
  `template_id` bigint(20) NOT NULL AUTO_INCREMENT COMMENT 'еҰҜв„ғжҫҳID',
  `template_code` varchar(50) NOT NULL COMMENT 'еҰҜв„ғжҫҳзјӮж «зҲң',
  `template_name` varchar(100) NOT NULL COMMENT 'еҰҜв„ғжҫҳйҚҡе¶ҮРһ',
  `template_type` char(1) NOT NULL COMMENT 'еҰҜв„ғжҫҳз»«иҜІзҖ·(1:з»ҜиҚӨзІәй–«ж°ұз…Ў 2:йҗӯ?дҝҠ 3:й–ӯ?ж¬ў)',
  `template_content` text NOT NULL COMMENT 'еҰҜв„ғжҫҳйҚҗе‘ӯ?(йҸҖ?еҜ”йҚ—зҠұз¶…з»—?',
  `status` char(1) DEFAULT '0' COMMENT 'йҗҳиҲө?(0:е§қпҪ…зҲ¶ 1:йҚӢж»…ж•Ө)',
  `create_by` varchar(64) DEFAULT '' COMMENT 'йҚ’ж¶ҳзј“й‘°',
  `create_time` datetime DEFAULT NULL COMMENT 'йҚ’ж¶ҳзј“йҸғе •жЈҝ',
  `update_by` varchar(64) DEFAULT '' COMMENT 'йҸҮеӯҳжҹҠй‘°',
  `update_time` datetime DEFAULT NULL COMMENT 'йҸҮеӯҳжҹҠйҸғе •жЈҝ',
  `remark` varchar(500) DEFAULT NULL COMMENT 'жҫ¶еӣЁж•һ',
  `del_flag` char(1) DEFAULT '0' COMMENT 'йҚ’зҠ»ж«ҺйҸҚеӣ§з№”(0:е§қпҪ…зҲ¶ 2:йҚ’зҠ»ж«Һ)',
  PRIMARY KEY (`template_id`),
  UNIQUE KEY `uk_template_code` (`template_code`)
) ENGINE=InnoDB DEFAULT CHARSET=utf8mb4 COLLATE=utf8mb4_0900_ai_ci COMMENT='еЁ‘е ҹдј…еҰҜв„ғжҫҳзҗӣ';

-- ----------------------------
-- Records of hz_message_template
-- ----------------------------

-- ----------------------------
-- Table structure for hz_operation_config
-- ----------------------------
DROP TABLE IF EXISTS `hz_operation_config`;
CREATE TABLE `hz_operation_config` (
  `config_id` bigint(20) NOT NULL AUTO_INCREMENT COMMENT 'й–°е¶Үз–ҶID',
  `config_key` varchar(50) NOT NULL COMMENT 'й–°е¶Үз–Ҷй–ҝ',
  `config_value` text NOT NULL COMMENT 'й–°е¶Үз–ҶйҚҠ',
  `config_desc` varchar(200) DEFAULT NULL COMMENT 'й–°е¶Үз–ҶйҺ»еҝҡе Ә',
  `config_type` varchar(50) DEFAULT NULL COMMENT 'й–°е¶Үз–Ҷз»«иҜІзҖ·',
  `status` char(1) DEFAULT '0' COMMENT 'йҗҳиҲө?(0:е§қпҪ…зҲ¶ 1:йҚӢж»…ж•Ө)',
  `create_by` varchar(64) DEFAULT '' COMMENT 'йҚ’ж¶ҳзј“й‘°',
  `create_time` datetime DEFAULT NULL COMMENT 'йҚ’ж¶ҳзј“йҸғе •жЈҝ',
  `update_by` varchar(64) DEFAULT '' COMMENT 'йҸҮеӯҳжҹҠй‘°',
  `update_time` datetime DEFAULT NULL COMMENT 'йҸҮеӯҳжҹҠйҸғе •жЈҝ',
  `remark` varchar(500) DEFAULT NULL COMMENT 'жҫ¶еӣЁж•һ',
  `del_flag` char(1) DEFAULT '0' COMMENT 'йҚ’зҠ»ж«ҺйҸҚеӣ§з№”(0:е§қпҪ…зҲ¶ 2:йҚ’зҠ»ж«Һ)',
  PRIMARY KEY (`config_id`),
  UNIQUE KEY `uk_config_key` (`config_key`)
) ENGINE=InnoDB DEFAULT CHARSET=utf8mb4 COLLATE=utf8mb4_0900_ai_ci COMMENT='жқ©ж„ҜжғҖй–°е¶Үз–Ҷзҗӣ';

-- ----------------------------
-- Records of hz_operation_config
-- ----------------------------

-- ----------------------------
-- Table structure for hz_payment
-- ----------------------------
DROP TABLE IF EXISTS `hz_payment`;
CREATE TABLE `hz_payment` (
  `payment_id` bigint(20) NOT NULL AUTO_INCREMENT COMMENT 'зјӮзЈӢеһӮID',
  `payment_no` varchar(50) NOT NULL COMMENT 'зјӮзЈӢеһӮзјӮж §еҪҝ',
  `bill_id` bigint(20) NOT NULL COMMENT 'з’җп№ҖеҙҹID',
  `bill_no` varchar(50) NOT NULL COMMENT 'з’җп№ҖеҙҹзјӮж §еҪҝ',
  `tenant_id` bigint(20) NOT NULL COMMENT 'з»үзҶёеҹӣID',
  `tenant_name` varchar(50) NOT NULL COMMENT 'з»үзҶёеҹӣжҝ®ж’іжӮ•',
  `payment_amount` decimal(10,2) NOT NULL COMMENT 'зјӮзЈӢеһӮй–ІжҲҰ?',
  `payment_method` varchar(20) NOT NULL COMMENT 'йҸҖ?зІҜйҸӮз‘°зҙЎ(йҸҖ?зІҜзҖ№?еҜ°?дҝҠ/й–ҫжғ°?йҚ—пј„з“‘)',
  `payment_channel` varchar(20) DEFAULT NULL COMMENT 'йҸҖ?зІҜеЁ“зҠ»дәҫ(еЁ“?е°ҜйҸҖ?зІҜ)',
  `transaction_no` varchar(100) DEFAULT NULL COMMENT 'з»—?з¬ҒйҸӮйҖӣж°ҰйҸ„ж’ҙзҘҰе§ҳжқ‘еҪҝ',
  `payment_time` datetime DEFAULT NULL COMMENT 'йҸҖ?зІҜйҸғе •жЈҝ',
  `payment_status` char(1) DEFAULT '0' COMMENT 'йҸҖ?зІҜйҗҳиҲө?(0:еҜ°е‘®ж•®жө ?1:йҸҖ?зІҜйҺҙж„¬е§ӣ 2:йҸҖ?зІҜжҫ¶иҫ«и§Ұ 3:е®ёжҹҘ?еЁҶ?',
  `callback_time` datetime DEFAULT NULL COMMENT 'йҚҘзӮ¶зҡҹйҸғе •жЈҝ',
  `callback_data` text COMMENT 'йҚҘзӮ¶зҡҹйҸҒзүҲеөҒ',
  `create_by` varchar(64) DEFAULT '' COMMENT 'йҚ’ж¶ҳзј“й‘°',
  `create_time` datetime DEFAULT NULL COMMENT 'йҚ’ж¶ҳзј“йҸғе •жЈҝ',
  `update_by` varchar(64) DEFAULT '' COMMENT 'йҸҮеӯҳжҹҠй‘°',
  `update_time` datetime DEFAULT NULL COMMENT 'йҸҮеӯҳжҹҠйҸғе •жЈҝ',
  `remark` varchar(500) DEFAULT NULL COMMENT 'жҫ¶еӣЁж•һ',
  `del_flag` char(1) DEFAULT '0' COMMENT 'йҚ’зҠ»ж«ҺйҸҚеӣ§з№”(0:е§қпҪ…зҲ¶ 2:йҚ’зҠ»ж«Һ)',
  PRIMARY KEY (`payment_id`),
  UNIQUE KEY `uk_payment_no` (`payment_no`),
  KEY `idx_bill_id` (`bill_id`),
  KEY `idx_tenant_id` (`tenant_id`)
) ENGINE=InnoDB DEFAULT CHARSET=utf8mb4 COLLATE=utf8mb4_0900_ai_ci COMMENT='зјӮзЈӢеһӮз’Ғжқҝз¶Қзҗӣ';

-- ----------------------------
-- Records of hz_payment
-- ----------------------------

-- ----------------------------
-- Table structure for hz_policy
-- ----------------------------
DROP TABLE IF EXISTS `hz_policy`;
CREATE TABLE `hz_policy` (
  `policy_id` bigint(20) NOT NULL AUTO_INCREMENT COMMENT 'йҸҖи·Ёз“ҘID',
  `policy_title` varchar(200) NOT NULL COMMENT 'йҸҖи·Ёз“ҘйҸҚеӣ¬?',
  `policy_no` varchar(50) DEFAULT NULL COMMENT 'йҸҖи·Ёз“ҘйҸӮеӣ§еҪҝ',
  `policy_type` varchar(50) DEFAULT NULL COMMENT 'йҸҖи·Ёз“Ҙз»«иҜІзҖ·',
  `policy_content` text NOT NULL COMMENT 'йҸҖи·Ёз“ҘйҚҗе‘ӯ?',
  `policy_file` varchar(255) DEFAULT NULL COMMENT 'йҸҖи·Ёз“ҘйҸӮеӣҰж¬ўURL',
  `publish_dept` varchar(100) DEFAULT NULL COMMENT 'йҚҷжҲқз«·й–®г„©жЈ¬',
  `publish_date` date DEFAULT NULL COMMENT 'йҚҷжҲқз«·йҸғгғҰж№Ў',
  `effective_date` date DEFAULT NULL COMMENT 'йҗўзҶёжҷҘйҸғгғҰж№Ў',
  `view_count` int(11) DEFAULT '0' COMMENT 'еЁҙеҝҡ?еЁҶв„ғжҡҹ',
  `status` char(1) DEFAULT '0' COMMENT 'йҗҳиҲө?(0:й‘ҪеӨҢ? 1:е®ёжҸ’еҪӮз”Ҝ?2:е®ёи№ӯз¬…з»ҫ?',
  `create_by` varchar(64) DEFAULT '' COMMENT 'йҚ’ж¶ҳзј“й‘°',
  `create_time` datetime DEFAULT NULL COMMENT 'йҚ’ж¶ҳзј“йҸғе •жЈҝ',
  `update_by` varchar(64) DEFAULT '' COMMENT 'йҸҮеӯҳжҹҠй‘°',
  `update_time` datetime DEFAULT NULL COMMENT 'йҸҮеӯҳжҹҠйҸғе •жЈҝ',
  `remark` varchar(500) DEFAULT NULL COMMENT 'жҫ¶еӣЁж•һ',
  `del_flag` char(1) DEFAULT '0' COMMENT 'йҚ’зҠ»ж«ҺйҸҚеӣ§з№”(0:е§қпҪ…зҲ¶ 2:йҚ’зҠ»ж«Һ)',
  PRIMARY KEY (`policy_id`)
) ENGINE=InnoDB DEFAULT CHARSET=utf8mb4 COLLATE=utf8mb4_0900_ai_ci COMMENT='йҸҖи·Ёз“ҘйҸӮеӣҰж¬ўзҗӣ';

-- ----------------------------
-- Records of hz_policy
-- ----------------------------

-- ----------------------------
-- Table structure for hz_project
-- ----------------------------
DROP TABLE IF EXISTS `hz_project`;
CREATE TABLE `hz_project` (
  `project_id` bigint(20) NOT NULL AUTO_INCREMENT COMMENT 'жӨӨеңӯжҙ°ID',
  `project_name` varchar(100) NOT NULL COMMENT 'жӨӨеңӯжҙ°йҚҡе¶ҮРһ',
  `project_code` varchar(50) NOT NULL COMMENT 'жӨӨеңӯжҙ°зјӮж «зҲң',
  `project_type` char(1) NOT NULL COMMENT 'жӨӨеңӯжҙ°з»«иҜІзҖ·(1:жөңзғҳеў йҚҸ?зҳ¬ 2:ж·ҮжҝҲ?йҺҙ?3:з”ҜеӮҡжәҖз»үзҶ»зҘҰ)',
  `address` varchar(255) DEFAULT NULL COMMENT 'жӨӨеңӯжҙ°йҚҰжқҝжҪғ',
  `longitude` decimal(10,7) DEFAULT NULL COMMENT 'зјҒеҝ“е®і',
  `latitude` decimal(10,7) DEFAULT NULL COMMENT 'з»ҫ?е®і',
  `total_buildings` int(11) DEFAULT '0' COMMENT 'йҺ¬з»ҳгӮјйҸҚе¬«жҡҹ',
  `total_houses` int(11) DEFAULT '0' COMMENT 'йҺ¬з»ҳеҹ§е©§ж„ӯжҡҹ',
  `available_houses` int(11) DEFAULT '0' COMMENT 'йҚҷ?ж•ӨйҺҙжҢҺз°®йҸҒ',
  `project_intro` text COMMENT 'жӨӨеңӯжҙ°жө е¬¬зІӣ',
  `cover_image` varchar(255) DEFAULT NULL COMMENT 'йЎ№зӣ®дё»еӣҫ',
  `price` decimal(10,2) DEFAULT NULL COMMENT 'иө·з§ҹд»·ж ј(е…ғ/жңҲ)',
  `facilities` varchar(500) DEFAULT NULL COMMENT 'й–°е¶…?з’ҒзӮ¬жҹҰ(жҫ¶ж°«йҮңйҗўг„©?йҚҷеі°еһҺй—…?',
  `transportation` varchar(500) DEFAULT NULL COMMENT 'жөңгӮү?ж·Үв„ғдј…',
  `manager_id` bigint(20) DEFAULT NULL COMMENT 'жӨӨеңӯжҙ°з’җзҶ»зҹ—жөңзҜ’D',
  `manager_name` varchar(50) DEFAULT NULL COMMENT 'жӨӨеңӯжҙ°з’җзҶ»зҹ—жөңе“„?йҚҡ',
  `manager_phone` varchar(20) DEFAULT NULL COMMENT 'з’җзҶ»зҹ—жөңиҷ№ж•ёз’Ү',
  `status` char(1) DEFAULT '0' COMMENT 'йҗҳиҲө?(0:е§қпҪ…зҲ¶ 1:йҚӢж»…ж•Ө)',
  `sort_order` int(11) DEFAULT '0' COMMENT 'йҸ„еү§гҒҡжӨӨе“„з°ӯ',
  `create_by` varchar(64) DEFAULT '' COMMENT 'йҚ’ж¶ҳзј“й‘°',
  `create_time` datetime DEFAULT NULL COMMENT 'йҚ’ж¶ҳзј“йҸғе •жЈҝ',
  `update_by` varchar(64) DEFAULT '' COMMENT 'йҸҮеӯҳжҹҠй‘°',
  `update_time` datetime DEFAULT NULL COMMENT 'йҸҮеӯҳжҹҠйҸғе •жЈҝ',
  `remark` varchar(500) DEFAULT NULL COMMENT 'жҫ¶еӣЁж•һ',
  `del_flag` char(1) DEFAULT '0' COMMENT 'йҚ’зҠ»ж«ҺйҸҚеӣ§з№”(0:е§қпҪ…зҲ¶ 2:йҚ’зҠ»ж«Һ)',
  PRIMARY KEY (`project_id`),
  UNIQUE KEY `uk_project_code` (`project_code`),
  KEY `idx_project_type` (`project_type`),
  KEY `idx_status` (`status`)
) ENGINE=InnoDB AUTO_INCREMENT=7 DEFAULT CHARSET=utf8mb4 COLLATE=utf8mb4_0900_ai_ci COMMENT='жӨӨеңӯжҙ°зҗӣ';

-- ----------------------------
-- Records of hz_project
-- ----------------------------
INSERT INTO `hz_project` VALUES ('1', 'йҳҝж–Ҝи’ӮиҠ¬', '012', '1', 'йҳҝж–Ҝи’ӮиҠ¬', '123.1210000', '21.1212000', '0', '0', '0', '', '/profile/upload/2026/01/12/еҗҲдҪҸдәә-зҒ°@2x_20260112003348A001.png', '2000.00', 'йҳҝж–Ҝи’ӮиҠ¬,е•ҶдёҡиЎ—,еҒңиҪҰеңә', '00', null, 'wenwang', '18539279011', '0', '0', '', null, '', null, null, '2');
INSERT INTO `hz_project` VALUES ('2', 'жөӢиҜ•1', '56', '1', 'йҳҝж–Ҝи’ӮиҠ¬', '0.0000000', '0.0000000', '50', '500', '200', null, '/profile/upload/2026/01/12/df079c167cae476cb21790c62b610481_20260112015410A003.png', '6000.00', 'еҒңиҪҰеңә,иҝҗеҠЁеңә,жёёжііжұ ,еҒҘиә«жҲҝ', null, null, 'иҸң', '18539279011', '0', '2', '', null, '', null, null, '0');
INSERT INTO `hz_project` VALUES ('3', 'жёҜеҢәжөӢиҜ•йЎ№зӣ®1', '12', '1', 'жёҜеҢәеӨ§жІіи·Ҝ', '0.0000000', '0.0000000', '0', '0', '0', null, '/profile/upload/2026/01/12/5033.jpg_wh300_20260112015248A001.jpg', '5000.00', 'е•ҶдёҡиЎ—', null, null, 'зҺӢйЈһйЈһ', '18539279011', '0', '0', '', null, '', null, null, '0');
INSERT INTO `hz_project` VALUES ('4', 'жёҜеҢәдёҮз§‘еҹҺ', 'wanke', '1', 'жёҜеҢәдёҮз§‘еҹҺ', '0.0000000', '0.0000000', '100', '200', '120', 'иҝҷжҳҜдёӘжөӢиҜ•йЎ№зӣ®', '/profile/upload/2026/01/12/ScreenShot_2026-01-12_015115_648_20260112015403A002.png', '1500.00', 'е•ҶдёҡиЎ—,еҒңиҪҰеңә,иҝҗеҠЁеңә,жёёжііжұ ', null, null, 'йҷҲйЈһйЈһ', '18539279011', '0', '10', '', null, '', null, null, '0');
INSERT INTO `hz_project` VALUES ('5', 'жёҜеҢәйҮ‘з§‘еҹҺ', '3695', '1', 'жёҜеҢәйҮ‘з§‘и·Ҝ395еҸ·', '0.0000000', '0.0000000', '185', '120', '10', null, '/profile/upload/2026/01/12/R-C_20260112015435A004.jpg', '2800.00', 'еҒңиҪҰеңә,е•ҶдёҡиЎ—', null, null, 'жқҺиҸІж•°', '18564659565', '0', '0', '', null, '', null, null, '0');
INSERT INTO `hz_project` VALUES ('6', 'жёҜеҢәжҒ’еӨ§еҹҺ', 'hengda', '2', 'жёҜеҢәй»„жІіи·Ҝ123еҸ·жҒ’еӨ§еҹҺ', '0.0000000', '0.0000000', '100', '100', '10', 'жҡӮж— д»Ӣз»Қ', '/profile/upload/2026/01/12/ScreenShot_2026-01-12_015115_648_20260112031148A001.png', '6300.00', 'еҝ«йҖ’жҹң,еҒңиҪҰеңә,е•ҶдёҡиЎ—,еҢ»з–—е®Ө,иҝҗеҠЁеңә,жёёжііжұ ', null, null, 'е»–еҮЎ', '13695645652', '0', '0', '', null, '', null, null, '0');

-- ----------------------------
-- Table structure for hz_project_manager
-- ----------------------------
DROP TABLE IF EXISTS `hz_project_manager`;
CREATE TABLE `hz_project_manager` (
  `manager_id` bigint(20) NOT NULL AUTO_INCREMENT COMMENT 'з’җзҶ»зҹ—жөңзҜ’D',
  `user_id` bigint(20) DEFAULT NULL COMMENT 'йҚҸе® д»Ҳйҗўг„ҰеҹӣID',
  `manager_name` varchar(50) NOT NULL COMMENT 'з’җзҶ»зҹ—жөңе“„?йҚҡ',
  `phone` varchar(20) NOT NULL COMMENT 'й‘ұж—ӮйғҙйҗўдҪғзҳҪ',
  `email` varchar(100) DEFAULT NULL COMMENT 'й–ӯ??',
  `id_card` varchar(18) DEFAULT NULL COMMENT 'йҹ¬?е”Өз’ҮдҪёеҪҝ',
  `status` char(1) DEFAULT '0' COMMENT 'йҗҳиҲө?(0:е§қпҪ…зҲ¶ 1:йҚӢж»…ж•Ө)',
  `create_by` varchar(64) DEFAULT '' COMMENT 'йҚ’ж¶ҳзј“й‘°',
  `create_time` datetime DEFAULT NULL COMMENT 'йҚ’ж¶ҳзј“йҸғе •жЈҝ',
  `update_by` varchar(64) DEFAULT '' COMMENT 'йҸҮеӯҳжҹҠй‘°',
  `update_time` datetime DEFAULT NULL COMMENT 'йҸҮеӯҳжҹҠйҸғе •жЈҝ',
  `remark` varchar(500) DEFAULT NULL COMMENT 'жҫ¶еӣЁж•һ',
  `del_flag` char(1) DEFAULT '0' COMMENT 'йҚ’зҠ»ж«ҺйҸҚеӣ§з№”(0:е§қпҪ…зҲ¶ 2:йҚ’зҠ»ж«Һ)',
  PRIMARY KEY (`manager_id`)
) ENGINE=InnoDB DEFAULT CHARSET=utf8mb4 COLLATE=utf8mb4_0900_ai_ci COMMENT='жӨӨеңӯжҙ°з’җзҶ»зҹ—жөңйёҝгҖғ';

-- ----------------------------
-- Records of hz_project_manager
-- ----------------------------

-- ----------------------------
-- Table structure for hz_qualification
-- ----------------------------
DROP TABLE IF EXISTS `hz_qualification`;
CREATE TABLE `hz_qualification` (
  `qualification_id` bigint(20) NOT NULL AUTO_INCREMENT COMMENT 'з’§еӢ¬зүёID',
  `tenant_id` bigint(20) NOT NULL COMMENT 'з»үзҶёеҹӣID',
  `apply_type` char(1) NOT NULL COMMENT 'йҗўе® ?з»«иҜІзҖ·(1:жөңзғҳеў йҚҸ?зҳ¬ 2:ж·ҮжҝҲ?йҺҙ?3:з”ҜеӮҡжәҖз»үзҶ»зҘҰ)',
  `apply_time` datetime DEFAULT NULL COMMENT 'йҗўе® ?йҸғе •жЈҝ',
  `id_card` varchar(18) NOT NULL COMMENT 'йҹ¬?е”Өз’ҮдҪёеҪҝ',
  `name` varchar(50) NOT NULL COMMENT 'жҝ®ж’іжӮ•',
  `phone` varchar(20) NOT NULL COMMENT 'йҺөе¬«жәҖйҚҷ',
  `social_security_months` int(11) DEFAULT '0' COMMENT 'з»ҖеҸҘз№ҡзјӮеҜёж’јйҸҲе ҹжҡҹ',
  `has_local_house` char(1) DEFAULT '0' COMMENT 'йҸҲ?ж№ҙйҸ„?жғҒйҸҲеӨӢеҹ§(0:йҸғ?1:йҸҲ?',
  `education_level` varchar(20) DEFAULT NULL COMMENT 'зҖӣп№Җе·»',
  `marriage_status` varchar(20) DEFAULT NULL COMMENT 'жҝ ж°¬Р©йҗҳи·әе–Ң',
  `household_count` int(11) DEFAULT '1' COMMENT 'зҖ№и·әж¶өжөңе“„еҪӣйҸҒ',
  `work_unit` varchar(100) DEFAULT NULL COMMENT 'е®ёгғӨз¶”йҚ—жӣҡз¶…',
  `monthly_income` decimal(10,2) DEFAULT NULL COMMENT 'йҸҲе ҹж•№йҚҸ?йҚҸ?',
  `auto_check_result` char(1) DEFAULT '0' COMMENT 'й‘·?е§©зҖ№в„ғзүізјҒж’ҙзҒү(0:еҜ°е‘ӯ?йҸҚ?1:й–«ж°із№ғ 2:ж¶“е¶ү?жқ©?',
  `auto_check_reason` varchar(500) DEFAULT NULL COMMENT 'й‘·?е§©зҖ№в„ғзүійҚҳзҶ·жҙң',
  `manual_check_result` char(1) DEFAULT NULL COMMENT 'жөңе“„дјҗзҖ№в„ғзүізјҒж’ҙзҒү(0:еҜ°е‘ӯ?йҸҚ?1:й–«ж°із№ғ 2:ж¶“е¶ү?жқ©?',
  `manual_check_reason` varchar(500) DEFAULT NULL COMMENT 'жөңе“„дјҗзҖ№в„ғзүійҚҳзҶ·жҙң',
  `final_result` char(1) DEFAULT '0' COMMENT 'йҸҲ?зІ“зјҒж’ҙзҒү(0:еҜ°е‘ӯ?йҸҚ?1:й–«ж°із№ғ 2:ж¶“е¶ү?жқ©?',
  `check_by` varchar(64) DEFAULT NULL COMMENT 'зҖ№в„ғзүіжөң',
  `check_time` datetime DEFAULT NULL COMMENT 'зҖ№в„ғзүійҸғе •жЈҝ',
  `status` char(1) DEFAULT '0' COMMENT 'йҗҳиҲө?(0:еҜ°е‘ӯ?йҸҚ?1:зҖ№в„ғзүіж¶“?2:е®ёжҸ’?йҸҚ?',
  `create_by` varchar(64) DEFAULT '' COMMENT 'йҚ’ж¶ҳзј“й‘°',
  `create_time` datetime DEFAULT NULL COMMENT 'йҚ’ж¶ҳзј“йҸғе •жЈҝ',
  `update_by` varchar(64) DEFAULT '' COMMENT 'йҸҮеӯҳжҹҠй‘°',
  `update_time` datetime DEFAULT NULL COMMENT 'йҸҮеӯҳжҹҠйҸғе •жЈҝ',
  `remark` varchar(500) DEFAULT NULL COMMENT 'жҫ¶еӣЁж•һ',
  `del_flag` char(1) DEFAULT '0' COMMENT 'йҚ’зҠ»ж«ҺйҸҚеӣ§з№”(0:е§қпҪ…зҲ¶ 2:йҚ’зҠ»ж«Һ)',
  PRIMARY KEY (`qualification_id`),
  KEY `idx_tenant_id` (`tenant_id`),
  KEY `idx_apply_type` (`apply_type`),
  KEY `idx_final_result` (`final_result`)
) ENGINE=InnoDB DEFAULT CHARSET=utf8mb4 COLLATE=utf8mb4_0900_ai_ci COMMENT='з’§еӢ¬зүёзҖ№в„ғзүізҗӣ';

-- ----------------------------
-- Records of hz_qualification
-- ----------------------------

-- ----------------------------
-- Table structure for hz_qualification_appeal
-- ----------------------------
DROP TABLE IF EXISTS `hz_qualification_appeal`;
CREATE TABLE `hz_qualification_appeal` (
  `appeal_id` bigint(20) NOT NULL AUTO_INCREMENT COMMENT 'йҗўе® зҳ”ID',
  `qualification_id` bigint(20) NOT NULL COMMENT 'з’§еӢ¬зүёID',
  `tenant_id` bigint(20) NOT NULL COMMENT 'з»үзҶёеҹӣID',
  `appeal_reason` text NOT NULL COMMENT 'йҗўе® зҳ”йҗһе—ҷж•ұ',
  `appeal_attachments` varchar(1000) DEFAULT NULL COMMENT 'йҗўе® зҳ”й—„еӢӘж¬ў(жҫ¶ж°«йҮңйҗўг„©?йҚҷеі°еһҺй—…?',
  `appeal_time` datetime DEFAULT NULL COMMENT 'йҗўе® зҳ”йҸғе •жЈҝ',
  `handle_result` char(1) DEFAULT '0' COMMENT 'жҫ¶еӢӯжӮҠзјҒж’ҙзҒү(0:еҜ°е‘ӯ?йҗһ?1:й–«ж°із№ғ 2:жӨ№еҶІжҙ–)',
  `handle_opinion` varchar(500) DEFAULT NULL COMMENT 'жҫ¶еӢӯжӮҠйҺ°еҝҡ?',
  `handle_by` varchar(64) DEFAULT NULL COMMENT 'жҫ¶еӢӯжӮҠжөң',
  `handle_time` datetime DEFAULT NULL COMMENT 'жҫ¶еӢӯжӮҠйҸғе •жЈҝ',
  `status` char(1) DEFAULT '0' COMMENT 'йҗҳиҲө?(0:еҜ°е‘ӯ?йҗһ?1:е®ёжҸ’?йҗһ?',
  `create_by` varchar(64) DEFAULT '' COMMENT 'йҚ’ж¶ҳзј“й‘°',
  `create_time` datetime DEFAULT NULL COMMENT 'йҚ’ж¶ҳзј“йҸғе •жЈҝ',
  `update_by` varchar(64) DEFAULT '' COMMENT 'йҸҮеӯҳжҹҠй‘°',
  `update_time` datetime DEFAULT NULL COMMENT 'йҸҮеӯҳжҹҠйҸғе •жЈҝ',
  `remark` varchar(500) DEFAULT NULL COMMENT 'жҫ¶еӣЁж•һ',
  `del_flag` char(1) DEFAULT '0' COMMENT 'йҚ’зҠ»ж«ҺйҸҚеӣ§з№”(0:е§қпҪ…зҲ¶ 2:йҚ’зҠ»ж«Һ)',
  PRIMARY KEY (`appeal_id`),
  KEY `idx_qualification_id` (`qualification_id`),
  KEY `idx_tenant_id` (`tenant_id`)
) ENGINE=InnoDB DEFAULT CHARSET=utf8mb4 COLLATE=utf8mb4_0900_ai_ci COMMENT='з’§еӢ¬зүёйҗўе® зҳ”зҗӣ';

-- ----------------------------
-- Records of hz_qualification_appeal
-- ----------------------------

-- ----------------------------
-- Table structure for hz_refund_apply
-- ----------------------------
DROP TABLE IF EXISTS `hz_refund_apply`;
CREATE TABLE `hz_refund_apply` (
  `apply_id` bigint(20) NOT NULL AUTO_INCREMENT COMMENT 'йҗўе® ?ID',
  `apply_no` varchar(50) NOT NULL COMMENT 'йҗўе® ?зјӮж §еҪҝ',
  `payment_id` bigint(20) NOT NULL COMMENT 'зјӮзЈӢеһӮID',
  `tenant_id` bigint(20) NOT NULL COMMENT 'з»үзҶёеҹӣID',
  `tenant_name` varchar(50) NOT NULL COMMENT 'з»үзҶёеҹӣжҝ®ж’іжӮ•',
  `refund_amount` decimal(10,2) NOT NULL COMMENT 'й–«??й–ІжҲҰ?',
  `refund_reason` varchar(500) NOT NULL COMMENT 'й–«??йҚҳзҶ·жҙң',
  `apply_time` datetime DEFAULT NULL COMMENT 'йҗўе® ?йҸғе •жЈҝ',
  `bank_name` varchar(100) DEFAULT NULL COMMENT 'еҜ®?еҹӣзҗӣ',
  `bank_account` varchar(50) DEFAULT NULL COMMENT 'й–ҫжғ°?з’җп№ҖеҪҝ',
  `account_name` varchar(50) DEFAULT NULL COMMENT 'з’җпёҪеҹӣйҚҡ',
  `approve_status` char(1) DEFAULT '0' COMMENT 'зҖ№в„ғеЈ’йҗҳиҲө?(0:еҜ°е‘ӯ?йҺө?1:е®ёжҹҘ?жқ©?2:е®ёжҹҘв”ҸйҚҘ?',
  `approve_by` varchar(64) DEFAULT NULL COMMENT 'зҖ№в„ғеЈ’жөң',
  `approve_time` datetime DEFAULT NULL COMMENT 'зҖ№в„ғеЈ’йҸғе •жЈҝ',
  `approve_opinion` varchar(500) DEFAULT NULL COMMENT 'зҖ№в„ғеЈ’йҺ°еҝҡ?',
  `create_by` varchar(64) DEFAULT '' COMMENT 'йҚ’ж¶ҳзј“й‘°',
  `create_time` datetime DEFAULT NULL COMMENT 'йҚ’ж¶ҳзј“йҸғе •жЈҝ',
  `update_by` varchar(64) DEFAULT '' COMMENT 'йҸҮеӯҳжҹҠй‘°',
  `update_time` datetime DEFAULT NULL COMMENT 'йҸҮеӯҳжҹҠйҸғе •жЈҝ',
  `remark` varchar(500) DEFAULT NULL COMMENT 'жҫ¶еӣЁж•һ',
  `del_flag` char(1) DEFAULT '0' COMMENT 'йҚ’зҠ»ж«ҺйҸҚеӣ§з№”(0:е§қпҪ…зҲ¶ 2:йҚ’зҠ»ж«Һ)',
  PRIMARY KEY (`apply_id`),
  UNIQUE KEY `uk_apply_no` (`apply_no`),
  KEY `idx_payment_id` (`payment_id`),
  KEY `idx_tenant_id` (`tenant_id`)
) ENGINE=InnoDB DEFAULT CHARSET=utf8mb4 COLLATE=utf8mb4_0900_ai_ci COMMENT='й–«??йҗўе® ?зҗӣ';

-- ----------------------------
-- Records of hz_refund_apply
-- ----------------------------

-- ----------------------------
-- Table structure for hz_refund_record
-- ----------------------------
DROP TABLE IF EXISTS `hz_refund_record`;
CREATE TABLE `hz_refund_record` (
  `record_id` bigint(20) NOT NULL AUTO_INCREMENT COMMENT 'з’Ғжқҝз¶ҚID',
  `refund_no` varchar(50) NOT NULL COMMENT 'й–«??зјӮж §еҪҝ',
  `apply_id` bigint(20) NOT NULL COMMENT 'йҗўе® ?ID',
  `payment_id` bigint(20) NOT NULL COMMENT 'зјӮзЈӢеһӮID',
  `tenant_id` bigint(20) NOT NULL COMMENT 'з»үзҶёеҹӣID',
  `refund_amount` decimal(10,2) NOT NULL COMMENT 'й–«??й–ІжҲҰ?',
  `refund_method` varchar(20) DEFAULT NULL COMMENT 'й–«??йҸӮз‘°зҙЎ',
  `refund_account` varchar(100) DEFAULT NULL COMMENT 'й–«??з’җпёҪеҹӣ',
  `transaction_no` varchar(100) DEFAULT NULL COMMENT 'жөңгӮҶж§—еЁҙдҪ№жҢүйҚҷ',
  `refund_time` datetime DEFAULT NULL COMMENT 'й–«??йҸғе •жЈҝ',
  `refund_status` char(1) DEFAULT '0' COMMENT 'й–«??йҗҳиҲө?(0:жҫ¶еӢӯжӮҠж¶“?1:йҺҙж„¬е§ӣ 2:жҫ¶иҫ«и§Ұ)',
  `fail_reason` varchar(500) DEFAULT NULL COMMENT 'жҫ¶иҫ«и§ҰйҚҳзҶ·жҙң',
  `create_by` varchar(64) DEFAULT '' COMMENT 'йҚ’ж¶ҳзј“й‘°',
  `create_time` datetime DEFAULT NULL COMMENT 'йҚ’ж¶ҳзј“йҸғе •жЈҝ',
  `update_by` varchar(64) DEFAULT '' COMMENT 'йҸҮеӯҳжҹҠй‘°',
  `update_time` datetime DEFAULT NULL COMMENT 'йҸҮеӯҳжҹҠйҸғе •жЈҝ',
  `remark` varchar(500) DEFAULT NULL COMMENT 'жҫ¶еӣЁж•һ',
  `del_flag` char(1) DEFAULT '0' COMMENT 'йҚ’зҠ»ж«ҺйҸҚеӣ§з№”(0:е§қпҪ…зҲ¶ 2:йҚ’зҠ»ж«Һ)',
  PRIMARY KEY (`record_id`),
  UNIQUE KEY `uk_refund_no` (`refund_no`),
  KEY `idx_apply_id` (`apply_id`),
  KEY `idx_payment_id` (`payment_id`)
) ENGINE=InnoDB DEFAULT CHARSET=utf8mb4 COLLATE=utf8mb4_0900_ai_ci COMMENT='й–«??з’Ғжқҝз¶Қзҗӣ';

-- ----------------------------
-- Records of hz_refund_record
-- ----------------------------

-- ----------------------------
-- Table structure for hz_shortcut
-- ----------------------------
DROP TABLE IF EXISTS `hz_shortcut`;
CREATE TABLE `hz_shortcut` (
  `shortcut_id` bigint(20) NOT NULL AUTO_INCREMENT COMMENT 'и№Ү?еөҺйҚҸгғҘеҪӣID',
  `shortcut_name` varchar(50) NOT NULL COMMENT 'йҚҸгғҘеҪӣйҚҡе¶ҮРһ',
  `shortcut_icon` varchar(255) NOT NULL COMMENT 'йҚҸгғҘеҪӣйҚҘзӮ¬зҲЈ',
  `shortcut_url` varchar(255) NOT NULL COMMENT 'з’әе® жөҶй–ҫзӮ¬еёҙ',
  `shortcut_type` varchar(50) DEFAULT NULL COMMENT 'йҚҸгғҘеҪӣз»«иҜІзҖ·',
  `sort_order` int(11) DEFAULT '0' COMMENT 'йҸ„еү§гҒҡжӨӨе“„з°ӯ',
  `status` char(1) DEFAULT '0' COMMENT 'йҗҳиҲө?(0:е§қпҪ…зҲ¶ 1:йҚӢж»…ж•Ө)',
  `create_by` varchar(64) DEFAULT '' COMMENT 'йҚ’ж¶ҳзј“й‘°',
  `create_time` datetime DEFAULT NULL COMMENT 'йҚ’ж¶ҳзј“йҸғе •жЈҝ',
  `update_by` varchar(64) DEFAULT '' COMMENT 'йҸҮеӯҳжҹҠй‘°',
  `update_time` datetime DEFAULT NULL COMMENT 'йҸҮеӯҳжҹҠйҸғе •жЈҝ',
  `remark` varchar(500) DEFAULT NULL COMMENT 'жҫ¶еӣЁж•һ',
  `del_flag` char(1) DEFAULT '0' COMMENT 'йҚ’зҠ»ж«ҺйҸҚеӣ§з№”(0:е§қпҪ…зҲ¶ 2:йҚ’зҠ»ж«Һ)',
  PRIMARY KEY (`shortcut_id`)
) ENGINE=InnoDB DEFAULT CHARSET=utf8mb4 COLLATE=utf8mb4_0900_ai_ci COMMENT='и№Ү?еөҺйҚҸгғҘеҪӣзҗӣ';

-- ----------------------------
-- Records of hz_shortcut
-- ----------------------------

-- ----------------------------
-- Table structure for hz_tenant
-- ----------------------------
DROP TABLE IF EXISTS `hz_tenant`;
CREATE TABLE `hz_tenant` (
  `tenant_id` bigint(20) NOT NULL AUTO_INCREMENT COMMENT 'з»үзҶёеҹӣID',
  `user_id` bigint(20) DEFAULT NULL COMMENT 'йҚҸе® д»Ҳйҗўг„ҰеҹӣID(й–®жҲқгӮҪйҚ”зӮөж•ӨйҺҙ?',
  `tenant_name` varchar(50) NOT NULL COMMENT 'з»үзҶёеҹӣжҝ®ж’іжӮ•',
  `id_card` varchar(18) NOT NULL COMMENT 'йҹ¬?е”Өз’ҮдҪёеҪҝ',
  `phone` varchar(20) NOT NULL COMMENT 'йҺөе¬«жәҖйҚҷ',
  `gender` char(1) DEFAULT NULL COMMENT 'йҺ¬СғеҹҶ(0:йҗў?1:жҝӮ?',
  `birth_date` date DEFAULT NULL COMMENT 'йҚ‘иҷ№ж•“йҸғгғҰж№Ў',
  `education` varchar(20) DEFAULT NULL COMMENT 'зҖӣп№Җе·»',
  `marriage_status` varchar(20) DEFAULT NULL COMMENT 'жҝ ж°¬Р©йҗҳи·әе–Ң',
  `work_unit` varchar(100) DEFAULT NULL COMMENT 'е®ёгғӨз¶”йҚ—жӣҡз¶…',
  `emergency_contact` varchar(50) DEFAULT NULL COMMENT 'з»ұС„?й‘ұж—Ӯйғҙжөң',
  `emergency_phone` varchar(20) DEFAULT NULL COMMENT 'з»ұС„?й‘ұж—Ӯйғҙжөңиҷ№ж•ёз’Ү',
  `household_register` varchar(100) DEFAULT NULL COMMENT 'йҺҙйЈҺзқ„йҚҰжқҝжҪғ',
  `current_address` varchar(255) DEFAULT NULL COMMENT 'йҗңйўҒз¶ҮйҚ§',
  `email` varchar(100) DEFAULT NULL COMMENT 'й–ӯ??',
  `wechat` varchar(50) DEFAULT NULL COMMENT 'еҜ°?дҝҠйҚҷ',
  `avatar` varchar(255) DEFAULT NULL COMMENT 'жҫ¶жқ‘е„ҡURL',
  `credit_score` int(11) DEFAULT '100' COMMENT 'ж·Үпј„ж•ӨйҚ’?жҰӣжЁҝ?100)',
  `is_blacklist` char(1) DEFAULT '0' COMMENT 'йҸ„?жғҒжҰӣжҲқжӮ•йҚ—?0:йҚҡ?1:йҸ„?',
  `status` char(1) DEFAULT '0' COMMENT 'йҗҳиҲө?(0:е§қпҪ…зҲ¶ 1:йҚӢж»…ж•Ө)',
  `create_by` varchar(64) DEFAULT '' COMMENT 'йҚ’ж¶ҳзј“й‘°',
  `create_time` datetime DEFAULT NULL COMMENT 'йҚ’ж¶ҳзј“йҸғе •жЈҝ',
  `update_by` varchar(64) DEFAULT '' COMMENT 'йҸҮеӯҳжҹҠй‘°',
  `update_time` datetime DEFAULT NULL COMMENT 'йҸҮеӯҳжҹҠйҸғе •жЈҝ',
  `remark` varchar(500) DEFAULT NULL COMMENT 'жҫ¶еӣЁж•һ',
  `del_flag` char(1) DEFAULT '0' COMMENT 'йҚ’зҠ»ж«ҺйҸҚеӣ§з№”(0:е§қпҪ…зҲ¶ 2:йҚ’зҠ»ж«Һ)',
  PRIMARY KEY (`tenant_id`),
  UNIQUE KEY `uk_id_card` (`id_card`),
  KEY `idx_phone` (`phone`),
  KEY `idx_user_id` (`user_id`)
) ENGINE=InnoDB DEFAULT CHARSET=utf8mb4 COLLATE=utf8mb4_0900_ai_ci COMMENT='з»үзҶёеҹӣзҗӣ';

-- ----------------------------
-- Records of hz_tenant
-- ----------------------------

-- ----------------------------
-- Table structure for hz_tenant_document
-- ----------------------------
DROP TABLE IF EXISTS `hz_tenant_document`;
CREATE TABLE `hz_tenant_document` (
  `document_id` bigint(20) NOT NULL AUTO_INCREMENT COMMENT 'з’§еӢ¬жһЎID',
  `tenant_id` bigint(20) NOT NULL COMMENT 'з»үзҶёеҹӣID',
  `document_type` varchar(50) NOT NULL COMMENT 'з’§еӢ¬жһЎз»«иҜІзҖ·(йҹ¬?е”Өз’Ү?зҖӣп№Җе·»з’ҮдҪ№ж§‘/з»ҖеҸҘз№ҡз’ҮдҪ№ж§‘з»ӣ?',
  `document_name` varchar(100) NOT NULL COMMENT 'з’§еӢ¬жһЎйҚҡе¶ҮРһ',
  `document_url` varchar(255) NOT NULL COMMENT 'з’§еӢ¬жһЎURL',
  `file_size` bigint(20) DEFAULT NULL COMMENT 'йҸӮеӣҰж¬ўжҫ¶Сғзҡ¬(зҖӣжҘ„еҰӯ)',
  `upload_time` datetime DEFAULT NULL COMMENT 'ж¶“е©Ғзҙ¶йҸғе •жЈҝ',
  `audit_status` char(1) DEFAULT '0' COMMENT 'зҖ№в„ғзүійҗҳиҲө?(0:еҜ°е‘ӯ?йҸҚ?1:е®ёжҹҘ?жқ©?2:е®ёжҹҘв”ҸйҚҘ?',
  `audit_by` varchar(64) DEFAULT NULL COMMENT 'зҖ№в„ғзүіжөң',
  `audit_time` datetime DEFAULT NULL COMMENT 'зҖ№в„ғзүійҸғе •жЈҝ',
  `audit_opinion` varchar(500) DEFAULT NULL COMMENT 'зҖ№в„ғзүійҺ°еҝҡ?',
  `create_by` varchar(64) DEFAULT '' COMMENT 'йҚ’ж¶ҳзј“й‘°',
  `create_time` datetime DEFAULT NULL COMMENT 'йҚ’ж¶ҳзј“йҸғе •жЈҝ',
  `update_by` varchar(64) DEFAULT '' COMMENT 'йҸҮеӯҳжҹҠй‘°',
  `update_time` datetime DEFAULT NULL COMMENT 'йҸҮеӯҳжҹҠйҸғе •жЈҝ',
  `remark` varchar(500) DEFAULT NULL COMMENT 'жҫ¶еӣЁж•һ',
  `del_flag` char(1) DEFAULT '0' COMMENT 'йҚ’зҠ»ж«ҺйҸҚеӣ§з№”(0:е§қпҪ…зҲ¶ 2:йҚ’зҠ»ж«Һ)',
  PRIMARY KEY (`document_id`),
  KEY `idx_tenant_id` (`tenant_id`)
) ENGINE=InnoDB DEFAULT CHARSET=utf8mb4 COLLATE=utf8mb4_0900_ai_ci COMMENT='з»үзҶёеҹӣз’§еӢ¬жһЎзҗӣ';

-- ----------------------------
-- Records of hz_tenant_document
-- ----------------------------

-- ----------------------------
-- Table structure for hz_transaction
-- ----------------------------
DROP TABLE IF EXISTS `hz_transaction`;
CREATE TABLE `hz_transaction` (
  `transaction_id` bigint(20) NOT NULL AUTO_INCREMENT COMMENT 'еЁҙдҪ№жҢүID',
  `transaction_no` varchar(50) NOT NULL COMMENT 'еЁҙдҪ№жҢүйҚҷ',
  `transaction_type` char(1) NOT NULL COMMENT 'жөңгӮҶж§—з»«иҜІзҖ·(1:йҸҖи·әеҸҶ 2:йҸҖ?еҡӯ)',
  `business_type` char(1) NOT NULL COMMENT 'ж¶“ж°¬е§ҹз»«иҜІзҖ·(1:зјӮзЈӢеһӮ 2:й–«??)',
  `business_id` bigint(20) NOT NULL COMMENT 'ж¶“ж°¬е§ҹID(зјӮзЈӢеһӮIDйҺҙж ӯ?еЁҶз¶ўD)',
  `tenant_id` bigint(20) NOT NULL COMMENT 'з»үзҶёеҹӣID',
  `amount` decimal(10,2) NOT NULL COMMENT 'жөңгӮҶж§—й–ІжҲҰ?',
  `balance_before` decimal(10,2) DEFAULT '0.00' COMMENT 'жөңгӮҶж§—йҚ“е¶„з¶‘жЈ°',
  `balance_after` decimal(10,2) DEFAULT '0.00' COMMENT 'жөңгӮҶж§—йҚҡеәқз¶‘жЈ°',
  `transaction_time` datetime DEFAULT NULL COMMENT 'жөңгӮҶж§—йҸғе •жЈҝ',
  `transaction_status` char(1) DEFAULT '1' COMMENT 'жөңгӮҶж§—йҗҳиҲө?(0:жҫ¶иҫ«и§Ұ 1:йҺҙж„¬е§ӣ)',
  `create_by` varchar(64) DEFAULT '' COMMENT 'йҚ’ж¶ҳзј“й‘°',
  `create_time` datetime DEFAULT NULL COMMENT 'йҚ’ж¶ҳзј“йҸғе •жЈҝ',
  `update_by` varchar(64) DEFAULT '' COMMENT 'йҸҮеӯҳжҹҠй‘°',
  `update_time` datetime DEFAULT NULL COMMENT 'йҸҮеӯҳжҹҠйҸғе •жЈҝ',
  `remark` varchar(500) DEFAULT NULL COMMENT 'жҫ¶еӣЁж•һ',
  `del_flag` char(1) DEFAULT '0' COMMENT 'йҚ’зҠ»ж«ҺйҸҚеӣ§з№”(0:е§қпҪ…зҲ¶ 2:йҚ’зҠ»ж«Һ)',
  PRIMARY KEY (`transaction_id`),
  UNIQUE KEY `uk_transaction_no` (`transaction_no`),
  KEY `idx_tenant_id` (`tenant_id`)
) ENGINE=InnoDB DEFAULT CHARSET=utf8mb4 COLLATE=utf8mb4_0900_ai_ci COMMENT='жөңгӮҶж§—еЁҙдҪ№жҢүзҗӣ';

-- ----------------------------
-- Records of hz_transaction
-- ----------------------------

-- ----------------------------
-- Table structure for hz_unit
-- ----------------------------
DROP TABLE IF EXISTS `hz_unit`;
CREATE TABLE `hz_unit` (
  `unit_id` bigint(20) NOT NULL AUTO_INCREMENT COMMENT 'йҚ—жӣһеҺ“ID',
  `building_id` bigint(20) NOT NULL COMMENT 'еҰӨе…јзҲ§ID',
  `unit_name` varchar(50) NOT NULL COMMENT 'йҚ—жӣһеҺ“йҚҡе¶ҮРһ',
  `unit_code` varchar(50) NOT NULL COMMENT 'йҚ—жӣһеҺ“зјӮж «зҲң',
  `total_houses` int(11) DEFAULT '0' COMMENT 'йҺҙжҢҺз°®йҸҒ',
  `status` char(1) DEFAULT '0' COMMENT 'йҗҳиҲө?(0:е§қпҪ…зҲ¶ 1:йҚӢж»…ж•Ө)',
  `sort_order` int(11) DEFAULT '0' COMMENT 'йҸ„еү§гҒҡжӨӨе“„з°ӯ',
  `create_by` varchar(64) DEFAULT '' COMMENT 'йҚ’ж¶ҳзј“й‘°',
  `create_time` datetime DEFAULT NULL COMMENT 'йҚ’ж¶ҳзј“йҸғе •жЈҝ',
  `update_by` varchar(64) DEFAULT '' COMMENT 'йҸҮеӯҳжҹҠй‘°',
  `update_time` datetime DEFAULT NULL COMMENT 'йҸҮеӯҳжҹҠйҸғе •жЈҝ',
  `remark` varchar(500) DEFAULT NULL COMMENT 'жҫ¶еӣЁж•һ',
  `del_flag` char(1) DEFAULT '0' COMMENT 'йҚ’зҠ»ж«ҺйҸҚеӣ§з№”(0:е§қпҪ…зҲ¶ 2:йҚ’зҠ»ж«Һ)',
  PRIMARY KEY (`unit_id`),
  UNIQUE KEY `uk_unit_code` (`unit_code`),
  KEY `idx_building_id` (`building_id`)
) ENGINE=InnoDB AUTO_INCREMENT=14 DEFAULT CHARSET=utf8mb4 COLLATE=utf8mb4_0900_ai_ci COMMENT='йҚ—жӣһеҺ“зҗӣ';

-- ----------------------------
-- Records of hz_unit
-- ----------------------------
INSERT INTO `hz_unit` VALUES ('1', '1', '1еҚ•е…ғ', '1-1-1', '10', '0', '1', '', '2025-11-18 19:51:41', '', null, null, '0');
INSERT INTO `hz_unit` VALUES ('2', '1', '2еҚ•е…ғ', '1-1-2', '10', '0', '2', '', '2025-11-18 19:51:41', '', null, null, '0');
INSERT INTO `hz_unit` VALUES ('3', '2', '1еҚ•е…ғ', '1-2-1', '10', '0', '1', '', '2025-11-18 19:51:41', '', null, null, '0');
INSERT INTO `hz_unit` VALUES ('4', '2', '2еҚ•е…ғ', '1-2-2', '10', '0', '2', '', '2025-11-18 19:51:41', '', null, null, '0');
INSERT INTO `hz_unit` VALUES ('5', '3', '1еҚ•е…ғ', '2-1-1', '12', '0', '1', '', '2025-11-18 19:51:41', '', null, null, '0');
INSERT INTO `hz_unit` VALUES ('6', '3', '2еҚ•е…ғ', '2-1-2', '12', '0', '2', '', '2025-11-18 19:51:41', '', null, null, '0');
INSERT INTO `hz_unit` VALUES ('7', '3', '3еҚ•е…ғ', '2-1-3', '12', '0', '3', '', '2025-11-18 19:51:41', '', null, null, '0');
INSERT INTO `hz_unit` VALUES ('8', '4', '1еҚ•е…ғ', '2-2-1', '12', '0', '1', '', '2025-11-18 19:51:41', '', null, null, '0');
INSERT INTO `hz_unit` VALUES ('9', '4', '2еҚ•е…ғ', '2-2-2', '12', '0', '2', '', '2025-11-18 19:51:41', '', null, null, '0');
INSERT INTO `hz_unit` VALUES ('10', '4', '3еҚ•е…ғ', '2-2-3', '12', '0', '3', '', '2025-11-18 19:51:41', '', null, null, '0');
INSERT INTO `hz_unit` VALUES ('11', '5', 'е•Ҡе•Ҡ', '10', '0', '0', '2', '', null, '', null, null, '0');
INSERT INTO `hz_unit` VALUES ('12', '6', 'еҚ•е…ғ1', '100', '0', '0', '0', '', null, '', null, null, '0');
INSERT INTO `hz_unit` VALUES ('13', '7', '1еҚ•е…ғ', '1', '0', '0', '0', '', null, '', null, null, '0');

-- ----------------------------
-- Table structure for hz_viewing_record
-- ----------------------------
DROP TABLE IF EXISTS `hz_viewing_record`;
CREATE TABLE `hz_viewing_record` (
  `record_id` bigint(20) NOT NULL AUTO_INCREMENT COMMENT 'з’Ғжқҝз¶ҚID',
  `appointment_id` bigint(20) NOT NULL COMMENT 'жЈ°еӢӯе®іID',
  `tenant_id` bigint(20) DEFAULT NULL COMMENT 'з»үзҶёеҹӣID',
  `visitor_name` varchar(50) NOT NULL COMMENT 'йҗӘе¬«еҹ§жөңе“„?йҚҡ',
  `project_id` bigint(20) NOT NULL COMMENT 'жӨӨеңӯжҙ°ID',
  `house_id` bigint(20) NOT NULL COMMENT 'йҺҙжҢҺз°®ID',
  `viewing_date` date DEFAULT NULL COMMENT 'йҗӘе¬«еҹ§йҸғгғҰж№Ў',
  `viewing_time` datetime DEFAULT NULL COMMENT 'йҗӘе¬«еҹ§йҸғе •жЈҝ',
  `guide_person` varchar(50) DEFAULT NULL COMMENT 'з”Ҝпёҫж№…жөң',
  `viewing_duration` int(11) DEFAULT NULL COMMENT 'йҗӘе¬«еҹ§йҸғе •жҡұ(йҚ’е—ӣжҢ“)',
  `satisfaction_score` int(11) DEFAULT NULL COMMENT 'е©Ҡв„ғеү°жҗҙп№ҒзҳҺйҚ’?1-5)',
  `is_interested` char(1) DEFAULT '0' COMMENT 'йҸ„?жғҒйҸҲеӨӢеү°йҚҡ?0:йҚҡ?1:йҸ„?',
  `feedback` varchar(500) DEFAULT NULL COMMENT 'йҚҷе¶ү?йҺ°еҝҡ?',
  `create_by` varchar(64) DEFAULT '' COMMENT 'йҚ’ж¶ҳзј“й‘°',
  `create_time` datetime DEFAULT NULL COMMENT 'йҚ’ж¶ҳзј“йҸғе •жЈҝ',
  `update_by` varchar(64) DEFAULT '' COMMENT 'йҸҮеӯҳжҹҠй‘°',
  `update_time` datetime DEFAULT NULL COMMENT 'йҸҮеӯҳжҹҠйҸғе •жЈҝ',
  `remark` varchar(500) DEFAULT NULL COMMENT 'жҫ¶еӣЁж•һ',
  `del_flag` char(1) DEFAULT '0' COMMENT 'йҚ’зҠ»ж«ҺйҸҚеӣ§з№”(0:е§қпҪ…зҲ¶ 2:йҚ’зҠ»ж«Һ)',
  PRIMARY KEY (`record_id`),
  KEY `idx_appointment_id` (`appointment_id`),
  KEY `idx_tenant_id` (`tenant_id`)
) ENGINE=InnoDB DEFAULT CHARSET=utf8mb4 COLLATE=utf8mb4_0900_ai_ci COMMENT='йҗӘе¬«еҹ§з’Ғжқҝз¶Қзҗӣ';

-- ----------------------------
-- Records of hz_viewing_record
-- ----------------------------

-- ----------------------------
-- Table structure for qrtz_blob_triggers
-- ----------------------------
DROP TABLE IF EXISTS `qrtz_blob_triggers`;
CREATE TABLE `qrtz_blob_triggers` (
  `sched_name` varchar(120) NOT NULL COMMENT 'и°ғеәҰеҗҚз§°',
  `trigger_name` varchar(200) NOT NULL COMMENT 'qrtz_triggersиЎЁtrigger_nameзҡ„еӨ–й”®',
  `trigger_group` varchar(200) NOT NULL COMMENT 'qrtz_triggersиЎЁtrigger_groupзҡ„еӨ–й”®',
  `blob_data` blob COMMENT 'еӯҳж”ҫжҢҒд№…еҢ–TriggerеҜ№иұЎ',
  PRIMARY KEY (`sched_name`,`trigger_name`,`trigger_group`),
  CONSTRAINT `qrtz_blob_triggers_ibfk_1` FOREIGN KEY (`sched_name`, `trigger_name`, `trigger_group`) REFERENCES `qrtz_triggers` (`sched_name`, `trigger_name`, `trigger_group`)
) ENGINE=InnoDB DEFAULT CHARSET=utf8 COMMENT='Blobзұ»еһӢзҡ„и§ҰеҸ‘еҷЁиЎЁ';

-- ----------------------------
-- Records of qrtz_blob_triggers
-- ----------------------------

-- ----------------------------
-- Table structure for qrtz_calendars
-- ----------------------------
DROP TABLE IF EXISTS `qrtz_calendars`;
CREATE TABLE `qrtz_calendars` (
  `sched_name` varchar(120) NOT NULL COMMENT 'и°ғеәҰеҗҚз§°',
  `calendar_name` varchar(200) NOT NULL COMMENT 'ж—ҘеҺҶеҗҚз§°',
  `calendar` blob NOT NULL COMMENT 'еӯҳж”ҫжҢҒд№…еҢ–calendarеҜ№иұЎ',
  PRIMARY KEY (`sched_name`,`calendar_name`)
) ENGINE=InnoDB DEFAULT CHARSET=utf8 COMMENT='ж—ҘеҺҶдҝЎжҒҜиЎЁ';

-- ----------------------------
-- Records of qrtz_calendars
-- ----------------------------

-- ----------------------------
-- Table structure for qrtz_cron_triggers
-- ----------------------------
DROP TABLE IF EXISTS `qrtz_cron_triggers`;
CREATE TABLE `qrtz_cron_triggers` (
  `sched_name` varchar(120) NOT NULL COMMENT 'и°ғеәҰеҗҚз§°',
  `trigger_name` varchar(200) NOT NULL COMMENT 'qrtz_triggersиЎЁtrigger_nameзҡ„еӨ–й”®',
  `trigger_group` varchar(200) NOT NULL COMMENT 'qrtz_triggersиЎЁtrigger_groupзҡ„еӨ–й”®',
  `cron_expression` varchar(200) NOT NULL COMMENT 'cronиЎЁиҫҫејҸ',
  `time_zone_id` varchar(80) DEFAULT NULL COMMENT 'ж—¶еҢә',
  PRIMARY KEY (`sched_name`,`trigger_name`,`trigger_group`),
  CONSTRAINT `qrtz_cron_triggers_ibfk_1` FOREIGN KEY (`sched_name`, `trigger_name`, `trigger_group`) REFERENCES `qrtz_triggers` (`sched_name`, `trigger_name`, `trigger_group`)
) ENGINE=InnoDB DEFAULT CHARSET=utf8 COMMENT='Cronзұ»еһӢзҡ„и§ҰеҸ‘еҷЁиЎЁ';

-- ----------------------------
-- Records of qrtz_cron_triggers
-- ----------------------------

-- ----------------------------
-- Table structure for qrtz_fired_triggers
-- ----------------------------
DROP TABLE IF EXISTS `qrtz_fired_triggers`;
CREATE TABLE `qrtz_fired_triggers` (
  `sched_name` varchar(120) NOT NULL COMMENT 'и°ғеәҰеҗҚз§°',
  `entry_id` varchar(95) NOT NULL COMMENT 'и°ғеәҰеҷЁе®һдҫӢid',
  `trigger_name` varchar(200) NOT NULL COMMENT 'qrtz_triggersиЎЁtrigger_nameзҡ„еӨ–й”®',
  `trigger_group` varchar(200) NOT NULL COMMENT 'qrtz_triggersиЎЁtrigger_groupзҡ„еӨ–й”®',
  `instance_name` varchar(200) NOT NULL COMMENT 'и°ғеәҰеҷЁе®һдҫӢеҗҚ',
  `fired_time` bigint(13) NOT NULL COMMENT 'и§ҰеҸ‘зҡ„ж—¶й—ҙ',
  `sched_time` bigint(13) NOT NULL COMMENT 'е®ҡж—¶еҷЁеҲ¶е®ҡзҡ„ж—¶й—ҙ',
  `priority` int(11) NOT NULL COMMENT 'дјҳе…Ҳзә§',
  `state` varchar(16) NOT NULL COMMENT 'зҠ¶жҖҒ',
  `job_name` varchar(200) DEFAULT NULL COMMENT 'д»»еҠЎеҗҚз§°',
  `job_group` varchar(200) DEFAULT NULL COMMENT 'д»»еҠЎз»„еҗҚ',
  `is_nonconcurrent` varchar(1) DEFAULT NULL COMMENT 'жҳҜеҗҰе№¶еҸ‘',
  `requests_recovery` varchar(1) DEFAULT NULL COMMENT 'жҳҜеҗҰжҺҘеҸ—жҒўеӨҚжү§иЎҢ',
  PRIMARY KEY (`sched_name`,`entry_id`)
) ENGINE=InnoDB DEFAULT CHARSET=utf8 COMMENT='е·Іи§ҰеҸ‘зҡ„и§ҰеҸ‘еҷЁиЎЁ';

-- ----------------------------
-- Records of qrtz_fired_triggers
-- ----------------------------

-- ----------------------------
-- Table structure for qrtz_job_details
-- ----------------------------
DROP TABLE IF EXISTS `qrtz_job_details`;
CREATE TABLE `qrtz_job_details` (
  `sched_name` varchar(120) NOT NULL COMMENT 'и°ғеәҰеҗҚз§°',
  `job_name` varchar(200) NOT NULL COMMENT 'д»»еҠЎеҗҚз§°',
  `job_group` varchar(200) NOT NULL COMMENT 'д»»еҠЎз»„еҗҚ',
  `description` varchar(250) DEFAULT NULL COMMENT 'зӣёе…ід»Ӣз»Қ',
  `job_class_name` varchar(250) NOT NULL COMMENT 'жү§иЎҢд»»еҠЎзұ»еҗҚз§°',
  `is_durable` varchar(1) NOT NULL COMMENT 'жҳҜеҗҰжҢҒд№…еҢ–',
  `is_nonconcurrent` varchar(1) NOT NULL COMMENT 'жҳҜеҗҰе№¶еҸ‘',
  `is_update_data` varchar(1) NOT NULL COMMENT 'жҳҜеҗҰжӣҙж–°ж•°жҚ®',
  `requests_recovery` varchar(1) NOT NULL COMMENT 'жҳҜеҗҰжҺҘеҸ—жҒўеӨҚжү§иЎҢ',
  `job_data` blob COMMENT 'еӯҳж”ҫжҢҒд№…еҢ–jobеҜ№иұЎ',
  PRIMARY KEY (`sched_name`,`job_name`,`job_group`)
) ENGINE=InnoDB DEFAULT CHARSET=utf8 COMMENT='д»»еҠЎиҜҰз»ҶдҝЎжҒҜиЎЁ';

-- ----------------------------
-- Records of qrtz_job_details
-- ----------------------------

-- ----------------------------
-- Table structure for qrtz_locks
-- ----------------------------
DROP TABLE IF EXISTS `qrtz_locks`;
CREATE TABLE `qrtz_locks` (
  `sched_name` varchar(120) NOT NULL COMMENT 'и°ғеәҰеҗҚз§°',
  `lock_name` varchar(40) NOT NULL COMMENT 'жӮІи§Ӯй”ҒеҗҚз§°',
  PRIMARY KEY (`sched_name`,`lock_name`)
) ENGINE=InnoDB DEFAULT CHARSET=utf8 COMMENT='еӯҳеӮЁзҡ„жӮІи§Ӯй”ҒдҝЎжҒҜиЎЁ';

-- ----------------------------
-- Records of qrtz_locks
-- ----------------------------

-- ----------------------------
-- Table structure for qrtz_paused_trigger_grps
-- ----------------------------
DROP TABLE IF EXISTS `qrtz_paused_trigger_grps`;
CREATE TABLE `qrtz_paused_trigger_grps` (
  `sched_name` varchar(120) NOT NULL COMMENT 'и°ғеәҰеҗҚз§°',
  `trigger_group` varchar(200) NOT NULL COMMENT 'qrtz_triggersиЎЁtrigger_groupзҡ„еӨ–й”®',
  PRIMARY KEY (`sched_name`,`trigger_group`)
) ENGINE=InnoDB DEFAULT CHARSET=utf8 COMMENT='жҡӮеҒңзҡ„и§ҰеҸ‘еҷЁиЎЁ';

-- ----------------------------
-- Records of qrtz_paused_trigger_grps
-- ----------------------------

-- ----------------------------
-- Table structure for qrtz_scheduler_state
-- ----------------------------
DROP TABLE IF EXISTS `qrtz_scheduler_state`;
CREATE TABLE `qrtz_scheduler_state` (
  `sched_name` varchar(120) NOT NULL COMMENT 'и°ғеәҰеҗҚз§°',
  `instance_name` varchar(200) NOT NULL COMMENT 'е®һдҫӢеҗҚз§°',
  `last_checkin_time` bigint(13) NOT NULL COMMENT 'дёҠж¬ЎжЈҖжҹҘж—¶й—ҙ',
  `checkin_interval` bigint(13) NOT NULL COMMENT 'жЈҖжҹҘй—ҙйҡ”ж—¶й—ҙ',
  PRIMARY KEY (`sched_name`,`instance_name`)
) ENGINE=InnoDB DEFAULT CHARSET=utf8 COMMENT='и°ғеәҰеҷЁзҠ¶жҖҒиЎЁ';

-- ----------------------------
-- Records of qrtz_scheduler_state
-- ----------------------------

-- ----------------------------
-- Table structure for qrtz_simple_triggers
-- ----------------------------
DROP TABLE IF EXISTS `qrtz_simple_triggers`;
CREATE TABLE `qrtz_simple_triggers` (
  `sched_name` varchar(120) NOT NULL COMMENT 'и°ғеәҰеҗҚз§°',
  `trigger_name` varchar(200) NOT NULL COMMENT 'qrtz_triggersиЎЁtrigger_nameзҡ„еӨ–й”®',
  `trigger_group` varchar(200) NOT NULL COMMENT 'qrtz_triggersиЎЁtrigger_groupзҡ„еӨ–й”®',
  `repeat_count` bigint(7) NOT NULL COMMENT 'йҮҚеӨҚзҡ„ж¬Ўж•°з»ҹи®Ў',
  `repeat_interval` bigint(12) NOT NULL COMMENT 'йҮҚеӨҚзҡ„й—ҙйҡ”ж—¶й—ҙ',
  `times_triggered` bigint(10) NOT NULL COMMENT 'е·Із»Ҹи§ҰеҸ‘зҡ„ж¬Ўж•°',
  PRIMARY KEY (`sched_name`,`trigger_name`,`trigger_group`),
  CONSTRAINT `qrtz_simple_triggers_ibfk_1` FOREIGN KEY (`sched_name`, `trigger_name`, `trigger_group`) REFERENCES `qrtz_triggers` (`sched_name`, `trigger_name`, `trigger_group`)
) ENGINE=InnoDB DEFAULT CHARSET=utf8 COMMENT='з®ҖеҚ•и§ҰеҸ‘еҷЁзҡ„дҝЎжҒҜиЎЁ';

-- ----------------------------
-- Records of qrtz_simple_triggers
-- ----------------------------

-- ----------------------------
-- Table structure for qrtz_simprop_triggers
-- ----------------------------
DROP TABLE IF EXISTS `qrtz_simprop_triggers`;
CREATE TABLE `qrtz_simprop_triggers` (
  `sched_name` varchar(120) NOT NULL COMMENT 'и°ғеәҰеҗҚз§°',
  `trigger_name` varchar(200) NOT NULL COMMENT 'qrtz_triggersиЎЁtrigger_nameзҡ„еӨ–й”®',
  `trigger_group` varchar(200) NOT NULL COMMENT 'qrtz_triggersиЎЁtrigger_groupзҡ„еӨ–й”®',
  `str_prop_1` varchar(512) DEFAULT NULL COMMENT 'Stringзұ»еһӢзҡ„triggerзҡ„з¬¬дёҖдёӘеҸӮж•°',
  `str_prop_2` varchar(512) DEFAULT NULL COMMENT 'Stringзұ»еһӢзҡ„triggerзҡ„з¬¬дәҢдёӘеҸӮж•°',
  `str_prop_3` varchar(512) DEFAULT NULL COMMENT 'Stringзұ»еһӢзҡ„triggerзҡ„з¬¬дёүдёӘеҸӮж•°',
  `int_prop_1` int(11) DEFAULT NULL COMMENT 'intзұ»еһӢзҡ„triggerзҡ„з¬¬дёҖдёӘеҸӮж•°',
  `int_prop_2` int(11) DEFAULT NULL COMMENT 'intзұ»еһӢзҡ„triggerзҡ„з¬¬дәҢдёӘеҸӮж•°',
  `long_prop_1` bigint(20) DEFAULT NULL COMMENT 'longзұ»еһӢзҡ„triggerзҡ„з¬¬дёҖдёӘеҸӮж•°',
  `long_prop_2` bigint(20) DEFAULT NULL COMMENT 'longзұ»еһӢзҡ„triggerзҡ„з¬¬дәҢдёӘеҸӮж•°',
  `dec_prop_1` decimal(13,4) DEFAULT NULL COMMENT 'decimalзұ»еһӢзҡ„triggerзҡ„з¬¬дёҖдёӘеҸӮж•°',
  `dec_prop_2` decimal(13,4) DEFAULT NULL COMMENT 'decimalзұ»еһӢзҡ„triggerзҡ„з¬¬дәҢдёӘеҸӮж•°',
  `bool_prop_1` varchar(1) DEFAULT NULL COMMENT 'Booleanзұ»еһӢзҡ„triggerзҡ„з¬¬дёҖдёӘеҸӮж•°',
  `bool_prop_2` varchar(1) DEFAULT NULL COMMENT 'Booleanзұ»еһӢзҡ„triggerзҡ„з¬¬дәҢдёӘеҸӮж•°',
  PRIMARY KEY (`sched_name`,`trigger_name`,`trigger_group`),
  CONSTRAINT `qrtz_simprop_triggers_ibfk_1` FOREIGN KEY (`sched_name`, `trigger_name`, `trigger_group`) REFERENCES `qrtz_triggers` (`sched_name`, `trigger_name`, `trigger_group`)
) ENGINE=InnoDB DEFAULT CHARSET=utf8 COMMENT='еҗҢжӯҘжңәеҲ¶зҡ„иЎҢй”ҒиЎЁ';

-- ----------------------------
-- Records of qrtz_simprop_triggers
-- ----------------------------

-- ----------------------------
-- Table structure for qrtz_triggers
-- ----------------------------
DROP TABLE IF EXISTS `qrtz_triggers`;
CREATE TABLE `qrtz_triggers` (
  `sched_name` varchar(120) NOT NULL COMMENT 'и°ғеәҰеҗҚз§°',
  `trigger_name` varchar(200) NOT NULL COMMENT 'и§ҰеҸ‘еҷЁзҡ„еҗҚеӯ—',
  `trigger_group` varchar(200) NOT NULL COMMENT 'и§ҰеҸ‘еҷЁжүҖеұһз»„зҡ„еҗҚеӯ—',
  `job_name` varchar(200) NOT NULL COMMENT 'qrtz_job_detailsиЎЁjob_nameзҡ„еӨ–й”®',
  `job_group` varchar(200) NOT NULL COMMENT 'qrtz_job_detailsиЎЁjob_groupзҡ„еӨ–й”®',
  `description` varchar(250) DEFAULT NULL COMMENT 'зӣёе…ід»Ӣз»Қ',
  `next_fire_time` bigint(13) DEFAULT NULL COMMENT 'дёҠдёҖж¬Ўи§ҰеҸ‘ж—¶й—ҙпјҲжҜ«з§’пјү',
  `prev_fire_time` bigint(13) DEFAULT NULL COMMENT 'дёӢдёҖж¬Ўи§ҰеҸ‘ж—¶й—ҙпјҲй»ҳи®Өдёә-1иЎЁзӨәдёҚи§ҰеҸ‘пјү',
  `priority` int(11) DEFAULT NULL COMMENT 'дјҳе…Ҳзә§',
  `trigger_state` varchar(16) NOT NULL COMMENT 'и§ҰеҸ‘еҷЁзҠ¶жҖҒ',
  `trigger_type` varchar(8) NOT NULL COMMENT 'и§ҰеҸ‘еҷЁзҡ„зұ»еһӢ',
  `start_time` bigint(13) NOT NULL COMMENT 'ејҖе§Ӣж—¶й—ҙ',
  `end_time` bigint(13) DEFAULT NULL COMMENT 'з»“жқҹж—¶й—ҙ',
  `calendar_name` varchar(200) DEFAULT NULL COMMENT 'ж—ҘзЁӢиЎЁеҗҚз§°',
  `misfire_instr` smallint(2) DEFAULT NULL COMMENT 'иЎҘеҒҝжү§иЎҢзҡ„зӯ–з•Ҙ',
  `job_data` blob COMMENT 'еӯҳж”ҫжҢҒд№…еҢ–jobеҜ№иұЎ',
  PRIMARY KEY (`sched_name`,`trigger_name`,`trigger_group`),
  KEY `sched_name` (`sched_name`,`job_name`,`job_group`),
  CONSTRAINT `qrtz_triggers_ibfk_1` FOREIGN KEY (`sched_name`, `job_name`, `job_group`) REFERENCES `qrtz_job_details` (`sched_name`, `job_name`, `job_group`)
) ENGINE=InnoDB DEFAULT CHARSET=utf8 COMMENT='и§ҰеҸ‘еҷЁиҜҰз»ҶдҝЎжҒҜиЎЁ';

-- ----------------------------
-- Records of qrtz_triggers
-- ----------------------------

-- ----------------------------
-- Table structure for sys_config
-- ----------------------------
DROP TABLE IF EXISTS `sys_config`;
CREATE TABLE `sys_config` (
  `config_id` int(5) NOT NULL AUTO_INCREMENT COMMENT 'еҸӮж•°дё»й”®',
  `config_name` varchar(100) DEFAULT '' COMMENT 'еҸӮж•°еҗҚз§°',
  `config_key` varchar(100) DEFAULT '' COMMENT 'еҸӮж•°й”®еҗҚ',
  `config_value` varchar(500) DEFAULT '' COMMENT 'еҸӮж•°й”®еҖј',
  `config_type` char(1) DEFAULT 'N' COMMENT 'зі»з»ҹеҶ…зҪ®пјҲYжҳҜ NеҗҰпјү',
  `create_by` varchar(64) DEFAULT '' COMMENT 'еҲӣе»әиҖ…',
  `create_time` datetime DEFAULT NULL COMMENT 'еҲӣе»әж—¶й—ҙ',
  `update_by` varchar(64) DEFAULT '' COMMENT 'жӣҙж–°иҖ…',
  `update_time` datetime DEFAULT NULL COMMENT 'жӣҙж–°ж—¶й—ҙ',
  `remark` varchar(500) DEFAULT NULL COMMENT 'еӨҮжіЁ',
  PRIMARY KEY (`config_id`)
) ENGINE=InnoDB AUTO_INCREMENT=100 DEFAULT CHARSET=utf8 COMMENT='еҸӮж•°й…ҚзҪ®иЎЁ';

-- ----------------------------
-- Records of sys_config
-- ----------------------------
INSERT INTO `sys_config` VALUES ('1', 'дё»жЎҶжһ¶йЎө-й»ҳи®Өзҡ®иӮӨж ·ејҸеҗҚз§°', 'sys.index.skinName', 'skin-blue', 'Y', 'admin', '2025-11-17 18:04:02', '', null, 'и“қиүІ skin-blueгҖҒз»ҝиүІ skin-greenгҖҒзҙ«иүІ skin-purpleгҖҒзәўиүІ skin-redгҖҒй»„иүІ skin-yellow');
INSERT INTO `sys_config` VALUES ('2', 'з”ЁжҲ·з®ЎзҗҶ-иҙҰеҸ·еҲқе§ӢеҜҶз Ғ', 'sys.user.initPassword', '123456', 'Y', 'admin', '2025-11-17 18:04:02', '', null, 'еҲқе§ӢеҢ–еҜҶз Ғ 123456');
INSERT INTO `sys_config` VALUES ('3', 'дё»жЎҶжһ¶йЎө-дҫ§иҫ№ж Ҹдё»йўҳ', 'sys.index.sideTheme', 'theme-light', 'N', 'admin', '2025-11-17 18:04:02', 'admin', '2025-12-06 17:56:17', 'ж·ұиүІдё»йўҳtheme-darkпјҢжө…иүІдё»йўҳtheme-light');
INSERT INTO `sys_config` VALUES ('4', 'иҙҰеҸ·иҮӘеҠ©-йӘҢиҜҒз ҒејҖе…і', 'sys.account.captchaEnabled', 'false', 'N', 'admin', '2025-11-17 18:04:02', 'admin', '2025-11-19 01:09:32', 'жҳҜеҗҰејҖеҗҜйӘҢиҜҒз ҒеҠҹиғҪпјҲtrueејҖеҗҜпјҢfalseе…ій—ӯпјү');
INSERT INTO `sys_config` VALUES ('5', 'иҙҰеҸ·иҮӘеҠ©-жҳҜеҗҰејҖеҗҜз”ЁжҲ·жіЁеҶҢеҠҹиғҪ', 'sys.account.registerUser', 'false', 'Y', 'admin', '2025-11-17 18:04:02', '', null, 'жҳҜеҗҰејҖеҗҜжіЁеҶҢз”ЁжҲ·еҠҹиғҪпјҲtrueејҖеҗҜпјҢfalseе…ій—ӯпјү');
INSERT INTO `sys_config` VALUES ('6', 'з”ЁжҲ·зҷ»еҪ•-й»‘еҗҚеҚ•еҲ—иЎЁ', 'sys.login.blackIPList', '', 'Y', 'admin', '2025-11-17 18:04:02', '', null, 'и®ҫзҪ®зҷ»еҪ•IPй»‘еҗҚеҚ•йҷҗеҲ¶пјҢеӨҡдёӘеҢ№й…ҚйЎ№д»Ҙ;еҲҶйҡ”пјҢж”ҜжҢҒеҢ№й…ҚпјҲ*йҖҡй…ҚгҖҒзҪ‘ж®өпјү');
INSERT INTO `sys_config` VALUES ('7', 'з”ЁжҲ·з®ЎзҗҶ-еҲқе§ӢеҜҶз Ғдҝ®ж”№зӯ–з•Ҙ', 'sys.account.initPasswordModify', '1', 'Y', 'admin', '2025-11-17 18:04:02', '', null, '0пјҡеҲқе§ӢеҜҶз Ғдҝ®ж”№зӯ–з•Ҙе…ій—ӯпјҢжІЎжңүд»»дҪ•жҸҗзӨәпјҢ1пјҡжҸҗйҶ’з”ЁжҲ·пјҢеҰӮжһңжңӘдҝ®ж”№еҲқе§ӢеҜҶз ҒпјҢеҲҷеңЁзҷ»еҪ•ж—¶е°ұдјҡжҸҗйҶ’дҝ®ж”№еҜҶз ҒеҜ№иҜқжЎҶ');
INSERT INTO `sys_config` VALUES ('8', 'з”ЁжҲ·з®ЎзҗҶ-иҙҰеҸ·еҜҶз Ғжӣҙж–°е‘Ёжңҹ', 'sys.account.passwordValidateDays', '0', 'Y', 'admin', '2025-11-17 18:04:02', '', null, 'еҜҶз Ғжӣҙж–°е‘ЁжңҹпјҲеЎ«еҶҷж•°еӯ—пјҢж•°жҚ®еҲқе§ӢеҢ–еҖјдёә0дёҚйҷҗеҲ¶пјҢиӢҘдҝ®ж”№еҝ…йЎ»дёәеӨ§дәҺ0е°ҸдәҺ365зҡ„жӯЈж•ҙж•°пјүпјҢеҰӮжһңи¶…иҝҮиҝҷдёӘе‘Ёжңҹзҷ»еҪ•зі»з»ҹж—¶пјҢеҲҷеңЁзҷ»еҪ•ж—¶е°ұдјҡжҸҗйҶ’дҝ®ж”№еҜҶз ҒеҜ№иҜқжЎҶ');

-- ----------------------------
-- Table structure for sys_dept
-- ----------------------------
DROP TABLE IF EXISTS `sys_dept`;
CREATE TABLE `sys_dept` (
  `dept_id` bigint(20) NOT NULL AUTO_INCREMENT COMMENT 'йғЁй—Ёid',
  `parent_id` bigint(20) DEFAULT '0' COMMENT 'зҲ¶йғЁй—Ёid',
  `ancestors` varchar(50) DEFAULT '' COMMENT 'зҘ–зә§еҲ—иЎЁ',
  `dept_name` varchar(30) DEFAULT '' COMMENT 'йғЁй—ЁеҗҚз§°',
  `order_num` int(4) DEFAULT '0' COMMENT 'жҳҫзӨәйЎәеәҸ',
  `leader` varchar(20) DEFAULT NULL COMMENT 'иҙҹиҙЈдәә',
  `phone` varchar(11) DEFAULT NULL COMMENT 'иҒ”зі»з”өиҜқ',
  `email` varchar(50) DEFAULT NULL COMMENT 'йӮ®з®ұ',
  `status` char(1) DEFAULT '0' COMMENT 'йғЁй—ЁзҠ¶жҖҒпјҲ0жӯЈеёё 1еҒңз”Ёпјү',
  `del_flag` char(1) DEFAULT '0' COMMENT 'еҲ йҷӨж Үеҝ—пјҲ0д»ЈиЎЁеӯҳеңЁ 2д»ЈиЎЁеҲ йҷӨпјү',
  `create_by` varchar(64) DEFAULT '' COMMENT 'еҲӣе»әиҖ…',
  `create_time` datetime DEFAULT NULL COMMENT 'еҲӣе»әж—¶й—ҙ',
  `update_by` varchar(64) DEFAULT '' COMMENT 'жӣҙж–°иҖ…',
  `update_time` datetime DEFAULT NULL COMMENT 'жӣҙж–°ж—¶й—ҙ',
  PRIMARY KEY (`dept_id`)
) ENGINE=InnoDB AUTO_INCREMENT=200 DEFAULT CHARSET=utf8 COMMENT='йғЁй—ЁиЎЁ';

-- ----------------------------
-- Records of sys_dept
-- ----------------------------
INSERT INTO `sys_dept` VALUES ('100', '0', '0', 'иӢҘдҫқз§‘жҠҖ', '0', 'иӢҘдҫқ', '15888888888', 'ry@qq.com', '0', '0', 'admin', '2025-11-17 18:04:01', '', null);
INSERT INTO `sys_dept` VALUES ('101', '100', '0,100', 'ж·ұеңіжҖ»е…¬еҸё', '1', 'иӢҘдҫқ', '15888888888', 'ry@qq.com', '0', '0', 'admin', '2025-11-17 18:04:01', '', null);
INSERT INTO `sys_dept` VALUES ('102', '100', '0,100', 'й•ҝжІҷеҲҶе…¬еҸё', '2', 'иӢҘдҫқ', '15888888888', 'ry@qq.com', '0', '0', 'admin', '2025-11-17 18:04:01', '', null);
INSERT INTO `sys_dept` VALUES ('103', '101', '0,100,101', 'з ”еҸ‘йғЁй—Ё', '1', 'иӢҘдҫқ', '15888888888', 'ry@qq.com', '0', '0', 'admin', '2025-11-17 18:04:01', '', null);
INSERT INTO `sys_dept` VALUES ('104', '101', '0,100,101', 'еёӮеңәйғЁй—Ё', '2', 'иӢҘдҫқ', '15888888888', 'ry@qq.com', '0', '0', 'admin', '2025-11-17 18:04:01', '', null);
INSERT INTO `sys_dept` VALUES ('105', '101', '0,100,101', 'жөӢиҜ•йғЁй—Ё', '3', 'иӢҘдҫқ', '15888888888', 'ry@qq.com', '0', '0', 'admin', '2025-11-17 18:04:01', '', null);
INSERT INTO `sys_dept` VALUES ('106', '101', '0,100,101', 'иҙўеҠЎйғЁй—Ё', '4', 'иӢҘдҫқ', '15888888888', 'ry@qq.com', '0', '0', 'admin', '2025-11-17 18:04:01', '', null);
INSERT INTO `sys_dept` VALUES ('107', '101', '0,100,101', 'иҝҗз»ҙйғЁй—Ё', '5', 'иӢҘдҫқ', '15888888888', 'ry@qq.com', '0', '0', 'admin', '2025-11-17 18:04:01', '', null);
INSERT INTO `sys_dept` VALUES ('108', '102', '0,100,102', 'еёӮеңәйғЁй—Ё', '1', 'иӢҘдҫқ', '15888888888', 'ry@qq.com', '0', '0', 'admin', '2025-11-17 18:04:01', '', null);
INSERT INTO `sys_dept` VALUES ('109', '102', '0,100,102', 'иҙўеҠЎйғЁй—Ё', '2', 'иӢҘдҫқ', '15888888888', 'ry@qq.com', '0', '0', 'admin', '2025-11-17 18:04:01', '', null);

-- ----------------------------
-- Table structure for sys_dict_data
-- ----------------------------
DROP TABLE IF EXISTS `sys_dict_data`;
CREATE TABLE `sys_dict_data` (
  `dict_code` bigint(20) NOT NULL AUTO_INCREMENT COMMENT 'еӯ—е…ёзј–з Ғ',
  `dict_sort` int(4) DEFAULT '0' COMMENT 'еӯ—е…ёжҺ’еәҸ',
  `dict_label` varchar(100) DEFAULT '' COMMENT 'еӯ—е…ёж Үзӯҫ',
  `dict_value` varchar(100) DEFAULT '' COMMENT 'еӯ—е…ёй”®еҖј',
  `dict_type` varchar(100) DEFAULT '' COMMENT 'еӯ—е…ёзұ»еһӢ',
  `css_class` varchar(100) DEFAULT NULL COMMENT 'ж ·ејҸеұһжҖ§пјҲе…¶д»–ж ·ејҸжү©еұ•пјү',
  `list_class` varchar(100) DEFAULT NULL COMMENT 'иЎЁж јеӣһжҳҫж ·ејҸ',
  `is_default` char(1) DEFAULT 'N' COMMENT 'жҳҜеҗҰй»ҳи®ӨпјҲYжҳҜ NеҗҰпјү',
  `status` char(1) DEFAULT '0' COMMENT 'зҠ¶жҖҒпјҲ0жӯЈеёё 1еҒңз”Ёпјү',
  `create_by` varchar(64) DEFAULT '' COMMENT 'еҲӣе»әиҖ…',
  `create_time` datetime DEFAULT NULL COMMENT 'еҲӣе»әж—¶й—ҙ',
  `update_by` varchar(64) DEFAULT '' COMMENT 'жӣҙж–°иҖ…',
  `update_time` datetime DEFAULT NULL COMMENT 'жӣҙж–°ж—¶й—ҙ',
  `remark` varchar(500) DEFAULT NULL COMMENT 'еӨҮжіЁ',
  PRIMARY KEY (`dict_code`)
) ENGINE=InnoDB AUTO_INCREMENT=1312 DEFAULT CHARSET=utf8 COMMENT='еӯ—е…ёж•°жҚ®иЎЁ';

-- ----------------------------
-- Records of sys_dict_data
-- ----------------------------
INSERT INTO `sys_dict_data` VALUES ('1', '1', 'з”·', '0', 'sys_user_sex', '', '', 'Y', '0', 'admin', '2025-11-17 18:04:02', '', null, 'жҖ§еҲ«з”·');
INSERT INTO `sys_dict_data` VALUES ('2', '2', 'еҘі', '1', 'sys_user_sex', '', '', 'N', '0', 'admin', '2025-11-17 18:04:02', '', null, 'жҖ§еҲ«еҘі');
INSERT INTO `sys_dict_data` VALUES ('3', '3', 'жңӘзҹҘ', '2', 'sys_user_sex', '', '', 'N', '0', 'admin', '2025-11-17 18:04:02', '', null, 'жҖ§еҲ«жңӘзҹҘ');
INSERT INTO `sys_dict_data` VALUES ('4', '1', 'жҳҫзӨә', '0', 'sys_show_hide', '', 'primary', 'Y', '0', 'admin', '2025-11-17 18:04:02', '', null, 'жҳҫзӨәиҸңеҚ•');
INSERT INTO `sys_dict_data` VALUES ('5', '2', 'йҡҗи—Ҹ', '1', 'sys_show_hide', '', 'danger', 'N', '0', 'admin', '2025-11-17 18:04:02', '', null, 'йҡҗи—ҸиҸңеҚ•');
INSERT INTO `sys_dict_data` VALUES ('6', '1', 'жӯЈеёё', '0', 'sys_normal_disable', '', 'primary', 'Y', '0', 'admin', '2025-11-17 18:04:02', '', null, 'жӯЈеёёзҠ¶жҖҒ');
INSERT INTO `sys_dict_data` VALUES ('7', '2', 'еҒңз”Ё', '1', 'sys_normal_disable', '', 'danger', 'N', '0', 'admin', '2025-11-17 18:04:02', '', null, 'еҒңз”ЁзҠ¶жҖҒ');
INSERT INTO `sys_dict_data` VALUES ('8', '1', 'жӯЈеёё', '0', 'sys_job_status', '', 'primary', 'Y', '0', 'admin', '2025-11-17 18:04:02', '', null, 'жӯЈеёёзҠ¶жҖҒ');
INSERT INTO `sys_dict_data` VALUES ('9', '2', 'жҡӮеҒң', '1', 'sys_job_status', '', 'danger', 'N', '0', 'admin', '2025-11-17 18:04:02', '', null, 'еҒңз”ЁзҠ¶жҖҒ');
INSERT INTO `sys_dict_data` VALUES ('10', '1', 'й»ҳи®Ө', 'DEFAULT', 'sys_job_group', '', '', 'Y', '0', 'admin', '2025-11-17 18:04:02', '', null, 'й»ҳи®ӨеҲҶз»„');
INSERT INTO `sys_dict_data` VALUES ('11', '2', 'зі»з»ҹ', 'SYSTEM', 'sys_job_group', '', '', 'N', '0', 'admin', '2025-11-17 18:04:02', '', null, 'зі»з»ҹеҲҶз»„');
INSERT INTO `sys_dict_data` VALUES ('12', '1', 'жҳҜ', 'Y', 'sys_yes_no', '', 'primary', 'Y', '0', 'admin', '2025-11-17 18:04:02', '', null, 'зі»з»ҹй»ҳи®ӨжҳҜ');
INSERT INTO `sys_dict_data` VALUES ('13', '2', 'еҗҰ', 'N', 'sys_yes_no', '', 'danger', 'N', '0', 'admin', '2025-11-17 18:04:02', '', null, 'зі»з»ҹй»ҳи®ӨеҗҰ');
INSERT INTO `sys_dict_data` VALUES ('14', '1', 'йҖҡзҹҘ', '1', 'sys_notice_type', '', 'warning', 'Y', '0', 'admin', '2025-11-17 18:04:02', '', null, 'йҖҡзҹҘ');
INSERT INTO `sys_dict_data` VALUES ('15', '2', 'е…¬е‘Ҡ', '2', 'sys_notice_type', '', 'success', 'N', '0', 'admin', '2025-11-17 18:04:02', '', null, 'е…¬е‘Ҡ');
INSERT INTO `sys_dict_data` VALUES ('16', '1', 'жӯЈеёё', '0', 'sys_notice_status', '', 'primary', 'Y', '0', 'admin', '2025-11-17 18:04:02', '', null, 'жӯЈеёёзҠ¶жҖҒ');
INSERT INTO `sys_dict_data` VALUES ('17', '2', 'е…ій—ӯ', '1', 'sys_notice_status', '', 'danger', 'N', '0', 'admin', '2025-11-17 18:04:02', '', null, 'е…ій—ӯзҠ¶жҖҒ');
INSERT INTO `sys_dict_data` VALUES ('18', '99', 'е…¶д»–', '0', 'sys_oper_type', '', 'info', 'N', '0', 'admin', '2025-11-17 18:04:02', '', null, 'е…¶д»–ж“ҚдҪң');
INSERT INTO `sys_dict_data` VALUES ('19', '1', 'ж–°еўһ', '1', 'sys_oper_type', '', 'info', 'N', '0', 'admin', '2025-11-17 18:04:02', '', null, 'ж–°еўһж“ҚдҪң');
INSERT INTO `sys_dict_data` VALUES ('20', '2', 'дҝ®ж”№', '2', 'sys_oper_type', '', 'info', 'N', '0', 'admin', '2025-11-17 18:04:02', '', null, 'дҝ®ж”№ж“ҚдҪң');
INSERT INTO `sys_dict_data` VALUES ('21', '3', 'еҲ йҷӨ', '3', 'sys_oper_type', '', 'danger', 'N', '0', 'admin', '2025-11-17 18:04:02', '', null, 'еҲ йҷӨж“ҚдҪң');
INSERT INTO `sys_dict_data` VALUES ('22', '4', 'жҺҲжқғ', '4', 'sys_oper_type', '', 'primary', 'N', '0', 'admin', '2025-11-17 18:04:02', '', null, 'жҺҲжқғж“ҚдҪң');
INSERT INTO `sys_dict_data` VALUES ('23', '5', 'еҜјеҮә', '5', 'sys_oper_type', '', 'warning', 'N', '0', 'admin', '2025-11-17 18:04:02', '', null, 'еҜјеҮәж“ҚдҪң');
INSERT INTO `sys_dict_data` VALUES ('24', '6', 'еҜје…Ҙ', '6', 'sys_oper_type', '', 'warning', 'N', '0', 'admin', '2025-11-17 18:04:02', '', null, 'еҜје…Ҙж“ҚдҪң');
INSERT INTO `sys_dict_data` VALUES ('25', '7', 'ејәйҖҖ', '7', 'sys_oper_type', '', 'danger', 'N', '0', 'admin', '2025-11-17 18:04:02', '', null, 'ејәйҖҖж“ҚдҪң');
INSERT INTO `sys_dict_data` VALUES ('26', '8', 'з”ҹжҲҗд»Јз Ғ', '8', 'sys_oper_type', '', 'warning', 'N', '0', 'admin', '2025-11-17 18:04:02', '', null, 'з”ҹжҲҗж“ҚдҪң');
INSERT INTO `sys_dict_data` VALUES ('27', '9', 'жё…з©әж•°жҚ®', '9', 'sys_oper_type', '', 'danger', 'N', '0', 'admin', '2025-11-17 18:04:02', '', null, 'жё…з©әж“ҚдҪң');
INSERT INTO `sys_dict_data` VALUES ('28', '1', 'жҲҗеҠҹ', '0', 'sys_common_status', '', 'primary', 'N', '0', 'admin', '2025-11-17 18:04:02', '', null, 'жӯЈеёёзҠ¶жҖҒ');
INSERT INTO `sys_dict_data` VALUES ('29', '2', 'еӨұиҙҘ', '1', 'sys_common_status', '', 'danger', 'N', '0', 'admin', '2025-11-17 18:04:02', '', null, 'еҒңз”ЁзҠ¶жҖҒ');
INSERT INTO `sys_dict_data` VALUES ('1000', '1', 'дәәжүҚе…¬еҜ“', '1', 'hz_project_type', '', 'primary', 'N', '0', 'admin', '2025-11-17 20:20:45', '', null, 'дәәжүҚе…¬еҜ“');
INSERT INTO `sys_dict_data` VALUES ('1001', '2', 'дҝқз§ҹжҲҝ', '2', 'hz_project_type', '', 'success', 'N', '0', 'admin', '2025-11-17 20:20:45', '', null, 'дҝқз§ҹжҲҝ');
INSERT INTO `sys_dict_data` VALUES ('1002', '3', 'еёӮеңәз§ҹиөҒ', '3', 'hz_project_type', '', 'info', 'N', '0', 'admin', '2025-11-17 20:20:45', '', null, 'еёӮеңәз§ҹиөҒ');
INSERT INTO `sys_dict_data` VALUES ('1010', '1', 'з©әзҪ®', '0', 'hz_house_status', '', 'success', 'N', '0', 'admin', '2025-11-17 20:20:46', '', null, 'з©әзҪ®еҸҜз§ҹ');
INSERT INTO `sys_dict_data` VALUES ('1011', '2', 'е·Ійў„и®ў', '1', 'hz_house_status', '', 'warning', 'N', '0', 'admin', '2025-11-17 20:20:46', '', null, 'е·Ійў„и®ў');
INSERT INTO `sys_dict_data` VALUES ('1012', '3', 'е·ІеҮәз§ҹ', '2', 'hz_house_status', '', 'danger', 'N', '0', 'admin', '2025-11-17 20:20:46', '', null, 'е·ІеҮәз§ҹ');
INSERT INTO `sys_dict_data` VALUES ('1013', '4', 'з»ҙдҝ®дёӯ', '3', 'hz_house_status', '', 'info', 'N', '0', 'admin', '2025-11-17 20:20:46', '', null, 'з»ҙдҝ®дёӯ');
INSERT INTO `sys_dict_data` VALUES ('1014', '5', 'дёӢжһ¶', '4', 'hz_house_status', '', 'default', 'N', '0', 'admin', '2025-11-17 20:20:46', '', null, 'дёӢжһ¶');
INSERT INTO `sys_dict_data` VALUES ('1020', '1', 'дёҖе®Ө', '1', 'hz_house_type', '', 'default', 'N', '0', 'admin', '2025-11-17 20:20:46', '', null, 'дёҖе®Ө');
INSERT INTO `sys_dict_data` VALUES ('1021', '2', 'дёҖе®ӨдёҖеҺ…', '2', 'hz_house_type', '', 'default', 'N', '0', 'admin', '2025-11-17 20:20:46', '', null, 'дёҖе®ӨдёҖеҺ…');
INSERT INTO `sys_dict_data` VALUES ('1022', '3', 'дёӨе®ӨдёҖеҺ…', '3', 'hz_house_type', '', 'default', 'N', '0', 'admin', '2025-11-17 20:20:46', '', null, 'дёӨе®ӨдёҖеҺ…');
INSERT INTO `sys_dict_data` VALUES ('1023', '4', 'дёӨе®ӨдёӨеҺ…', '4', 'hz_house_type', '', 'default', 'N', '0', 'admin', '2025-11-17 20:20:46', '', null, 'дёӨе®ӨдёӨеҺ…');
INSERT INTO `sys_dict_data` VALUES ('1024', '5', 'дёүе®ӨдёҖеҺ…', '5', 'hz_house_type', '', 'default', 'N', '0', 'admin', '2025-11-17 20:20:46', '', null, 'дёүе®ӨдёҖеҺ…');
INSERT INTO `sys_dict_data` VALUES ('1025', '6', 'дёүе®ӨдёӨеҺ…', '6', 'hz_house_type', '', 'default', 'N', '0', 'admin', '2025-11-17 20:20:46', '', null, 'дёүе®ӨдёӨеҺ…');
INSERT INTO `sys_dict_data` VALUES ('1030', '1', 'дёң', '1', 'hz_orientation', '', 'default', 'N', '0', 'admin', '2025-11-17 20:20:46', '', null, 'дёң');
INSERT INTO `sys_dict_data` VALUES ('1031', '2', 'еҚ—', '2', 'hz_orientation', '', 'default', 'N', '0', 'admin', '2025-11-17 20:20:46', '', null, 'еҚ—');
INSERT INTO `sys_dict_data` VALUES ('1032', '3', 'иҘҝ', '3', 'hz_orientation', '', 'default', 'N', '0', 'admin', '2025-11-17 20:20:46', '', null, 'иҘҝ');
INSERT INTO `sys_dict_data` VALUES ('1033', '4', 'еҢ—', '4', 'hz_orientation', '', 'default', 'N', '0', 'admin', '2025-11-17 20:20:46', '', null, 'еҢ—');
INSERT INTO `sys_dict_data` VALUES ('1034', '5', 'дёңеҚ—', '5', 'hz_orientation', '', 'default', 'N', '0', 'admin', '2025-11-17 20:20:46', '', null, 'дёңеҚ—');
INSERT INTO `sys_dict_data` VALUES ('1035', '6', 'иҘҝеҚ—', '6', 'hz_orientation', '', 'default', 'N', '0', 'admin', '2025-11-17 20:20:46', '', null, 'иҘҝеҚ—');
INSERT INTO `sys_dict_data` VALUES ('1036', '7', 'дёңеҢ—', '7', 'hz_orientation', '', 'default', 'N', '0', 'admin', '2025-11-17 20:20:46', '', null, 'дёңеҢ—');
INSERT INTO `sys_dict_data` VALUES ('1037', '8', 'иҘҝеҢ—', '8', 'hz_orientation', '', 'default', 'N', '0', 'admin', '2025-11-17 20:20:46', '', null, 'иҘҝеҢ—');
INSERT INTO `sys_dict_data` VALUES ('1040', '1', 'жҜӣеқҜ', '1', 'hz_decoration', '', 'default', 'N', '0', 'admin', '2025-11-17 20:20:46', '', null, 'жҜӣеқҜ');
INSERT INTO `sys_dict_data` VALUES ('1041', '2', 'з®ҖиЈ…', '2', 'hz_decoration', '', 'default', 'N', '0', 'admin', '2025-11-17 20:20:46', '', null, 'з®ҖиЈ…');
INSERT INTO `sys_dict_data` VALUES ('1042', '3', 'зІҫиЈ…', '3', 'hz_decoration', '', 'default', 'N', '0', 'admin', '2025-11-17 20:20:46', '', null, 'зІҫиЈ…');
INSERT INTO `sys_dict_data` VALUES ('1043', '4', 'иұӘиЈ…', '4', 'hz_decoration', '', 'default', 'N', '0', 'admin', '2025-11-17 20:20:46', '', null, 'иұӘиЈ…');
INSERT INTO `sys_dict_data` VALUES ('1050', '1', 'дәәжүҚе…¬еҜ“', '1', 'hz_contract_type', '', 'primary', 'N', '0', 'admin', '2025-11-17 20:20:46', '', null, 'дәәжүҚе…¬еҜ“еҗҲеҗҢ');
INSERT INTO `sys_dict_data` VALUES ('1051', '2', 'дҝқз§ҹжҲҝ', '2', 'hz_contract_type', '', 'success', 'N', '0', 'admin', '2025-11-17 20:20:46', '', null, 'дҝқз§ҹжҲҝеҗҲеҗҢ');
INSERT INTO `sys_dict_data` VALUES ('1052', '3', 'еёӮеңәз§ҹиөҒ', '3', 'hz_contract_type', '', 'info', 'N', '0', 'admin', '2025-11-17 20:20:46', '', null, 'еёӮеңәз§ҹиөҒеҗҲеҗҢ');
INSERT INTO `sys_dict_data` VALUES ('1060', '1', 'иҚүзЁҝ', '0', 'hz_contract_status', '', 'info', 'N', '0', 'admin', '2025-11-17 20:20:46', '', null, 'иҚүзЁҝ');
INSERT INTO `sys_dict_data` VALUES ('1061', '2', 'еҫ…зӯҫзҪІ', '1', 'hz_contract_status', '', 'warning', 'N', '0', 'admin', '2025-11-17 20:20:46', '', null, 'еҫ…зӯҫзҪІ');
INSERT INTO `sys_dict_data` VALUES ('1062', '3', 'е·ІзӯҫзҪІ', '2', 'hz_contract_status', '', 'primary', 'N', '0', 'admin', '2025-11-17 20:20:46', '', null, 'е·ІзӯҫзҪІ');
INSERT INTO `sys_dict_data` VALUES ('1063', '4', 'еұҘиЎҢдёӯ', '3', 'hz_contract_status', '', 'success', 'N', '0', 'admin', '2025-11-17 20:20:46', '', null, 'еұҘиЎҢдёӯ');
INSERT INTO `sys_dict_data` VALUES ('1064', '5', 'е·ІеҲ°жңҹ', '4', 'hz_contract_status', '', 'info', 'N', '0', 'admin', '2025-11-17 20:20:46', '', null, 'е·ІеҲ°жңҹ');
INSERT INTO `sys_dict_data` VALUES ('1065', '6', 'е·Іи§ЈзәҰ', '5', 'hz_contract_status', '', 'danger', 'N', '0', 'admin', '2025-11-17 20:20:46', '', null, 'е·Іи§ЈзәҰ');
INSERT INTO `sys_dict_data` VALUES ('1070', '1', 'жңҲд»ҳ', '1', 'hz_payment_cycle', '', 'default', 'N', '0', 'admin', '2025-11-17 20:20:46', '', null, 'жңҲд»ҳ');
INSERT INTO `sys_dict_data` VALUES ('1071', '2', 'еӯЈд»ҳ', '2', 'hz_payment_cycle', '', 'default', 'N', '0', 'admin', '2025-11-17 20:20:46', '', null, 'еӯЈд»ҳ');
INSERT INTO `sys_dict_data` VALUES ('1072', '3', 'еҚҠе№ҙд»ҳ', '3', 'hz_payment_cycle', '', 'default', 'N', '0', 'admin', '2025-11-17 20:20:46', '', null, 'еҚҠе№ҙд»ҳ');
INSERT INTO `sys_dict_data` VALUES ('1073', '4', 'е№ҙд»ҳ', '4', 'hz_payment_cycle', '', 'default', 'N', '0', 'admin', '2025-11-17 20:20:46', '', null, 'е№ҙд»ҳ');
INSERT INTO `sys_dict_data` VALUES ('1080', '1', 'еҫ…е®Ўж ё', '0', 'hz_qualification_result', '', 'info', 'N', '0', 'admin', '2025-11-17 20:20:46', '', null, 'еҫ…е®Ўж ё');
INSERT INTO `sys_dict_data` VALUES ('1081', '2', 'йҖҡиҝҮ', '1', 'hz_qualification_result', '', 'success', 'N', '0', 'admin', '2025-11-17 20:20:46', '', null, 'йҖҡиҝҮ');
INSERT INTO `sys_dict_data` VALUES ('1082', '3', 'дёҚйҖҡиҝҮ', '2', 'hz_qualification_result', '', 'danger', 'N', '0', 'admin', '2025-11-17 20:20:46', '', null, 'дёҚйҖҡиҝҮ');
INSERT INTO `sys_dict_data` VALUES ('1090', '1', 'жҠјйҮ‘', '1', 'hz_bill_type', '', 'primary', 'N', '0', 'admin', '2025-11-17 20:20:46', '', null, 'жҠјйҮ‘');
INSERT INTO `sys_dict_data` VALUES ('1091', '2', 'з§ҹйҮ‘', '2', 'hz_bill_type', '', 'success', 'N', '0', 'admin', '2025-11-17 20:20:46', '', null, 'з§ҹйҮ‘');
INSERT INTO `sys_dict_data` VALUES ('1092', '3', 'ж°ҙиҙ№', '3', 'hz_bill_type', '', 'info', 'N', '0', 'admin', '2025-11-17 20:20:46', '', null, 'ж°ҙиҙ№');
INSERT INTO `sys_dict_data` VALUES ('1093', '4', 'з”өиҙ№', '4', 'hz_bill_type', '', 'warning', 'N', '0', 'admin', '2025-11-17 20:20:46', '', null, 'з”өиҙ№');
INSERT INTO `sys_dict_data` VALUES ('1094', '5', 'зҮғж°”иҙ№', '5', 'hz_bill_type', '', 'default', 'N', '0', 'admin', '2025-11-17 20:20:46', '', null, 'зҮғж°”иҙ№');
INSERT INTO `sys_dict_data` VALUES ('1095', '6', 'зү©дёҡиҙ№', '6', 'hz_bill_type', '', 'primary', 'N', '0', 'admin', '2025-11-17 20:20:46', '', null, 'зү©дёҡиҙ№');
INSERT INTO `sys_dict_data` VALUES ('1096', '7', 'е…¶д»–', '7', 'hz_bill_type', '', 'default', 'N', '0', 'admin', '2025-11-17 20:20:46', '', null, 'е…¶д»–');
INSERT INTO `sys_dict_data` VALUES ('1100', '1', 'еҫ…ж”Ҝд»ҳ', '0', 'hz_bill_status', '', 'warning', 'N', '0', 'admin', '2025-11-17 20:20:46', '', null, 'еҫ…ж”Ҝд»ҳ');
INSERT INTO `sys_dict_data` VALUES ('1101', '2', 'е·Іж”Ҝд»ҳ', '1', 'hz_bill_status', '', 'success', 'N', '0', 'admin', '2025-11-17 20:20:46', '', null, 'е·Іж”Ҝд»ҳ');
INSERT INTO `sys_dict_data` VALUES ('1102', '3', 'йғЁеҲҶж”Ҝд»ҳ', '2', 'hz_bill_status', '', 'primary', 'N', '0', 'admin', '2025-11-17 20:20:46', '', null, 'йғЁеҲҶж”Ҝд»ҳ');
INSERT INTO `sys_dict_data` VALUES ('1103', '4', 'е·ІйҖҫжңҹ', '3', 'hz_bill_status', '', 'danger', 'N', '0', 'admin', '2025-11-17 20:20:46', '', null, 'е·ІйҖҫжңҹ');
INSERT INTO `sys_dict_data` VALUES ('1104', '5', 'е·Іе…ій—ӯ', '4', 'hz_bill_status', '', 'info', 'N', '0', 'admin', '2025-11-17 20:20:46', '', null, 'е·Іе…ій—ӯ');
INSERT INTO `sys_dict_data` VALUES ('1110', '1', 'ж”Ҝд»ҳе®қ', '1', 'hz_payment_method', '', 'primary', 'N', '0', 'admin', '2025-11-17 20:20:46', '', null, 'ж”Ҝд»ҳе®қ');
INSERT INTO `sys_dict_data` VALUES ('1111', '2', 'еҫ®дҝЎ', '2', 'hz_payment_method', '', 'success', 'N', '0', 'admin', '2025-11-17 20:20:46', '', null, 'еҫ®дҝЎ');
INSERT INTO `sys_dict_data` VALUES ('1112', '3', 'й“¶иЎҢеҚЎ', '3', 'hz_payment_method', '', 'info', 'N', '0', 'admin', '2025-11-17 20:20:46', '', null, 'й“¶иЎҢеҚЎ');
INSERT INTO `sys_dict_data` VALUES ('1113', '4', 'зҺ°йҮ‘', '4', 'hz_payment_method', '', 'default', 'N', '0', 'admin', '2025-11-17 20:20:46', '', null, 'зҺ°йҮ‘');
INSERT INTO `sys_dict_data` VALUES ('1114', '5', 'жёҜеҢәж”Ҝд»ҳ', '5', 'hz_payment_method', '', 'warning', 'N', '0', 'admin', '2025-11-17 20:20:46', '', null, 'жёҜеҢәж”Ҝд»ҳ');
INSERT INTO `sys_dict_data` VALUES ('1120', '1', 'еҫ…ж”Ҝд»ҳ', '0', 'hz_payment_status', '', 'info', 'N', '0', 'admin', '2025-11-17 20:20:46', '', null, 'еҫ…ж”Ҝд»ҳ');
INSERT INTO `sys_dict_data` VALUES ('1121', '2', 'ж”Ҝд»ҳжҲҗеҠҹ', '1', 'hz_payment_status', '', 'success', 'N', '0', 'admin', '2025-11-17 20:20:46', '', null, 'ж”Ҝд»ҳжҲҗеҠҹ');
INSERT INTO `sys_dict_data` VALUES ('1122', '3', 'ж”Ҝд»ҳеӨұиҙҘ', '2', 'hz_payment_status', '', 'danger', 'N', '0', 'admin', '2025-11-17 20:20:46', '', null, 'ж”Ҝд»ҳеӨұиҙҘ');
INSERT INTO `sys_dict_data` VALUES ('1123', '4', 'е·ІйҖҖж¬ҫ', '3', 'hz_payment_status', '', 'warning', 'N', '0', 'admin', '2025-11-17 20:20:46', '', null, 'е·ІйҖҖж¬ҫ');
INSERT INTO `sys_dict_data` VALUES ('1130', '1', 'еўһеҖјзЁҺжҷ®йҖҡеҸ‘зҘЁ', '1', 'hz_invoice_type', '', 'primary', 'N', '0', 'admin', '2025-11-17 20:20:46', '', null, 'еўһеҖјзЁҺжҷ®йҖҡеҸ‘зҘЁ');
INSERT INTO `sys_dict_data` VALUES ('1131', '2', 'еўһеҖјзЁҺдё“з”ЁеҸ‘зҘЁ', '2', 'hz_invoice_type', '', 'success', 'N', '0', 'admin', '2025-11-17 20:20:46', '', null, 'еўһеҖјзЁҺдё“з”ЁеҸ‘зҘЁ');
INSERT INTO `sys_dict_data` VALUES ('1140', '1', 'еҫ…е®Ўж ё', '0', 'hz_apply_status', '', 'info', 'N', '0', 'admin', '2025-11-17 20:20:46', '', null, 'еҫ…е®Ўж ё');
INSERT INTO `sys_dict_data` VALUES ('1141', '2', 'е·ІйҖҡиҝҮ', '1', 'hz_apply_status', '', 'success', 'N', '0', 'admin', '2025-11-17 20:20:46', '', null, 'е·ІйҖҡиҝҮ');
INSERT INTO `sys_dict_data` VALUES ('1142', '3', 'е·Ій©іеӣһ', '2', 'hz_apply_status', '', 'danger', 'N', '0', 'admin', '2025-11-17 20:20:46', '', null, 'е·Ій©іеӣһ');
INSERT INTO `sys_dict_data` VALUES ('1150', '1', 'еҫ…зЎ®и®Ө', '0', 'hz_appointment_status', '', 'info', 'N', '0', 'admin', '2025-11-17 20:20:46', '', null, 'еҫ…зЎ®и®Ө');
INSERT INTO `sys_dict_data` VALUES ('1151', '2', 'е·ІзЎ®и®Ө', '1', 'hz_appointment_status', '', 'primary', 'N', '0', 'admin', '2025-11-17 20:20:46', '', null, 'е·ІзЎ®и®Ө');
INSERT INTO `sys_dict_data` VALUES ('1152', '3', 'е·Іе®ҢжҲҗ', '2', 'hz_appointment_status', '', 'success', 'N', '0', 'admin', '2025-11-17 20:20:46', '', null, 'е·Іе®ҢжҲҗ');
INSERT INTO `sys_dict_data` VALUES ('1153', '4', 'е·ІеҸ–ж¶Ҳ', '3', 'hz_appointment_status', '', 'danger', 'N', '0', 'admin', '2025-11-17 20:20:46', '', null, 'е·ІеҸ–ж¶Ҳ');
INSERT INTO `sys_dict_data` VALUES ('1160', '1', 'иә«д»ҪиҜҒ', '1', 'hz_document_type', '', 'primary', 'N', '0', 'admin', '2025-11-17 20:20:46', '', null, 'иә«д»ҪиҜҒ');
INSERT INTO `sys_dict_data` VALUES ('1161', '2', 'еӯҰеҺҶиҜҒжҳҺ', '2', 'hz_document_type', '', 'success', 'N', '0', 'admin', '2025-11-17 20:20:46', '', null, 'еӯҰеҺҶиҜҒжҳҺ');
INSERT INTO `sys_dict_data` VALUES ('1162', '3', 'зӨҫдҝқиҜҒжҳҺ', '3', 'hz_document_type', '', 'info', 'N', '0', 'admin', '2025-11-17 20:20:46', '', null, 'зӨҫдҝқиҜҒжҳҺ');
INSERT INTO `sys_dict_data` VALUES ('1163', '4', 'ж”¶е…ҘиҜҒжҳҺ', '4', 'hz_document_type', '', 'warning', 'N', '0', 'admin', '2025-11-17 20:20:46', '', null, 'ж”¶е…ҘиҜҒжҳҺ');
INSERT INTO `sys_dict_data` VALUES ('1164', '5', 'жҲ·еҸЈжң¬', '5', 'hz_document_type', '', 'default', 'N', '0', 'admin', '2025-11-17 20:20:46', '', null, 'жҲ·еҸЈжң¬');
INSERT INTO `sys_dict_data` VALUES ('1165', '6', 'е©ҡе§»иҜҒжҳҺ', '6', 'hz_document_type', '', 'primary', 'N', '0', 'admin', '2025-11-17 20:20:46', '', null, 'е©ҡе§»иҜҒжҳҺ');
INSERT INTO `sys_dict_data` VALUES ('1166', '7', 'е…¶д»–', '7', 'hz_document_type', '', 'default', 'N', '0', 'admin', '2025-11-17 20:20:46', '', null, 'е…¶д»–');
INSERT INTO `sys_dict_data` VALUES ('1170', '1', 'еҫ…е®Ўж ё', '0', 'hz_audit_status', '', 'info', 'N', '0', 'admin', '2025-11-17 20:20:46', '', null, 'еҫ…е®Ўж ё');
INSERT INTO `sys_dict_data` VALUES ('1171', '2', 'е·ІйҖҡиҝҮ', '1', 'hz_audit_status', '', 'success', 'N', '0', 'admin', '2025-11-17 20:20:46', '', null, 'е·ІйҖҡиҝҮ');
INSERT INTO `sys_dict_data` VALUES ('1172', '3', 'е·Ій©іеӣһ', '2', 'hz_audit_status', '', 'danger', 'N', '0', 'admin', '2025-11-17 20:20:46', '', null, 'е·Ій©іеӣһ');
INSERT INTO `sys_dict_data` VALUES ('1180', '1', 'зі»з»ҹйҖҡзҹҘ', '1', 'hz_message_type', '', 'primary', 'N', '0', 'admin', '2025-11-17 20:20:46', '', null, 'зі»з»ҹйҖҡзҹҘ');
INSERT INTO `sys_dict_data` VALUES ('1181', '2', 'зҹӯдҝЎ', '2', 'hz_message_type', '', 'success', 'N', '0', 'admin', '2025-11-17 20:20:46', '', null, 'зҹӯдҝЎ');
INSERT INTO `sys_dict_data` VALUES ('1182', '3', 'йӮ®д»¶', '3', 'hz_message_type', '', 'info', 'N', '0', 'admin', '2025-11-17 20:20:46', '', null, 'йӮ®д»¶');
INSERT INTO `sys_dict_data` VALUES ('1190', '1', 'йҖҡзҹҘ', '1', 'hz_announcement_type', '', 'primary', 'N', '0', 'admin', '2025-11-17 20:20:46', '', null, 'йҖҡзҹҘ');
INSERT INTO `sys_dict_data` VALUES ('1191', '2', 'е…¬е‘Ҡ', '2', 'hz_announcement_type', '', 'success', 'N', '0', 'admin', '2025-11-17 20:20:46', '', null, 'е…¬е‘Ҡ');
INSERT INTO `sys_dict_data` VALUES ('1192', '3', 'жҙ»еҠЁ', '3', 'hz_announcement_type', '', 'warning', 'N', '0', 'admin', '2025-11-17 20:20:46', '', null, 'жҙ»еҠЁ');
INSERT INTO `sys_dict_data` VALUES ('1200', '1', 'е·ІйҖҖз§ҹ', '0', 'hz_checkin_status', '', 'info', 'N', '0', 'admin', '2025-11-17 20:20:46', '', null, 'е·ІйҖҖз§ҹ');
INSERT INTO `sys_dict_data` VALUES ('1201', '2', 'еңЁдҪҸ', '1', 'hz_checkin_status', '', 'success', 'N', '0', 'admin', '2025-11-17 20:20:46', '', null, 'еңЁдҪҸ');
INSERT INTO `sys_dict_data` VALUES ('1210', '1', 'еҗҲеҗҢеҲ°жңҹ', '1', 'hz_checkout_reason', '', 'default', 'N', '0', 'admin', '2025-11-17 20:20:46', '', null, 'еҗҲеҗҢеҲ°жңҹ');
INSERT INTO `sys_dict_data` VALUES ('1211', '2', 'е·ҘдҪңи°ғеҠЁ', '2', 'hz_checkout_reason', '', 'default', 'N', '0', 'admin', '2025-11-17 20:20:47', '', null, 'е·ҘдҪңи°ғеҠЁ');
INSERT INTO `sys_dict_data` VALUES ('1212', '3', 'иҙӯд№°дҪҸжҲҝ', '3', 'hz_checkout_reason', '', 'default', 'N', '0', 'admin', '2025-11-17 20:20:47', '', null, 'иҙӯд№°дҪҸжҲҝ');
INSERT INTO `sys_dict_data` VALUES ('1213', '4', 'е®¶еәӯеҺҹеӣ ', '4', 'hz_checkout_reason', '', 'default', 'N', '0', 'admin', '2025-11-17 20:20:47', '', null, 'е®¶еәӯеҺҹеӣ ');
INSERT INTO `sys_dict_data` VALUES ('1214', '5', 'жҲҝеұӢиҙЁйҮҸй—®йўҳ', '5', 'hz_checkout_reason', '', 'default', 'N', '0', 'admin', '2025-11-17 20:20:47', '', null, 'жҲҝеұӢиҙЁйҮҸй—®йўҳ');
INSERT INTO `sys_dict_data` VALUES ('1215', '6', 'е…¶д»–еҺҹеӣ ', '6', 'hz_checkout_reason', '', 'default', 'N', '0', 'admin', '2025-11-17 20:20:47', '', null, 'е…¶д»–еҺҹеӣ ');
INSERT INTO `sys_dict_data` VALUES ('1220', '1', 'е®ҢеҘҪ', '1', 'hz_item_status', '', 'success', 'N', '0', 'admin', '2025-11-17 20:20:47', '', null, 'е®ҢеҘҪ');
INSERT INTO `sys_dict_data` VALUES ('1221', '2', 'жҚҹеқҸ', '2', 'hz_item_status', '', 'warning', 'N', '0', 'admin', '2025-11-17 20:20:47', '', null, 'жҚҹеқҸ');
INSERT INTO `sys_dict_data` VALUES ('1222', '3', 'зјәеӨұ', '3', 'hz_item_status', '', 'danger', 'N', '0', 'admin', '2025-11-17 20:20:47', '', null, 'зјәеӨұ');
INSERT INTO `sys_dict_data` VALUES ('1230', '1', 'иҪ»еҫ®', '1', 'hz_damage_level', '', 'info', 'N', '0', 'admin', '2025-11-17 20:20:47', '', null, 'иҪ»еҫ®');
INSERT INTO `sys_dict_data` VALUES ('1231', '2', 'дёӯеәҰ', '2', 'hz_damage_level', '', 'warning', 'N', '0', 'admin', '2025-11-17 20:20:47', '', null, 'дёӯеәҰ');
INSERT INTO `sys_dict_data` VALUES ('1232', '3', 'дёҘйҮҚ', '3', 'hz_damage_level', '', 'danger', 'N', '0', 'admin', '2025-11-17 20:20:47', '', null, 'дёҘйҮҚ');
INSERT INTO `sys_dict_data` VALUES ('1240', '1', 'ж»ЎеҮҸ', '1', 'hz_coupon_type', '', 'primary', 'N', '0', 'admin', '2025-11-17 20:20:47', '', null, 'ж»ЎеҮҸ');
INSERT INTO `sys_dict_data` VALUES ('1241', '2', 'жҠҳжүЈ', '2', 'hz_coupon_type', '', 'success', 'N', '0', 'admin', '2025-11-17 20:20:47', '', null, 'жҠҳжүЈ');
INSERT INTO `sys_dict_data` VALUES ('1242', '3', 'жҠөжүЈ', '3', 'hz_coupon_type', '', 'warning', 'N', '0', 'admin', '2025-11-17 20:20:47', '', null, 'жҠөжүЈ');
INSERT INTO `sys_dict_data` VALUES ('1250', '1', 'еӨ„зҗҶдёӯ', '0', 'hz_refund_status', '', 'info', 'N', '0', 'admin', '2025-11-17 20:20:47', '', null, 'еӨ„зҗҶдёӯ');
INSERT INTO `sys_dict_data` VALUES ('1251', '2', 'жҲҗеҠҹ', '1', 'hz_refund_status', '', 'success', 'N', '0', 'admin', '2025-11-17 20:20:47', '', null, 'жҲҗеҠҹ');
INSERT INTO `sys_dict_data` VALUES ('1252', '3', 'еӨұиҙҘ', '2', 'hz_refund_status', '', 'danger', 'N', '0', 'admin', '2025-11-17 20:20:47', '', null, 'еӨұиҙҘ');
INSERT INTO `sys_dict_data` VALUES ('1260', '1', 'йҰ–йЎө', '1', 'hz_banner_type', '', 'primary', 'N', '0', 'admin', '2025-11-17 20:20:47', '', null, 'йҰ–йЎө');
INSERT INTO `sys_dict_data` VALUES ('1261', '2', 'йЎ№зӣ®иҜҰжғ…', '2', 'hz_banner_type', '', 'success', 'N', '0', 'admin', '2025-11-17 20:20:47', '', null, 'йЎ№зӣ®иҜҰжғ…');
INSERT INTO `sys_dict_data` VALUES ('1270', '1', 'еҲқдёӯеҸҠд»ҘдёӢ', '1', 'hz_education_level', '', 'default', 'N', '0', 'admin', '2025-11-17 20:20:47', '', null, 'еҲқдёӯеҸҠд»ҘдёӢ');
INSERT INTO `sys_dict_data` VALUES ('1271', '2', 'й«ҳдёӯ/дёӯдё“', '2', 'hz_education_level', '', 'default', 'N', '0', 'admin', '2025-11-17 20:20:47', '', null, 'й«ҳдёӯ/дёӯдё“');
INSERT INTO `sys_dict_data` VALUES ('1272', '3', 'еӨ§дё“', '3', 'hz_education_level', '', 'default', 'N', '0', 'admin', '2025-11-17 20:20:47', '', null, 'еӨ§дё“');
INSERT INTO `sys_dict_data` VALUES ('1273', '4', 'жң¬з§‘', '4', 'hz_education_level', '', 'primary', 'N', '0', 'admin', '2025-11-17 20:20:47', '', null, 'жң¬з§‘');
INSERT INTO `sys_dict_data` VALUES ('1274', '5', 'зЎ•еЈ«', '5', 'hz_education_level', '', 'success', 'N', '0', 'admin', '2025-11-17 20:20:47', '', null, 'зЎ•еЈ«');
INSERT INTO `sys_dict_data` VALUES ('1275', '6', 'еҚҡеЈ«', '6', 'hz_education_level', '', 'warning', 'N', '0', 'admin', '2025-11-17 20:20:47', '', null, 'еҚҡеЈ«');
INSERT INTO `sys_dict_data` VALUES ('1280', '1', 'жңӘе©ҡ', '1', 'hz_marriage_status', '', 'primary', 'N', '0', 'admin', '2025-11-17 20:20:47', '', null, 'жңӘе©ҡ');
INSERT INTO `sys_dict_data` VALUES ('1281', '2', 'е·Іе©ҡ', '2', 'hz_marriage_status', '', 'success', 'N', '0', 'admin', '2025-11-17 20:20:47', '', null, 'е·Іе©ҡ');
INSERT INTO `sys_dict_data` VALUES ('1282', '3', 'зҰ»ејӮ', '3', 'hz_marriage_status', '', 'info', 'N', '0', 'admin', '2025-11-17 20:20:47', '', null, 'зҰ»ејӮ');
INSERT INTO `sys_dict_data` VALUES ('1283', '4', 'дё§еҒ¶', '4', 'hz_marriage_status', '', 'default', 'N', '0', 'admin', '2025-11-17 20:20:47', '', null, 'дё§еҒ¶');
INSERT INTO `sys_dict_data` VALUES ('1290', '1', 'з”·', '0', 'hz_gender', '', 'primary', 'N', '0', 'admin', '2025-11-17 20:20:47', '', null, 'з”·жҖ§');
INSERT INTO `sys_dict_data` VALUES ('1291', '2', 'еҘі', '1', 'hz_gender', '', 'danger', 'N', '0', 'admin', '2025-11-17 20:20:47', '', null, 'еҘіжҖ§');
INSERT INTO `sys_dict_data` VALUES ('1300', '1', 'еҗҰ', '0', 'hz_yes_no', '', 'default', 'N', '0', 'admin', '2025-11-17 20:20:47', '', null, 'еҗҰ');
INSERT INTO `sys_dict_data` VALUES ('1301', '2', 'жҳҜ', '1', 'hz_yes_no', '', 'primary', 'N', '0', 'admin', '2025-11-17 20:20:47', '', null, 'жҳҜ');
INSERT INTO `sys_dict_data` VALUES ('1302', '1', 'е•ҶдёҡиЎ—', 'е•ҶдёҡиЎ—', 'project_facilities', null, null, 'N', '0', 'admin', '2026-01-12 00:24:49', '', null, null);
INSERT INTO `sys_dict_data` VALUES ('1303', '2', 'еҒңиҪҰеңә', 'еҒңиҪҰеңә', 'project_facilities', null, null, 'N', '0', 'admin', '2026-01-12 00:24:49', '', null, null);
INSERT INTO `sys_dict_data` VALUES ('1304', '3', 'иҝҗеҠЁеңә', 'иҝҗеҠЁеңә', 'project_facilities', null, null, 'N', '0', 'admin', '2026-01-12 00:24:49', '', null, null);
INSERT INTO `sys_dict_data` VALUES ('1305', '4', 'жёёжііжұ ', 'жёёжііжұ ', 'project_facilities', null, null, 'N', '0', 'admin', '2026-01-12 00:24:49', '', null, null);
INSERT INTO `sys_dict_data` VALUES ('1306', '5', 'еҒҘиә«жҲҝ', 'еҒҘиә«жҲҝ', 'project_facilities', null, null, 'N', '0', 'admin', '2026-01-12 00:24:49', '', null, null);
INSERT INTO `sys_dict_data` VALUES ('1307', '6', 'е„ҝз«Ҙд№җеӣӯ', 'е„ҝз«Ҙд№җеӣӯ', 'project_facilities', null, null, 'N', '0', 'admin', '2026-01-12 00:24:49', '', null, null);
INSERT INTO `sys_dict_data` VALUES ('1308', '7', 'еӣҫд№ҰйҰҶ', 'еӣҫд№ҰйҰҶ', 'project_facilities', null, null, 'N', '0', 'admin', '2026-01-12 00:24:49', '', null, null);
INSERT INTO `sys_dict_data` VALUES ('1309', '8', 'и¶…еёӮ', 'и¶…еёӮ', 'project_facilities', null, null, 'N', '0', 'admin', '2026-01-12 00:24:49', '', null, null);
INSERT INTO `sys_dict_data` VALUES ('1310', '9', 'еҢ»з–—е®Ө', 'еҢ»з–—е®Ө', 'project_facilities', null, null, 'N', '0', 'admin', '2026-01-12 00:24:49', '', null, null);
INSERT INTO `sys_dict_data` VALUES ('1311', '10', 'еҝ«йҖ’жҹң', 'еҝ«йҖ’жҹң', 'project_facilities', null, null, 'N', '0', 'admin', '2026-01-12 00:24:49', '', null, null);

-- ----------------------------
-- Table structure for sys_dict_type
-- ----------------------------
DROP TABLE IF EXISTS `sys_dict_type`;
CREATE TABLE `sys_dict_type` (
  `dict_id` bigint(20) NOT NULL AUTO_INCREMENT COMMENT 'еӯ—е…ёдё»й”®',
  `dict_name` varchar(100) DEFAULT '' COMMENT 'еӯ—е…ёеҗҚз§°',
  `dict_type` varchar(100) DEFAULT '' COMMENT 'еӯ—е…ёзұ»еһӢ',
  `status` char(1) DEFAULT '0' COMMENT 'зҠ¶жҖҒпјҲ0жӯЈеёё 1еҒңз”Ёпјү',
  `create_by` varchar(64) DEFAULT '' COMMENT 'еҲӣе»әиҖ…',
  `create_time` datetime DEFAULT NULL COMMENT 'еҲӣе»әж—¶й—ҙ',
  `update_by` varchar(64) DEFAULT '' COMMENT 'жӣҙж–°иҖ…',
  `update_time` datetime DEFAULT NULL COMMENT 'жӣҙж–°ж—¶й—ҙ',
  `remark` varchar(500) DEFAULT NULL COMMENT 'еӨҮжіЁ',
  PRIMARY KEY (`dict_id`),
  UNIQUE KEY `dict_type` (`dict_type`)
) ENGINE=InnoDB AUTO_INCREMENT=132 DEFAULT CHARSET=utf8 COMMENT='еӯ—е…ёзұ»еһӢиЎЁ';

-- ----------------------------
-- Records of sys_dict_type
-- ----------------------------
INSERT INTO `sys_dict_type` VALUES ('1', 'з”ЁжҲ·жҖ§еҲ«', 'sys_user_sex', '0', 'admin', '2025-11-17 18:04:02', '', null, 'з”ЁжҲ·жҖ§еҲ«еҲ—иЎЁ');
INSERT INTO `sys_dict_type` VALUES ('2', 'иҸңеҚ•зҠ¶жҖҒ', 'sys_show_hide', '0', 'admin', '2025-11-17 18:04:02', '', null, 'иҸңеҚ•зҠ¶жҖҒеҲ—иЎЁ');
INSERT INTO `sys_dict_type` VALUES ('3', 'зі»з»ҹејҖе…і', 'sys_normal_disable', '0', 'admin', '2025-11-17 18:04:02', '', null, 'зі»з»ҹејҖе…іеҲ—иЎЁ');
INSERT INTO `sys_dict_type` VALUES ('4', 'д»»еҠЎзҠ¶жҖҒ', 'sys_job_status', '0', 'admin', '2025-11-17 18:04:02', '', null, 'д»»еҠЎзҠ¶жҖҒеҲ—иЎЁ');
INSERT INTO `sys_dict_type` VALUES ('5', 'д»»еҠЎеҲҶз»„', 'sys_job_group', '0', 'admin', '2025-11-17 18:04:02', '', null, 'д»»еҠЎеҲҶз»„еҲ—иЎЁ');
INSERT INTO `sys_dict_type` VALUES ('6', 'зі»з»ҹжҳҜеҗҰ', 'sys_yes_no', '0', 'admin', '2025-11-17 18:04:02', '', null, 'зі»з»ҹжҳҜеҗҰеҲ—иЎЁ');
INSERT INTO `sys_dict_type` VALUES ('7', 'йҖҡзҹҘзұ»еһӢ', 'sys_notice_type', '0', 'admin', '2025-11-17 18:04:02', '', null, 'йҖҡзҹҘзұ»еһӢеҲ—иЎЁ');
INSERT INTO `sys_dict_type` VALUES ('8', 'йҖҡзҹҘзҠ¶жҖҒ', 'sys_notice_status', '0', 'admin', '2025-11-17 18:04:02', '', null, 'йҖҡзҹҘзҠ¶жҖҒеҲ—иЎЁ');
INSERT INTO `sys_dict_type` VALUES ('9', 'ж“ҚдҪңзұ»еһӢ', 'sys_oper_type', '0', 'admin', '2025-11-17 18:04:02', '', null, 'ж“ҚдҪңзұ»еһӢеҲ—иЎЁ');
INSERT INTO `sys_dict_type` VALUES ('10', 'зі»з»ҹзҠ¶жҖҒ', 'sys_common_status', '0', 'admin', '2025-11-17 18:04:02', '', null, 'зҷ»еҪ•зҠ¶жҖҒеҲ—иЎЁ');
INSERT INTO `sys_dict_type` VALUES ('100', 'з§ҹиөҒзұ»еһӢ', 'hz_project_type', '0', 'admin', '2025-11-17 20:20:45', '', null, 'жёҜеҘҪдҪҸз§ҹиөҒзұ»еһӢ');
INSERT INTO `sys_dict_type` VALUES ('101', 'жҲҝжәҗзҠ¶жҖҒ', 'hz_house_status', '0', 'admin', '2025-11-17 20:20:45', '', null, 'жҲҝжәҗзҠ¶жҖҒ');
INSERT INTO `sys_dict_type` VALUES ('102', 'жҲ·еһӢ', 'hz_house_type', '0', 'admin', '2025-11-17 20:20:45', '', null, 'жҲҝжәҗжҲ·еһӢ');
INSERT INTO `sys_dict_type` VALUES ('103', 'жңқеҗ‘', 'hz_orientation', '0', 'admin', '2025-11-17 20:20:45', '', null, 'жҲҝжәҗжңқеҗ‘');
INSERT INTO `sys_dict_type` VALUES ('104', 'иЈ…дҝ®жғ…еҶө', 'hz_decoration', '0', 'admin', '2025-11-17 20:20:45', '', null, 'жҲҝжәҗиЈ…дҝ®жғ…еҶө');
INSERT INTO `sys_dict_type` VALUES ('105', 'еҗҲеҗҢзұ»еһӢ', 'hz_contract_type', '0', 'admin', '2025-11-17 20:20:45', '', null, 'з§ҹиөҒеҗҲеҗҢзұ»еһӢ');
INSERT INTO `sys_dict_type` VALUES ('106', 'еҗҲеҗҢзҠ¶жҖҒ', 'hz_contract_status', '0', 'admin', '2025-11-17 20:20:45', '', null, 'еҗҲеҗҢзҠ¶жҖҒ');
INSERT INTO `sys_dict_type` VALUES ('107', 'зјҙиҙ№е‘Ёжңҹ', 'hz_payment_cycle', '0', 'admin', '2025-11-17 20:20:45', '', null, 'з§ҹйҮ‘зјҙиҙ№е‘Ёжңҹ');
INSERT INTO `sys_dict_type` VALUES ('108', 'иө„ж је®Ўж ёз»“жһң', 'hz_qualification_result', '0', 'admin', '2025-11-17 20:20:45', '', null, 'иө„ж је®Ўж ёз»“жһң');
INSERT INTO `sys_dict_type` VALUES ('109', 'иҙҰеҚ•зұ»еһӢ', 'hz_bill_type', '0', 'admin', '2025-11-17 20:20:45', '', null, 'иҙҰеҚ•зұ»еһӢ');
INSERT INTO `sys_dict_type` VALUES ('110', 'иҙҰеҚ•зҠ¶жҖҒ', 'hz_bill_status', '0', 'admin', '2025-11-17 20:20:45', '', null, 'иҙҰеҚ•зҠ¶жҖҒ');
INSERT INTO `sys_dict_type` VALUES ('111', 'ж”Ҝд»ҳж–№ејҸ', 'hz_payment_method', '0', 'admin', '2025-11-17 20:20:45', '', null, 'ж”Ҝд»ҳж–№ејҸ');
INSERT INTO `sys_dict_type` VALUES ('112', 'ж”Ҝд»ҳзҠ¶жҖҒ', 'hz_payment_status', '0', 'admin', '2025-11-17 20:20:45', '', null, 'ж”Ҝд»ҳзҠ¶жҖҒ');
INSERT INTO `sys_dict_type` VALUES ('113', 'еҸ‘зҘЁзұ»еһӢ', 'hz_invoice_type', '0', 'admin', '2025-11-17 20:20:45', '', null, 'еҸ‘зҘЁзұ»еһӢ');
INSERT INTO `sys_dict_type` VALUES ('114', 'з”іиҜ·зҠ¶жҖҒ', 'hz_apply_status', '0', 'admin', '2025-11-17 20:20:45', '', null, 'еҗ„зұ»з”іиҜ·зҠ¶жҖҒ');
INSERT INTO `sys_dict_type` VALUES ('115', 'йў„зәҰзҠ¶жҖҒ', 'hz_appointment_status', '0', 'admin', '2025-11-17 20:20:45', '', null, 'йў„зәҰзңӢжҲҝзҠ¶жҖҒ');
INSERT INTO `sys_dict_type` VALUES ('116', 'иө„ж–ҷзұ»еһӢ', 'hz_document_type', '0', 'admin', '2025-11-17 20:20:45', '', null, 'з§ҹжҲ·иө„ж–ҷзұ»еһӢ');
INSERT INTO `sys_dict_type` VALUES ('117', 'е®Ўж ёзҠ¶жҖҒ', 'hz_audit_status', '0', 'admin', '2025-11-17 20:20:45', '', null, 'е®Ўж ёзҠ¶жҖҒ');
INSERT INTO `sys_dict_type` VALUES ('118', 'ж¶ҲжҒҜзұ»еһӢ', 'hz_message_type', '0', 'admin', '2025-11-17 20:20:45', '', null, 'ж¶ҲжҒҜзұ»еһӢ');
INSERT INTO `sys_dict_type` VALUES ('119', 'е…¬е‘Ҡзұ»еһӢ', 'hz_announcement_type', '0', 'admin', '2025-11-17 20:20:45', '', null, 'е…¬е‘Ҡзұ»еһӢ');
INSERT INTO `sys_dict_type` VALUES ('120', 'е…ҘдҪҸзҠ¶жҖҒ', 'hz_checkin_status', '0', 'admin', '2025-11-17 20:20:45', '', null, 'е…ҘдҪҸзҠ¶жҖҒ');
INSERT INTO `sys_dict_type` VALUES ('121', 'йҖҖз§ҹеҺҹеӣ ', 'hz_checkout_reason', '0', 'admin', '2025-11-17 20:20:45', '', null, 'йҖҖз§ҹеҺҹеӣ ');
INSERT INTO `sys_dict_type` VALUES ('122', 'зү©е“ҒзҠ¶жҖҒ', 'hz_item_status', '0', 'admin', '2025-11-17 20:20:45', '', null, 'зү©е“ҒзҠ¶жҖҒ');
INSERT INTO `sys_dict_type` VALUES ('123', 'жҚҹеқҸзЁӢеәҰ', 'hz_damage_level', '0', 'admin', '2025-11-17 20:20:45', '', null, 'зү©е“ҒжҚҹеқҸзЁӢеәҰ');
INSERT INTO `sys_dict_type` VALUES ('124', 'дјҳжғ еҲёзұ»еһӢ', 'hz_coupon_type', '0', 'admin', '2025-11-17 20:20:45', '', null, 'дјҳжғ еҲёзұ»еһӢ');
INSERT INTO `sys_dict_type` VALUES ('125', 'йҖҖж¬ҫзҠ¶жҖҒ', 'hz_refund_status', '0', 'admin', '2025-11-17 20:20:45', '', null, 'йҖҖж¬ҫзҠ¶жҖҒ');
INSERT INTO `sys_dict_type` VALUES ('126', 'иҪ®ж’ӯеӣҫзұ»еһӢ', 'hz_banner_type', '0', 'admin', '2025-11-17 20:20:45', '', null, 'иҪ®ж’ӯеӣҫзұ»еһӢ');
INSERT INTO `sys_dict_type` VALUES ('127', 'еӯҰеҺҶ', 'hz_education_level', '0', 'admin', '2025-11-17 20:20:45', '', null, 'еӯҰеҺҶ');
INSERT INTO `sys_dict_type` VALUES ('128', 'е©ҡе§»зҠ¶еҶө', 'hz_marriage_status', '0', 'admin', '2025-11-17 20:20:45', '', null, 'е©ҡе§»зҠ¶еҶө');
INSERT INTO `sys_dict_type` VALUES ('129', 'жҖ§еҲ«', 'hz_gender', '0', 'admin', '2025-11-17 20:20:45', '', null, 'жҖ§еҲ«');
INSERT INTO `sys_dict_type` VALUES ('130', 'жҳҜеҗҰ', 'hz_yes_no', '0', 'admin', '2025-11-17 20:20:45', '', null, 'жҳҜеҗҰ');
INSERT INTO `sys_dict_type` VALUES ('131', 'йЎ№зӣ®й…ҚеҘ—и®ҫж–Ҫ', 'project_facilities', '0', 'admin', '2026-01-12 00:24:28', '', null, 'йЎ№зӣ®й…ҚеҘ—и®ҫж–Ҫзұ»еһӢ');

-- ----------------------------
-- Table structure for sys_job
-- ----------------------------
DROP TABLE IF EXISTS `sys_job`;
CREATE TABLE `sys_job` (
  `job_id` bigint(20) NOT NULL AUTO_INCREMENT COMMENT 'д»»еҠЎID',
  `job_name` varchar(64) NOT NULL DEFAULT '' COMMENT 'д»»еҠЎеҗҚз§°',
  `job_group` varchar(64) NOT NULL DEFAULT 'DEFAULT' COMMENT 'д»»еҠЎз»„еҗҚ',
  `invoke_target` varchar(500) NOT NULL COMMENT 'и°ғз”Ёзӣ®ж Үеӯ—з¬ҰдёІ',
  `cron_expression` varchar(255) DEFAULT '' COMMENT 'cronжү§иЎҢиЎЁиҫҫејҸ',
  `misfire_policy` varchar(20) DEFAULT '3' COMMENT 'и®ЎеҲ’жү§иЎҢй”ҷиҜҜзӯ–з•ҘпјҲ1з«ӢеҚіжү§иЎҢ 2жү§иЎҢдёҖж¬Ў 3ж”ҫејғжү§иЎҢпјү',
  `concurrent` char(1) DEFAULT '1' COMMENT 'жҳҜеҗҰе№¶еҸ‘жү§иЎҢпјҲ0е…Ғи®ё 1зҰҒжӯўпјү',
  `status` char(1) DEFAULT '0' COMMENT 'зҠ¶жҖҒпјҲ0жӯЈеёё 1жҡӮеҒңпјү',
  `create_by` varchar(64) DEFAULT '' COMMENT 'еҲӣе»әиҖ…',
  `create_time` datetime DEFAULT NULL COMMENT 'еҲӣе»әж—¶й—ҙ',
  `update_by` varchar(64) DEFAULT '' COMMENT 'жӣҙж–°иҖ…',
  `update_time` datetime DEFAULT NULL COMMENT 'жӣҙж–°ж—¶й—ҙ',
  `remark` varchar(500) DEFAULT '' COMMENT 'еӨҮжіЁдҝЎжҒҜ',
  PRIMARY KEY (`job_id`,`job_name`,`job_group`)
) ENGINE=InnoDB AUTO_INCREMENT=100 DEFAULT CHARSET=utf8 COMMENT='е®ҡж—¶д»»еҠЎи°ғеәҰиЎЁ';

-- ----------------------------
-- Records of sys_job
-- ----------------------------
INSERT INTO `sys_job` VALUES ('1', 'зі»з»ҹй»ҳи®ӨпјҲж— еҸӮпјү', 'DEFAULT', 'ryTask.ryNoParams', '0/10 * * * * ?', '3', '1', '1', 'admin', '2025-11-17 18:04:02', '', null, '');
INSERT INTO `sys_job` VALUES ('2', 'зі»з»ҹй»ҳи®ӨпјҲжңүеҸӮпјү', 'DEFAULT', 'ryTask.ryParams(\'ry\')', '0/15 * * * * ?', '3', '1', '1', 'admin', '2025-11-17 18:04:02', '', null, '');
INSERT INTO `sys_job` VALUES ('3', 'зі»з»ҹй»ҳи®ӨпјҲеӨҡеҸӮпјү', 'DEFAULT', 'ryTask.ryMultipleParams(\'ry\', true, 2000L, 316.50D, 100)', '0/20 * * * * ?', '3', '1', '1', 'admin', '2025-11-17 18:04:02', '', null, '');

-- ----------------------------
-- Table structure for sys_job_log
-- ----------------------------
DROP TABLE IF EXISTS `sys_job_log`;
CREATE TABLE `sys_job_log` (
  `job_log_id` bigint(20) NOT NULL AUTO_INCREMENT COMMENT 'д»»еҠЎж—Ҙеҝ—ID',
  `job_name` varchar(64) NOT NULL COMMENT 'д»»еҠЎеҗҚз§°',
  `job_group` varchar(64) NOT NULL COMMENT 'д»»еҠЎз»„еҗҚ',
  `invoke_target` varchar(500) NOT NULL COMMENT 'и°ғз”Ёзӣ®ж Үеӯ—з¬ҰдёІ',
  `job_message` varchar(500) DEFAULT NULL COMMENT 'ж—Ҙеҝ—дҝЎжҒҜ',
  `status` char(1) DEFAULT '0' COMMENT 'жү§иЎҢзҠ¶жҖҒпјҲ0жӯЈеёё 1еӨұиҙҘпјү',
  `exception_info` varchar(2000) DEFAULT '' COMMENT 'ејӮеёёдҝЎжҒҜ',
  `create_time` datetime DEFAULT NULL COMMENT 'еҲӣе»әж—¶й—ҙ',
  PRIMARY KEY (`job_log_id`)
) ENGINE=InnoDB DEFAULT CHARSET=utf8 COMMENT='е®ҡж—¶д»»еҠЎи°ғеәҰж—Ҙеҝ—иЎЁ';

-- ----------------------------
-- Records of sys_job_log
-- ----------------------------

-- ----------------------------
-- Table structure for sys_logininfor
-- ----------------------------
DROP TABLE IF EXISTS `sys_logininfor`;
CREATE TABLE `sys_logininfor` (
  `info_id` bigint(20) NOT NULL AUTO_INCREMENT COMMENT 'и®ҝй—®ID',
  `user_name` varchar(50) DEFAULT '' COMMENT 'з”ЁжҲ·иҙҰеҸ·',
  `ipaddr` varchar(128) DEFAULT '' COMMENT 'зҷ»еҪ•IPең°еқҖ',
  `login_location` varchar(255) DEFAULT '' COMMENT 'зҷ»еҪ•ең°зӮ№',
  `browser` varchar(50) DEFAULT '' COMMENT 'жөҸи§ҲеҷЁзұ»еһӢ',
  `os` varchar(50) DEFAULT '' COMMENT 'ж“ҚдҪңзі»з»ҹ',
  `status` char(1) DEFAULT '0' COMMENT 'зҷ»еҪ•зҠ¶жҖҒпјҲ0жҲҗеҠҹ 1еӨұиҙҘпјү',
  `msg` varchar(255) DEFAULT '' COMMENT 'жҸҗзӨәж¶ҲжҒҜ',
  `login_time` datetime DEFAULT NULL COMMENT 'и®ҝй—®ж—¶й—ҙ',
  PRIMARY KEY (`info_id`),
  KEY `idx_sys_logininfor_s` (`status`),
  KEY `idx_sys_logininfor_lt` (`login_time`)
) ENGINE=InnoDB AUTO_INCREMENT=137 DEFAULT CHARSET=utf8 COMMENT='зі»з»ҹи®ҝй—®и®°еҪ•';

-- ----------------------------
-- Records of sys_logininfor
-- ----------------------------
INSERT INTO `sys_logininfor` VALUES ('100', 'admin', '127.0.0.1', 'еҶ…зҪ‘IP', 'Chrome 14', 'Windows 10', '0', 'зҷ»еҪ•жҲҗеҠҹ', '2025-11-17 18:08:51');
INSERT INTO `sys_logininfor` VALUES ('101', 'admin', '127.0.0.1', 'еҶ…зҪ‘IP', 'Chrome 14', 'Windows 10', '0', 'зҷ»еҪ•жҲҗеҠҹ', '2025-11-17 19:05:51');
INSERT INTO `sys_logininfor` VALUES ('102', 'admin', '127.0.0.1', 'еҶ…зҪ‘IP', 'Chrome 14', 'Windows 10', '0', 'зҷ»еҪ•жҲҗеҠҹ', '2025-11-17 22:08:35');
INSERT INTO `sys_logininfor` VALUES ('103', 'admin', '127.0.0.1', 'еҶ…зҪ‘IP', 'Chrome 14', 'Windows 10', '0', 'зҷ»еҪ•жҲҗеҠҹ', '2025-11-17 23:30:49');
INSERT INTO `sys_logininfor` VALUES ('104', 'admin', '192.168.31.146', 'еҶ…зҪ‘IP', 'Chrome 14', 'Windows 10', '0', 'зҷ»еҪ•жҲҗеҠҹ', '2025-11-18 02:03:57');
INSERT INTO `sys_logininfor` VALUES ('105', 'admin', '127.0.0.1', 'еҶ…зҪ‘IP', 'Chrome 14', 'Windows 10', '0', 'зҷ»еҪ•жҲҗеҠҹ', '2025-11-18 16:58:50');
INSERT INTO `sys_logininfor` VALUES ('106', 'admin', '127.0.0.1', 'еҶ…зҪ‘IP', 'Chrome 14', 'Windows 10', '0', 'зҷ»еҪ•жҲҗеҠҹ', '2025-11-18 18:36:15');
INSERT INTO `sys_logininfor` VALUES ('107', 'admin', '127.0.0.1', 'еҶ…зҪ‘IP', 'Chrome 14', 'Windows 10', '0', 'йҖҖеҮәжҲҗеҠҹ', '2025-11-18 19:57:38');
INSERT INTO `sys_logininfor` VALUES ('108', 'admin', '127.0.0.1', 'еҶ…зҪ‘IP', 'Chrome 14', 'Windows 10', '0', 'зҷ»еҪ•жҲҗеҠҹ', '2025-11-18 19:57:41');
INSERT INTO `sys_logininfor` VALUES ('109', 'admin', '127.0.0.1', 'еҶ…зҪ‘IP', 'Chrome 14', 'Windows 10', '1', 'йӘҢиҜҒз Ғй”ҷиҜҜ', '2025-11-18 21:21:47');
INSERT INTO `sys_logininfor` VALUES ('110', 'admin', '127.0.0.1', 'еҶ…зҪ‘IP', 'Chrome 14', 'Windows 10', '0', 'зҷ»еҪ•жҲҗеҠҹ', '2025-11-18 21:21:50');
INSERT INTO `sys_logininfor` VALUES ('111', 'admin', '127.0.0.1', 'еҶ…зҪ‘IP', 'Chrome 14', 'Windows 10', '0', 'зҷ»еҪ•жҲҗеҠҹ', '2025-11-18 23:04:18');
INSERT INTO `sys_logininfor` VALUES ('112', 'admin', '127.0.0.1', 'еҶ…зҪ‘IP', 'Chrome 14', 'Windows 10', '0', 'зҷ»еҪ•жҲҗеҠҹ', '2025-11-19 00:01:51');
INSERT INTO `sys_logininfor` VALUES ('113', 'admin', '127.0.0.1', 'еҶ…зҪ‘IP', 'Chrome 14', 'Windows 10', '0', 'зҷ»еҪ•жҲҗеҠҹ', '2025-11-19 01:08:37');
INSERT INTO `sys_logininfor` VALUES ('114', 'admin', '127.0.0.1', 'еҶ…зҪ‘IP', 'Chrome 14', 'Windows 10', '0', 'йҖҖеҮәжҲҗеҠҹ', '2025-11-19 01:09:36');
INSERT INTO `sys_logininfor` VALUES ('115', 'admin', '127.0.0.1', 'еҶ…зҪ‘IP', 'Chrome 14', 'Windows 10', '0', 'зҷ»еҪ•жҲҗеҠҹ', '2025-11-19 01:09:48');
INSERT INTO `sys_logininfor` VALUES ('116', 'admin', '127.0.0.1', 'еҶ…зҪ‘IP', 'Chrome 14', 'Windows 10', '0', 'зҷ»еҪ•жҲҗеҠҹ', '2025-12-02 11:35:03');
INSERT INTO `sys_logininfor` VALUES ('117', 'admin', '127.0.0.1', 'еҶ…зҪ‘IP', 'Chrome 14', 'Windows 10', '0', 'зҷ»еҪ•жҲҗеҠҹ', '2025-12-06 14:27:27');
INSERT INTO `sys_logininfor` VALUES ('118', 'admin', '127.0.0.1', 'еҶ…зҪ‘IP', 'Chrome 14', 'Windows 10', '0', 'зҷ»еҪ•жҲҗеҠҹ', '2025-12-06 17:48:12');
INSERT INTO `sys_logininfor` VALUES ('119', 'admin', '127.0.0.1', 'еҶ…зҪ‘IP', 'Chrome 14', 'Windows 10', '0', 'йҖҖеҮәжҲҗеҠҹ', '2025-12-06 17:56:41');
INSERT INTO `sys_logininfor` VALUES ('120', 'admin', '127.0.0.1', 'еҶ…зҪ‘IP', 'Chrome 14', 'Windows 10', '0', 'зҷ»еҪ•жҲҗеҠҹ', '2025-12-06 17:56:42');
INSERT INTO `sys_logininfor` VALUES ('121', 'admin', '127.0.0.1', 'еҶ…зҪ‘IP', 'Chrome 14', 'Windows 10', '0', 'зҷ»еҪ•жҲҗеҠҹ', '2025-12-06 18:46:45');
INSERT INTO `sys_logininfor` VALUES ('122', 'admin', '127.0.0.1', 'еҶ…зҪ‘IP', 'Chrome 14', 'Windows 10', '0', 'зҷ»еҪ•жҲҗеҠҹ', '2025-12-07 18:01:34');
INSERT INTO `sys_logininfor` VALUES ('123', 'admin', '127.0.0.1', 'еҶ…зҪ‘IP', 'Chrome 14', 'Windows 10', '0', 'зҷ»еҪ•жҲҗеҠҹ', '2025-12-08 01:16:13');
INSERT INTO `sys_logininfor` VALUES ('124', 'admin', '127.0.0.1', 'еҶ…зҪ‘IP', 'Chrome 14', 'Windows 10', '0', 'зҷ»еҪ•жҲҗеҠҹ', '2025-12-25 02:28:52');
INSERT INTO `sys_logininfor` VALUES ('125', 'admin', '127.0.0.1', 'еҶ…зҪ‘IP', 'Chrome 14', 'Windows 10', '0', 'йҖҖеҮәжҲҗеҠҹ', '2026-01-06 10:57:45');
INSERT INTO `sys_logininfor` VALUES ('126', 'admin', '127.0.0.1', 'еҶ…зҪ‘IP', 'Chrome 14', 'Windows 10', '0', 'зҷ»еҪ•жҲҗеҠҹ', '2026-01-06 10:59:00');
INSERT INTO `sys_logininfor` VALUES ('127', 'admin', '127.0.0.1', 'еҶ…зҪ‘IP', 'Chrome 14', 'Windows 10', '0', 'йҖҖеҮәжҲҗеҠҹ', '2026-01-06 11:02:29');
INSERT INTO `sys_logininfor` VALUES ('128', 'admin', '127.0.0.1', 'еҶ…зҪ‘IP', 'Chrome 14', 'Windows 10', '0', 'зҷ»еҪ•жҲҗеҠҹ', '2026-01-06 11:04:00');
INSERT INTO `sys_logininfor` VALUES ('129', 'admin', '127.0.0.1', 'еҶ…зҪ‘IP', 'Chrome 14', 'Windows 10', '0', 'зҷ»еҪ•жҲҗеҠҹ', '2026-01-06 17:10:43');
INSERT INTO `sys_logininfor` VALUES ('130', 'admin', '127.0.0.1', 'еҶ…зҪ‘IP', 'Chrome 14', 'Windows 10', '0', 'зҷ»еҪ•жҲҗеҠҹ', '2026-01-09 11:48:07');
INSERT INTO `sys_logininfor` VALUES ('131', 'admin', '127.0.0.1', 'еҶ…зҪ‘IP', 'Chrome 14', 'Windows 10', '0', 'зҷ»еҪ•жҲҗеҠҹ', '2026-01-11 00:42:02');
INSERT INTO `sys_logininfor` VALUES ('132', 'admin', '127.0.0.1', 'еҶ…зҪ‘IP', 'Chrome 14', 'Windows 10', '0', 'зҷ»еҪ•жҲҗеҠҹ', '2026-01-11 14:54:52');
INSERT INTO `sys_logininfor` VALUES ('133', 'admin', '127.0.0.1', 'еҶ…зҪ‘IP', 'Chrome 14', 'Windows 10', '0', 'зҷ»еҪ•жҲҗеҠҹ', '2026-01-11 19:44:52');
INSERT INTO `sys_logininfor` VALUES ('134', 'admin', '127.0.0.1', 'еҶ…зҪ‘IP', 'Chrome 14', 'Windows 10', '0', 'зҷ»еҪ•жҲҗеҠҹ', '2026-01-11 23:55:42');
INSERT INTO `sys_logininfor` VALUES ('135', 'admin', '127.0.0.1', 'еҶ…зҪ‘IP', 'Chrome 14', 'Windows 10', '0', 'зҷ»еҪ•жҲҗеҠҹ', '2026-01-12 01:36:28');
INSERT INTO `sys_logininfor` VALUES ('136', 'admin', '127.0.0.1', 'еҶ…зҪ‘IP', 'Chrome 14', 'Windows 10', '0', 'зҷ»еҪ•жҲҗеҠҹ', '2026-01-12 03:09:00');

-- ----------------------------
-- Table structure for sys_menu
-- ----------------------------
DROP TABLE IF EXISTS `sys_menu`;
CREATE TABLE `sys_menu` (
  `menu_id` bigint(20) NOT NULL AUTO_INCREMENT COMMENT 'иҸңеҚ•ID',
  `menu_name` varchar(50) NOT NULL COMMENT 'иҸңеҚ•еҗҚз§°',
  `parent_id` bigint(20) DEFAULT '0' COMMENT 'зҲ¶иҸңеҚ•ID',
  `order_num` int(4) DEFAULT '0' COMMENT 'жҳҫзӨәйЎәеәҸ',
  `path` varchar(200) DEFAULT '' COMMENT 'и·Ҝз”ұең°еқҖ',
  `component` varchar(255) DEFAULT NULL COMMENT 'з»„д»¶и·Ҝеҫ„',
  `query` varchar(255) DEFAULT NULL COMMENT 'и·Ҝз”ұеҸӮж•°',
  `route_name` varchar(50) DEFAULT '' COMMENT 'и·Ҝз”ұеҗҚз§°',
  `is_frame` int(1) DEFAULT '1' COMMENT 'жҳҜеҗҰдёәеӨ–й“ҫпјҲ0жҳҜ 1еҗҰпјү',
  `is_cache` int(1) DEFAULT '0' COMMENT 'жҳҜеҗҰзј“еӯҳпјҲ0зј“еӯҳ 1дёҚзј“еӯҳпјү',
  `menu_type` char(1) DEFAULT '' COMMENT 'иҸңеҚ•зұ»еһӢпјҲMзӣ®еҪ• CиҸңеҚ• FжҢүй’®пјү',
  `visible` char(1) DEFAULT '0' COMMENT 'иҸңеҚ•зҠ¶жҖҒпјҲ0жҳҫзӨә 1йҡҗи—Ҹпјү',
  `status` char(1) DEFAULT '0' COMMENT 'иҸңеҚ•зҠ¶жҖҒпјҲ0жӯЈеёё 1еҒңз”Ёпјү',
  `perms` varchar(100) DEFAULT NULL COMMENT 'жқғйҷҗж ҮиҜҶ',
  `icon` varchar(100) DEFAULT '#' COMMENT 'иҸңеҚ•еӣҫж Ү',
  `create_by` varchar(64) DEFAULT '' COMMENT 'еҲӣе»әиҖ…',
  `create_time` datetime DEFAULT NULL COMMENT 'еҲӣе»әж—¶й—ҙ',
  `update_by` varchar(64) DEFAULT '' COMMENT 'жӣҙж–°иҖ…',
  `update_time` datetime DEFAULT NULL COMMENT 'жӣҙж–°ж—¶й—ҙ',
  `remark` varchar(500) DEFAULT '' COMMENT 'еӨҮжіЁ',
  PRIMARY KEY (`menu_id`)
) ENGINE=InnoDB AUTO_INCREMENT=4041 DEFAULT CHARSET=utf8 COMMENT='иҸңеҚ•жқғйҷҗиЎЁ';

-- ----------------------------
-- Records of sys_menu
-- ----------------------------
INSERT INTO `sys_menu` VALUES ('1', 'зі»з»ҹз®ЎзҗҶ', '0', '1', 'system', null, '', '', '1', '0', 'M', '0', '0', '', 'system', 'admin', '2025-11-17 18:04:01', '', null, 'зі»з»ҹз®ЎзҗҶзӣ®еҪ•');
INSERT INTO `sys_menu` VALUES ('2', 'зі»з»ҹзӣ‘жҺ§', '0', '2', 'monitor', null, '', '', '1', '0', 'M', '0', '0', '', 'monitor', 'admin', '2025-11-17 18:04:01', '', null, 'зі»з»ҹзӣ‘жҺ§зӣ®еҪ•');
INSERT INTO `sys_menu` VALUES ('3', 'зі»з»ҹе·Ҙе…·', '0', '3', 'tool', null, '', '', '1', '0', 'M', '0', '0', '', 'tool', 'admin', '2025-11-17 18:04:01', '', null, 'зі»з»ҹе·Ҙе…·зӣ®еҪ•');
INSERT INTO `sys_menu` VALUES ('100', 'з”ЁжҲ·з®ЎзҗҶ', '1', '1', 'user', 'system/user/index', '', '', '1', '0', 'C', '0', '0', 'system:user:list', 'user', 'admin', '2025-11-17 18:04:01', '', null, 'з”ЁжҲ·з®ЎзҗҶиҸңеҚ•');
INSERT INTO `sys_menu` VALUES ('101', 'и§’иүІз®ЎзҗҶ', '1', '2', 'role', 'system/role/index', '', '', '1', '0', 'C', '0', '0', 'system:role:list', 'peoples', 'admin', '2025-11-17 18:04:01', '', null, 'и§’иүІз®ЎзҗҶиҸңеҚ•');
INSERT INTO `sys_menu` VALUES ('102', 'иҸңеҚ•з®ЎзҗҶ', '1', '3', 'menu', 'system/menu/index', '', '', '1', '0', 'C', '0', '0', 'system:menu:list', 'tree-table', 'admin', '2025-11-17 18:04:01', '', null, 'иҸңеҚ•з®ЎзҗҶиҸңеҚ•');
INSERT INTO `sys_menu` VALUES ('103', 'йғЁй—Ёз®ЎзҗҶ', '1', '4', 'dept', 'system/dept/index', '', '', '1', '0', 'C', '0', '0', 'system:dept:list', 'tree', 'admin', '2025-11-17 18:04:01', '', null, 'йғЁй—Ёз®ЎзҗҶиҸңеҚ•');
INSERT INTO `sys_menu` VALUES ('104', 'еІ—дҪҚз®ЎзҗҶ', '1', '5', 'post', 'system/post/index', '', '', '1', '0', 'C', '0', '0', 'system:post:list', 'post', 'admin', '2025-11-17 18:04:01', '', null, 'еІ—дҪҚз®ЎзҗҶиҸңеҚ•');
INSERT INTO `sys_menu` VALUES ('105', 'еӯ—е…ёз®ЎзҗҶ', '1', '6', 'dict', 'system/dict/index', '', '', '1', '0', 'C', '0', '0', 'system:dict:list', 'dict', 'admin', '2025-11-17 18:04:01', '', null, 'еӯ—е…ёз®ЎзҗҶиҸңеҚ•');
INSERT INTO `sys_menu` VALUES ('106', 'еҸӮж•°и®ҫзҪ®', '1', '7', 'config', 'system/config/index', '', '', '1', '0', 'C', '0', '0', 'system:config:list', 'edit', 'admin', '2025-11-17 18:04:01', '', null, 'еҸӮж•°и®ҫзҪ®иҸңеҚ•');
INSERT INTO `sys_menu` VALUES ('107', 'йҖҡзҹҘе…¬е‘Ҡ', '1', '8', 'notice', 'system/notice/index', '', '', '1', '0', 'C', '0', '0', 'system:notice:list', 'message', 'admin', '2025-11-17 18:04:01', '', null, 'йҖҡзҹҘе…¬е‘ҠиҸңеҚ•');
INSERT INTO `sys_menu` VALUES ('108', 'ж—Ҙеҝ—з®ЎзҗҶ', '1', '9', 'log', '', '', '', '1', '0', 'M', '0', '0', '', 'log', 'admin', '2025-11-17 18:04:01', '', null, 'ж—Ҙеҝ—з®ЎзҗҶиҸңеҚ•');
INSERT INTO `sys_menu` VALUES ('109', 'еңЁзәҝз”ЁжҲ·', '2', '1', 'online', 'monitor/online/index', '', '', '1', '0', 'C', '0', '0', 'monitor:online:list', 'online', 'admin', '2025-11-17 18:04:01', '', null, 'еңЁзәҝз”ЁжҲ·иҸңеҚ•');
INSERT INTO `sys_menu` VALUES ('110', 'е®ҡж—¶д»»еҠЎ', '2', '2', 'job', 'monitor/job/index', '', '', '1', '0', 'C', '0', '0', 'monitor:job:list', 'job', 'admin', '2025-11-17 18:04:01', '', null, 'е®ҡж—¶д»»еҠЎиҸңеҚ•');
INSERT INTO `sys_menu` VALUES ('111', 'ж•°жҚ®зӣ‘жҺ§', '2', '3', 'druid', 'monitor/druid/index', '', '', '1', '0', 'C', '0', '0', 'monitor:druid:list', 'druid', 'admin', '2025-11-17 18:04:01', '', null, 'ж•°жҚ®зӣ‘жҺ§иҸңеҚ•');
INSERT INTO `sys_menu` VALUES ('112', 'жңҚеҠЎзӣ‘жҺ§', '2', '4', 'server', 'monitor/server/index', '', '', '1', '0', 'C', '0', '0', 'monitor:server:list', 'server', 'admin', '2025-11-17 18:04:01', '', null, 'жңҚеҠЎзӣ‘жҺ§иҸңеҚ•');
INSERT INTO `sys_menu` VALUES ('113', 'зј“еӯҳзӣ‘жҺ§', '2', '5', 'cache', 'monitor/cache/index', '', '', '1', '0', 'C', '0', '0', 'monitor:cache:list', 'redis', 'admin', '2025-11-17 18:04:01', '', null, 'зј“еӯҳзӣ‘жҺ§иҸңеҚ•');
INSERT INTO `sys_menu` VALUES ('114', 'зј“еӯҳеҲ—иЎЁ', '2', '6', 'cacheList', 'monitor/cache/list', '', '', '1', '0', 'C', '0', '0', 'monitor:cache:list', 'redis-list', 'admin', '2025-11-17 18:04:01', '', null, 'зј“еӯҳеҲ—иЎЁиҸңеҚ•');
INSERT INTO `sys_menu` VALUES ('115', 'иЎЁеҚ•жһ„е»ә', '3', '1', 'build', 'tool/build/index', '', '', '1', '0', 'C', '0', '0', 'tool:build:list', 'build', 'admin', '2025-11-17 18:04:01', '', null, 'иЎЁеҚ•жһ„е»әиҸңеҚ•');
INSERT INTO `sys_menu` VALUES ('116', 'д»Јз Ғз”ҹжҲҗ', '3', '2', 'gen', 'tool/gen/index', '', '', '1', '0', 'C', '0', '0', 'tool:gen:list', 'code', 'admin', '2025-11-17 18:04:01', '', null, 'д»Јз Ғз”ҹжҲҗиҸңеҚ•');
INSERT INTO `sys_menu` VALUES ('117', 'зі»з»ҹжҺҘеҸЈ', '3', '3', 'swagger', 'tool/swagger/index', '', '', '1', '0', 'C', '0', '0', 'tool:swagger:list', 'swagger', 'admin', '2025-11-17 18:04:01', '', null, 'зі»з»ҹжҺҘеҸЈиҸңеҚ•');
INSERT INTO `sys_menu` VALUES ('500', 'ж“ҚдҪңж—Ҙеҝ—', '108', '1', 'operlog', 'monitor/operlog/index', '', '', '1', '0', 'C', '0', '0', 'monitor:operlog:list', 'form', 'admin', '2025-11-17 18:04:01', '', null, 'ж“ҚдҪңж—Ҙеҝ—иҸңеҚ•');
INSERT INTO `sys_menu` VALUES ('501', 'зҷ»еҪ•ж—Ҙеҝ—', '108', '2', 'logininfor', 'monitor/logininfor/index', '', '', '1', '0', 'C', '0', '0', 'monitor:logininfor:list', 'logininfor', 'admin', '2025-11-17 18:04:01', '', null, 'зҷ»еҪ•ж—Ҙеҝ—иҸңеҚ•');
INSERT INTO `sys_menu` VALUES ('1000', 'з”ЁжҲ·жҹҘиҜў', '100', '1', '', '', '', '', '1', '0', 'F', '0', '0', 'system:user:query', '#', 'admin', '2025-11-17 18:04:01', '', null, '');
INSERT INTO `sys_menu` VALUES ('1001', 'з”ЁжҲ·ж–°еўһ', '100', '2', '', '', '', '', '1', '0', 'F', '0', '0', 'system:user:add', '#', 'admin', '2025-11-17 18:04:01', '', null, '');
INSERT INTO `sys_menu` VALUES ('1002', 'з”ЁжҲ·дҝ®ж”№', '100', '3', '', '', '', '', '1', '0', 'F', '0', '0', 'system:user:edit', '#', 'admin', '2025-11-17 18:04:01', '', null, '');
INSERT INTO `sys_menu` VALUES ('1003', 'з”ЁжҲ·еҲ йҷӨ', '100', '4', '', '', '', '', '1', '0', 'F', '0', '0', 'system:user:remove', '#', 'admin', '2025-11-17 18:04:01', '', null, '');
INSERT INTO `sys_menu` VALUES ('1004', 'з”ЁжҲ·еҜјеҮә', '100', '5', '', '', '', '', '1', '0', 'F', '0', '0', 'system:user:export', '#', 'admin', '2025-11-17 18:04:01', '', null, '');
INSERT INTO `sys_menu` VALUES ('1005', 'з”ЁжҲ·еҜје…Ҙ', '100', '6', '', '', '', '', '1', '0', 'F', '0', '0', 'system:user:import', '#', 'admin', '2025-11-17 18:04:01', '', null, '');
INSERT INTO `sys_menu` VALUES ('1006', 'йҮҚзҪ®еҜҶз Ғ', '100', '7', '', '', '', '', '1', '0', 'F', '0', '0', 'system:user:resetPwd', '#', 'admin', '2025-11-17 18:04:01', '', null, '');
INSERT INTO `sys_menu` VALUES ('1007', 'и§’иүІжҹҘиҜў', '101', '1', '', '', '', '', '1', '0', 'F', '0', '0', 'system:role:query', '#', 'admin', '2025-11-17 18:04:01', '', null, '');
INSERT INTO `sys_menu` VALUES ('1008', 'и§’иүІж–°еўһ', '101', '2', '', '', '', '', '1', '0', 'F', '0', '0', 'system:role:add', '#', 'admin', '2025-11-17 18:04:01', '', null, '');
INSERT INTO `sys_menu` VALUES ('1009', 'и§’иүІдҝ®ж”№', '101', '3', '', '', '', '', '1', '0', 'F', '0', '0', 'system:role:edit', '#', 'admin', '2025-11-17 18:04:01', '', null, '');
INSERT INTO `sys_menu` VALUES ('1010', 'и§’иүІеҲ йҷӨ', '101', '4', '', '', '', '', '1', '0', 'F', '0', '0', 'system:role:remove', '#', 'admin', '2025-11-17 18:04:01', '', null, '');
INSERT INTO `sys_menu` VALUES ('1011', 'и§’иүІеҜјеҮә', '101', '5', '', '', '', '', '1', '0', 'F', '0', '0', 'system:role:export', '#', 'admin', '2025-11-17 18:04:01', '', null, '');
INSERT INTO `sys_menu` VALUES ('1012', 'иҸңеҚ•жҹҘиҜў', '102', '1', '', '', '', '', '1', '0', 'F', '0', '0', 'system:menu:query', '#', 'admin', '2025-11-17 18:04:01', '', null, '');
INSERT INTO `sys_menu` VALUES ('1013', 'иҸңеҚ•ж–°еўһ', '102', '2', '', '', '', '', '1', '0', 'F', '0', '0', 'system:menu:add', '#', 'admin', '2025-11-17 18:04:01', '', null, '');
INSERT INTO `sys_menu` VALUES ('1014', 'иҸңеҚ•дҝ®ж”№', '102', '3', '', '', '', '', '1', '0', 'F', '0', '0', 'system:menu:edit', '#', 'admin', '2025-11-17 18:04:01', '', null, '');
INSERT INTO `sys_menu` VALUES ('1015', 'иҸңеҚ•еҲ йҷӨ', '102', '4', '', '', '', '', '1', '0', 'F', '0', '0', 'system:menu:remove', '#', 'admin', '2025-11-17 18:04:01', '', null, '');
INSERT INTO `sys_menu` VALUES ('1016', 'йғЁй—ЁжҹҘиҜў', '103', '1', '', '', '', '', '1', '0', 'F', '0', '0', 'system:dept:query', '#', 'admin', '2025-11-17 18:04:01', '', null, '');
INSERT INTO `sys_menu` VALUES ('1017', 'йғЁй—Ёж–°еўһ', '103', '2', '', '', '', '', '1', '0', 'F', '0', '0', 'system:dept:add', '#', 'admin', '2025-11-17 18:04:01', '', null, '');
INSERT INTO `sys_menu` VALUES ('1018', 'йғЁй—Ёдҝ®ж”№', '103', '3', '', '', '', '', '1', '0', 'F', '0', '0', 'system:dept:edit', '#', 'admin', '2025-11-17 18:04:01', '', null, '');
INSERT INTO `sys_menu` VALUES ('1019', 'йғЁй—ЁеҲ йҷӨ', '103', '4', '', '', '', '', '1', '0', 'F', '0', '0', 'system:dept:remove', '#', 'admin', '2025-11-17 18:04:01', '', null, '');
INSERT INTO `sys_menu` VALUES ('1020', 'еІ—дҪҚжҹҘиҜў', '104', '1', '', '', '', '', '1', '0', 'F', '0', '0', 'system:post:query', '#', 'admin', '2025-11-17 18:04:01', '', null, '');
INSERT INTO `sys_menu` VALUES ('1021', 'еІ—дҪҚж–°еўһ', '104', '2', '', '', '', '', '1', '0', 'F', '0', '0', 'system:post:add', '#', 'admin', '2025-11-17 18:04:01', '', null, '');
INSERT INTO `sys_menu` VALUES ('1022', 'еІ—дҪҚдҝ®ж”№', '104', '3', '', '', '', '', '1', '0', 'F', '0', '0', 'system:post:edit', '#', 'admin', '2025-11-17 18:04:01', '', null, '');
INSERT INTO `sys_menu` VALUES ('1023', 'еІ—дҪҚеҲ йҷӨ', '104', '4', '', '', '', '', '1', '0', 'F', '0', '0', 'system:post:remove', '#', 'admin', '2025-11-17 18:04:01', '', null, '');
INSERT INTO `sys_menu` VALUES ('1024', 'еІ—дҪҚеҜјеҮә', '104', '5', '', '', '', '', '1', '0', 'F', '0', '0', 'system:post:export', '#', 'admin', '2025-11-17 18:04:01', '', null, '');
INSERT INTO `sys_menu` VALUES ('1025', 'еӯ—е…ёжҹҘиҜў', '105', '1', '#', '', '', '', '1', '0', 'F', '0', '0', 'system:dict:query', '#', 'admin', '2025-11-17 18:04:01', '', null, '');
INSERT INTO `sys_menu` VALUES ('1026', 'еӯ—е…ёж–°еўһ', '105', '2', '#', '', '', '', '1', '0', 'F', '0', '0', 'system:dict:add', '#', 'admin', '2025-11-17 18:04:01', '', null, '');
INSERT INTO `sys_menu` VALUES ('1027', 'еӯ—е…ёдҝ®ж”№', '105', '3', '#', '', '', '', '1', '0', 'F', '0', '0', 'system:dict:edit', '#', 'admin', '2025-11-17 18:04:01', '', null, '');
INSERT INTO `sys_menu` VALUES ('1028', 'еӯ—е…ёеҲ йҷӨ', '105', '4', '#', '', '', '', '1', '0', 'F', '0', '0', 'system:dict:remove', '#', 'admin', '2025-11-17 18:04:01', '', null, '');
INSERT INTO `sys_menu` VALUES ('1029', 'еӯ—е…ёеҜјеҮә', '105', '5', '#', '', '', '', '1', '0', 'F', '0', '0', 'system:dict:export', '#', 'admin', '2025-11-17 18:04:01', '', null, '');
INSERT INTO `sys_menu` VALUES ('1030', 'еҸӮж•°жҹҘиҜў', '106', '1', '#', '', '', '', '1', '0', 'F', '0', '0', 'system:config:query', '#', 'admin', '2025-11-17 18:04:01', '', null, '');
INSERT INTO `sys_menu` VALUES ('1031', 'еҸӮж•°ж–°еўһ', '106', '2', '#', '', '', '', '1', '0', 'F', '0', '0', 'system:config:add', '#', 'admin', '2025-11-17 18:04:01', '', null, '');
INSERT INTO `sys_menu` VALUES ('1032', 'еҸӮж•°дҝ®ж”№', '106', '3', '#', '', '', '', '1', '0', 'F', '0', '0', 'system:config:edit', '#', 'admin', '2025-11-17 18:04:01', '', null, '');
INSERT INTO `sys_menu` VALUES ('1033', 'еҸӮж•°еҲ йҷӨ', '106', '4', '#', '', '', '', '1', '0', 'F', '0', '0', 'system:config:remove', '#', 'admin', '2025-11-17 18:04:01', '', null, '');
INSERT INTO `sys_menu` VALUES ('1034', 'еҸӮж•°еҜјеҮә', '106', '5', '#', '', '', '', '1', '0', 'F', '0', '0', 'system:config:export', '#', 'admin', '2025-11-17 18:04:01', '', null, '');
INSERT INTO `sys_menu` VALUES ('1035', 'е…¬е‘ҠжҹҘиҜў', '107', '1', '#', '', '', '', '1', '0', 'F', '0', '0', 'system:notice:query', '#', 'admin', '2025-11-17 18:04:01', '', null, '');
INSERT INTO `sys_menu` VALUES ('1036', 'е…¬е‘Ҡж–°еўһ', '107', '2', '#', '', '', '', '1', '0', 'F', '0', '0', 'system:notice:add', '#', 'admin', '2025-11-17 18:04:01', '', null, '');
INSERT INTO `sys_menu` VALUES ('1037', 'е…¬е‘Ҡдҝ®ж”№', '107', '3', '#', '', '', '', '1', '0', 'F', '0', '0', 'system:notice:edit', '#', 'admin', '2025-11-17 18:04:01', '', null, '');
INSERT INTO `sys_menu` VALUES ('1038', 'е…¬е‘ҠеҲ йҷӨ', '107', '4', '#', '', '', '', '1', '0', 'F', '0', '0', 'system:notice:remove', '#', 'admin', '2025-11-17 18:04:01', '', null, '');
INSERT INTO `sys_menu` VALUES ('1039', 'ж“ҚдҪңжҹҘиҜў', '500', '1', '#', '', '', '', '1', '0', 'F', '0', '0', 'monitor:operlog:query', '#', 'admin', '2025-11-17 18:04:01', '', null, '');
INSERT INTO `sys_menu` VALUES ('1040', 'ж“ҚдҪңеҲ йҷӨ', '500', '2', '#', '', '', '', '1', '0', 'F', '0', '0', 'monitor:operlog:remove', '#', 'admin', '2025-11-17 18:04:01', '', null, '');
INSERT INTO `sys_menu` VALUES ('1041', 'ж—Ҙеҝ—еҜјеҮә', '500', '3', '#', '', '', '', '1', '0', 'F', '0', '0', 'monitor:operlog:export', '#', 'admin', '2025-11-17 18:04:01', '', null, '');
INSERT INTO `sys_menu` VALUES ('1042', 'зҷ»еҪ•жҹҘиҜў', '501', '1', '#', '', '', '', '1', '0', 'F', '0', '0', 'monitor:logininfor:query', '#', 'admin', '2025-11-17 18:04:01', '', null, '');
INSERT INTO `sys_menu` VALUES ('1043', 'зҷ»еҪ•еҲ йҷӨ', '501', '2', '#', '', '', '', '1', '0', 'F', '0', '0', 'monitor:logininfor:remove', '#', 'admin', '2025-11-17 18:04:01', '', null, '');
INSERT INTO `sys_menu` VALUES ('1044', 'ж—Ҙеҝ—еҜјеҮә', '501', '3', '#', '', '', '', '1', '0', 'F', '0', '0', 'monitor:logininfor:export', '#', 'admin', '2025-11-17 18:04:01', '', null, '');
INSERT INTO `sys_menu` VALUES ('1045', 'иҙҰжҲ·и§Јй”Ғ', '501', '4', '#', '', '', '', '1', '0', 'F', '0', '0', 'monitor:logininfor:unlock', '#', 'admin', '2025-11-17 18:04:01', '', null, '');
INSERT INTO `sys_menu` VALUES ('1046', 'еңЁзәҝжҹҘиҜў', '109', '1', '#', '', '', '', '1', '0', 'F', '0', '0', 'monitor:online:query', '#', 'admin', '2025-11-17 18:04:01', '', null, '');
INSERT INTO `sys_menu` VALUES ('1047', 'жү№йҮҸејәйҖҖ', '109', '2', '#', '', '', '', '1', '0', 'F', '0', '0', 'monitor:online:batchLogout', '#', 'admin', '2025-11-17 18:04:01', '', null, '');
INSERT INTO `sys_menu` VALUES ('1048', 'еҚ•жқЎејәйҖҖ', '109', '3', '#', '', '', '', '1', '0', 'F', '0', '0', 'monitor:online:forceLogout', '#', 'admin', '2025-11-17 18:04:01', '', null, '');
INSERT INTO `sys_menu` VALUES ('1049', 'д»»еҠЎжҹҘиҜў', '110', '1', '#', '', '', '', '1', '0', 'F', '0', '0', 'monitor:job:query', '#', 'admin', '2025-11-17 18:04:01', '', null, '');
INSERT INTO `sys_menu` VALUES ('1050', 'д»»еҠЎж–°еўһ', '110', '2', '#', '', '', '', '1', '0', 'F', '0', '0', 'monitor:job:add', '#', 'admin', '2025-11-17 18:04:01', '', null, '');
INSERT INTO `sys_menu` VALUES ('1051', 'д»»еҠЎдҝ®ж”№', '110', '3', '#', '', '', '', '1', '0', 'F', '0', '0', 'monitor:job:edit', '#', 'admin', '2025-11-17 18:04:01', '', null, '');
INSERT INTO `sys_menu` VALUES ('1052', 'д»»еҠЎеҲ йҷӨ', '110', '4', '#', '', '', '', '1', '0', 'F', '0', '0', 'monitor:job:remove', '#', 'admin', '2025-11-17 18:04:01', '', null, '');
INSERT INTO `sys_menu` VALUES ('1053', 'зҠ¶жҖҒдҝ®ж”№', '110', '5', '#', '', '', '', '1', '0', 'F', '0', '0', 'monitor:job:changeStatus', '#', 'admin', '2025-11-17 18:04:01', '', null, '');
INSERT INTO `sys_menu` VALUES ('1054', 'д»»еҠЎеҜјеҮә', '110', '6', '#', '', '', '', '1', '0', 'F', '0', '0', 'monitor:job:export', '#', 'admin', '2025-11-17 18:04:01', '', null, '');
INSERT INTO `sys_menu` VALUES ('1055', 'з”ҹжҲҗжҹҘиҜў', '116', '1', '#', '', '', '', '1', '0', 'F', '0', '0', 'tool:gen:query', '#', 'admin', '2025-11-17 18:04:01', '', null, '');
INSERT INTO `sys_menu` VALUES ('1056', 'з”ҹжҲҗдҝ®ж”№', '116', '2', '#', '', '', '', '1', '0', 'F', '0', '0', 'tool:gen:edit', '#', 'admin', '2025-11-17 18:04:01', '', null, '');
INSERT INTO `sys_menu` VALUES ('1057', 'з”ҹжҲҗеҲ йҷӨ', '116', '3', '#', '', '', '', '1', '0', 'F', '0', '0', 'tool:gen:remove', '#', 'admin', '2025-11-17 18:04:01', '', null, '');
INSERT INTO `sys_menu` VALUES ('1058', 'еҜје…Ҙд»Јз Ғ', '116', '4', '#', '', '', '', '1', '0', 'F', '0', '0', 'tool:gen:import', '#', 'admin', '2025-11-17 18:04:01', '', null, '');
INSERT INTO `sys_menu` VALUES ('1059', 'йў„и§Ҳд»Јз Ғ', '116', '5', '#', '', '', '', '1', '0', 'F', '0', '0', 'tool:gen:preview', '#', 'admin', '2025-11-17 18:04:01', '', null, '');
INSERT INTO `sys_menu` VALUES ('1060', 'з”ҹжҲҗд»Јз Ғ', '116', '6', '#', '', '', '', '1', '0', 'F', '0', '0', 'tool:gen:code', '#', 'admin', '2025-11-17 18:04:01', '', null, '');
INSERT INTO `sys_menu` VALUES ('2000', 'жёҜеҘҪдҪҸз®ЎзҗҶ', '0', '5', 'gangzhu', null, null, '', '1', '0', 'M', '0', '0', '', 'guide', 'admin', '2025-11-18 00:18:53', '', null, 'жёҜеҘҪдҪҸдёҡеҠЎз®ЎзҗҶ');
INSERT INTO `sys_menu` VALUES ('2001', 'жҲҝжәҗз®ЎзҗҶ', '3001', '4', 'house', null, null, '', '1', '0', 'M', '0', '0', 'gangzhu:house:list', 'build', 'admin', '2025-11-18 00:18:53', '', null, 'жҲҝжәҗз®ЎзҗҶиҸңеҚ•');
INSERT INTO `sys_menu` VALUES ('2002', 'жҲҝжәҗжҹҘиҜў', '4001', '1', '#', '', null, '', '1', '0', 'F', '0', '0', 'gangzhu:house:query', '#', 'admin', '2025-11-18 00:18:53', '', null, '');
INSERT INTO `sys_menu` VALUES ('2003', 'жҲҝжәҗж–°еўһ', '4001', '2', '#', '', null, '', '1', '0', 'F', '0', '0', 'gangzhu:house:add', '#', 'admin', '2025-11-18 00:18:53', '', null, '');
INSERT INTO `sys_menu` VALUES ('2004', 'жҲҝжәҗдҝ®ж”№', '4001', '3', '#', '', null, '', '1', '0', 'F', '0', '0', 'gangzhu:house:edit', '#', 'admin', '2025-11-18 00:18:53', '', null, '');
INSERT INTO `sys_menu` VALUES ('2005', 'жҲҝжәҗеҲ йҷӨ', '4001', '4', '#', '', null, '', '1', '0', 'F', '0', '0', 'gangzhu:house:remove', '#', 'admin', '2025-11-18 00:18:53', '', null, '');
INSERT INTO `sys_menu` VALUES ('2006', 'жҲҝжәҗеҜјеҮә', '4001', '5', '#', '', null, '', '1', '0', 'F', '0', '0', 'gangzhu:house:export', '#', 'admin', '2025-11-18 00:18:53', '', null, '');
INSERT INTO `sys_menu` VALUES ('2007', 'йЎ№зӣ®з®ЎзҗҶ', '3001', '1', 'project', 'gangzhu/project/index', null, '', '1', '0', 'C', '0', '0', 'gangzhu:project:list', 'tree', 'admin', '2025-11-18 00:18:53', '', null, 'йЎ№зӣ®з®ЎзҗҶиҸңеҚ•');
INSERT INTO `sys_menu` VALUES ('2008', 'йЎ№зӣ®жҹҘиҜў', '2007', '1', '#', '', null, '', '1', '0', 'F', '0', '0', 'gangzhu:project:query', '#', 'admin', '2025-11-18 00:18:53', '', null, '');
INSERT INTO `sys_menu` VALUES ('2009', 'йЎ№зӣ®ж–°еўһ', '2007', '2', '#', '', null, '', '1', '0', 'F', '0', '0', 'gangzhu:project:add', '#', 'admin', '2025-11-18 00:18:53', '', null, '');
INSERT INTO `sys_menu` VALUES ('2010', 'йЎ№зӣ®дҝ®ж”№', '2007', '3', '#', '', null, '', '1', '0', 'F', '0', '0', 'gangzhu:project:edit', '#', 'admin', '2025-11-18 00:18:53', '', null, '');
INSERT INTO `sys_menu` VALUES ('2011', 'йЎ№зӣ®еҲ йҷӨ', '2007', '4', '#', '', null, '', '1', '0', 'F', '0', '0', 'gangzhu:project:remove', '#', 'admin', '2025-11-18 00:18:53', '', null, '');
INSERT INTO `sys_menu` VALUES ('2012', 'з§ҹжҲ·з®ЎзҗҶ', '3002', '1', 'tenant', 'gangzhu/tenant/index', null, '', '1', '0', 'C', '0', '0', 'gangzhu:tenant:list', 'peoples', 'admin', '2025-11-18 00:18:53', '', null, 'з§ҹжҲ·з®ЎзҗҶиҸңеҚ•');
INSERT INTO `sys_menu` VALUES ('2013', 'з§ҹжҲ·жҹҘиҜў', '2012', '1', '#', '', null, '', '1', '0', 'F', '0', '0', 'gangzhu:tenant:query', '#', 'admin', '2025-11-18 00:18:53', '', null, '');
INSERT INTO `sys_menu` VALUES ('2014', 'з§ҹжҲ·иҜҰжғ…', '2012', '2', '#', '', null, '', '1', '0', 'F', '0', '0', 'gangzhu:tenant:detail', '#', 'admin', '2025-11-18 00:18:53', '', null, '');
INSERT INTO `sys_menu` VALUES ('2015', 'з§ҹжҲ·дҝ®ж”№', '2012', '3', '#', '', null, '', '1', '0', 'F', '0', '0', 'gangzhu:tenant:edit', '#', 'admin', '2025-11-18 00:18:53', '', null, '');
INSERT INTO `sys_menu` VALUES ('2016', 'з§ҹжҲ·еҜјеҮә', '2012', '4', '#', '', null, '', '1', '0', 'F', '0', '0', 'gangzhu:tenant:export', '#', 'admin', '2025-11-18 00:18:53', '', null, '');
INSERT INTO `sys_menu` VALUES ('2017', 'иө„ж јз”іиҜү', '3002', '3', 'qualification', 'gangzhu/qualification/index', null, '', '1', '0', 'C', '0', '0', 'gangzhu:qualification:list', 'form', 'admin', '2025-11-18 00:18:53', '', null, 'иө„ж је®Ўж ёиҸңеҚ•');
INSERT INTO `sys_menu` VALUES ('2018', 'е®Ўж ёжҹҘиҜў', '2017', '1', '#', '', null, '', '1', '0', 'F', '0', '0', 'gangzhu:qualification:query', '#', 'admin', '2025-11-18 00:18:53', '', null, '');
INSERT INTO `sys_menu` VALUES ('2019', 'е®Ўж ёйҖҡиҝҮ', '2017', '2', '#', '', null, '', '1', '0', 'F', '0', '0', 'gangzhu:qualification:approve', '#', 'admin', '2025-11-18 00:18:53', '', null, '');
INSERT INTO `sys_menu` VALUES ('2020', 'е®Ўж ёжӢ’з»қ', '2017', '3', '#', '', null, '', '1', '0', 'F', '0', '0', 'gangzhu:qualification:reject', '#', 'admin', '2025-11-18 00:18:53', '', null, '');
INSERT INTO `sys_menu` VALUES ('2021', 'е®Ўж ёеҜјеҮә', '2017', '4', '#', '', null, '', '1', '0', 'F', '0', '0', 'gangzhu:qualification:export', '#', 'admin', '2025-11-18 00:18:53', '', null, '');
INSERT INTO `sys_menu` VALUES ('2022', 'еҗҲеҗҢз®ЎзҗҶ', '2000', '4', 'contract', null, null, '', '1', '0', 'M', '0', '0', '', 'documentation', 'admin', '2025-11-18 00:18:53', '', null, 'еҗҲеҗҢз®ЎзҗҶиҸңеҚ•');
INSERT INTO `sys_menu` VALUES ('2023', 'еҗҲеҗҢжҹҘиҜў', '2022', '1', '#', '', null, '', '1', '0', 'F', '0', '0', 'gangzhu:contract:query', '#', 'admin', '2025-11-18 00:18:53', '', null, '');
INSERT INTO `sys_menu` VALUES ('2024', 'еҗҲеҗҢиҜҰжғ…', '2022', '2', '#', '', null, '', '1', '0', 'F', '0', '0', 'gangzhu:contract:detail', '#', 'admin', '2025-11-18 00:18:53', '', null, '');
INSERT INTO `sys_menu` VALUES ('2025', 'еҗҲеҗҢе®Ўж ё', '2022', '3', '#', '', null, '', '1', '0', 'F', '0', '0', 'gangzhu:contract:audit', '#', 'admin', '2025-11-18 00:18:53', '', null, '');
INSERT INTO `sys_menu` VALUES ('2026', 'еҗҲеҗҢеҜјеҮә', '2022', '4', '#', '', null, '', '1', '0', 'F', '0', '0', 'gangzhu:contract:export', '#', 'admin', '2025-11-18 00:18:53', '', null, '');
INSERT INTO `sys_menu` VALUES ('2028', 'иҙҰеҚ•жҹҘиҜў', '2027', '1', '#', '', null, '', '1', '0', 'F', '0', '0', 'gangzhu:bill:query', '#', 'admin', '2025-11-18 00:18:53', '', null, '');
INSERT INTO `sys_menu` VALUES ('2029', 'иҙҰеҚ•ж–°еўһ', '2027', '2', '#', '', null, '', '1', '0', 'F', '0', '0', 'gangzhu:bill:add', '#', 'admin', '2025-11-18 00:18:53', '', null, '');
INSERT INTO `sys_menu` VALUES ('2030', 'иҙҰеҚ•дҝ®ж”№', '2027', '3', '#', '', null, '', '1', '0', 'F', '0', '0', 'gangzhu:bill:edit', '#', 'admin', '2025-11-18 00:18:54', '', null, '');
INSERT INTO `sys_menu` VALUES ('2031', 'иҙҰеҚ•еҜјеҮә', '2027', '4', '#', '', null, '', '1', '0', 'F', '0', '0', 'gangzhu:bill:export', '#', 'admin', '2025-11-18 00:18:54', '', null, '');
INSERT INTO `sys_menu` VALUES ('2032', 'е…ҘдҪҸз®ЎзҗҶ', '2022', '3', 'checkin', 'gangzhu/checkin/index', null, '', '1', '0', 'C', '0', '0', 'gangzhu:checkin:list', 'log', 'admin', '2025-11-18 00:18:54', '', null, 'е…ҘдҪҸз®ЎзҗҶиҸңеҚ•');
INSERT INTO `sys_menu` VALUES ('2033', 'е…ҘдҪҸжҹҘиҜў', '2032', '1', '#', '', null, '', '1', '0', 'F', '0', '0', 'gangzhu:checkin:query', '#', 'admin', '2025-11-18 00:18:54', '', null, '');
INSERT INTO `sys_menu` VALUES ('2034', 'е…ҘдҪҸе®Ўж ё', '2032', '2', '#', '', null, '', '1', '0', 'F', '0', '0', 'gangzhu:checkin:audit', '#', 'admin', '2025-11-18 00:18:54', '', null, '');
INSERT INTO `sys_menu` VALUES ('2035', 'е…ҘдҪҸеҜјеҮә', '2032', '3', '#', '', null, '', '1', '0', 'F', '0', '0', 'gangzhu:checkin:export', '#', 'admin', '2025-11-18 00:18:54', '', null, '');
INSERT INTO `sys_menu` VALUES ('2036', 'йҖҖз§ҹз®ЎзҗҶ', '2022', '3', 'checkout', 'gangzhu/checkout/index', null, '', '1', '0', 'C', '0', '0', 'gangzhu:checkout:list', 'exit', 'admin', '2025-11-18 00:18:54', '', null, 'йҖҖз§ҹз®ЎзҗҶиҸңеҚ•');
INSERT INTO `sys_menu` VALUES ('2037', 'йҖҖз§ҹжҹҘиҜў', '2036', '1', '#', '', null, '', '1', '0', 'F', '0', '0', 'gangzhu:checkout:query', '#', 'admin', '2025-11-18 00:18:54', '', null, '');
INSERT INTO `sys_menu` VALUES ('2038', 'йҖҖз§ҹе®Ўж ё', '2036', '2', '#', '', null, '', '1', '0', 'F', '0', '0', 'gangzhu:checkout:audit', '#', 'admin', '2025-11-18 00:18:54', '', null, '');
INSERT INTO `sys_menu` VALUES ('2039', 'йҖҖз§ҹеҜјеҮә', '2036', '3', '#', '', null, '', '1', '0', 'F', '0', '0', 'gangzhu:checkout:export', '#', 'admin', '2025-11-18 00:18:54', '', null, '');
INSERT INTO `sys_menu` VALUES ('2040', 'йў„зәҰзңӢжҲҝ', '3002', '2', 'appointment', 'gangzhu/appointment/index', null, '', '1', '0', 'C', '0', '0', 'gangzhu:appointment:list', 'date', 'admin', '2025-11-18 00:18:54', '', null, 'йў„зәҰз®ЎзҗҶиҸңеҚ•');
INSERT INTO `sys_menu` VALUES ('2041', 'йў„зәҰжҹҘиҜў', '2040', '1', '#', '', null, '', '1', '0', 'F', '0', '0', 'gangzhu:appointment:query', '#', 'admin', '2025-11-18 00:18:54', '', null, '');
INSERT INTO `sys_menu` VALUES ('2042', 'йў„зәҰзЎ®и®Ө', '2040', '2', '#', '', null, '', '1', '0', 'F', '0', '0', 'gangzhu:appointment:confirm', '#', 'admin', '2025-11-18 00:18:54', '', null, '');
INSERT INTO `sys_menu` VALUES ('2043', 'йў„зәҰеҸ–ж¶Ҳ', '2040', '3', '#', '', null, '', '1', '0', 'F', '0', '0', 'gangzhu:appointment:cancel', '#', 'admin', '2025-11-18 00:18:54', '', null, '');
INSERT INTO `sys_menu` VALUES ('2044', 'йў„зәҰеҜјеҮә', '2040', '4', '#', '', null, '', '1', '0', 'F', '0', '0', 'gangzhu:appointment:export', '#', 'admin', '2025-11-18 00:18:54', '', null, '');
INSERT INTO `sys_menu` VALUES ('2045', 'жүҝиҜәд№Ұ', '3002', '4', 'document', 'gangzhu/document/index', null, '', '1', '0', 'C', '0', '0', 'gangzhu:document:list', 'skill', 'admin', '2025-11-18 00:18:54', '', null, 'иө„ж–ҷе®Ўж ёиҸңеҚ•');
INSERT INTO `sys_menu` VALUES ('2046', 'иө„ж–ҷжҹҘиҜў', '2045', '1', '#', '', null, '', '1', '0', 'F', '0', '0', 'gangzhu:document:query', '#', 'admin', '2025-11-18 00:18:54', '', null, '');
INSERT INTO `sys_menu` VALUES ('2047', 'иө„ж–ҷе®Ўж ё', '2045', '2', '#', '', null, '', '1', '0', 'F', '0', '0', 'gangzhu:document:audit', '#', 'admin', '2025-11-18 00:18:54', '', null, '');
INSERT INTO `sys_menu` VALUES ('2048', 'иө„ж–ҷеҜјеҮә', '2045', '3', '#', '', null, '', '1', '0', 'F', '0', '0', 'gangzhu:document:export', '#', 'admin', '2025-11-18 00:18:54', '', null, '');
INSERT INTO `sys_menu` VALUES ('2049', 'ж¶ҲжҒҜйҖҡзҹҘ', '3004', '1', 'message', 'gangzhu/message/index', null, '', '1', '0', 'C', '0', '0', 'gangzhu:message:list', 'email', 'admin', '2025-11-18 00:18:54', '', null, 'ж¶ҲжҒҜз®ЎзҗҶиҸңеҚ•');
INSERT INTO `sys_menu` VALUES ('2050', 'ж¶ҲжҒҜжҹҘиҜў', '2049', '1', '#', '', null, '', '1', '0', 'F', '0', '0', 'gangzhu:message:query', '#', 'admin', '2025-11-18 00:18:54', '', null, '');
INSERT INTO `sys_menu` VALUES ('2051', 'ж¶ҲжҒҜеҸ‘йҖҒ', '2049', '2', '#', '', null, '', '1', '0', 'F', '0', '0', 'gangzhu:message:send', '#', 'admin', '2025-11-18 00:18:54', '', null, '');
INSERT INTO `sys_menu` VALUES ('2052', 'ж¶ҲжҒҜеҲ йҷӨ', '2049', '3', '#', '', null, '', '1', '0', 'F', '0', '0', 'gangzhu:message:remove', '#', 'admin', '2025-11-18 00:18:54', '', null, '');
INSERT INTO `sys_menu` VALUES ('2053', 'йҖҡзҹҘе…¬е‘Ҡ', '3004', '4', 'announcement', 'gangzhu/announcement/index', null, '', '1', '0', 'C', '0', '0', 'gangzhu:announcement:list', 'message', 'admin', '2025-11-18 00:18:54', '', null, 'е…¬е‘Ҡз®ЎзҗҶиҸңеҚ•');
INSERT INTO `sys_menu` VALUES ('2054', 'е…¬е‘ҠжҹҘиҜў', '2053', '1', '#', '', null, '', '1', '0', 'F', '0', '0', 'gangzhu:announcement:query', '#', 'admin', '2025-11-18 00:18:54', '', null, '');
INSERT INTO `sys_menu` VALUES ('2055', 'е…¬е‘Ҡж–°еўһ', '2053', '2', '#', '', null, '', '1', '0', 'F', '0', '0', 'gangzhu:announcement:add', '#', 'admin', '2025-11-18 00:18:54', '', null, '');
INSERT INTO `sys_menu` VALUES ('2056', 'е…¬е‘Ҡдҝ®ж”№', '2053', '3', '#', '', null, '', '1', '0', 'F', '0', '0', 'gangzhu:announcement:edit', '#', 'admin', '2025-11-18 00:18:54', '', null, '');
INSERT INTO `sys_menu` VALUES ('2057', 'е…¬е‘ҠеҲ йҷӨ', '2053', '4', '#', '', null, '', '1', '0', 'F', '0', '0', 'gangzhu:announcement:remove', '#', 'admin', '2025-11-18 00:18:54', '', null, '');
INSERT INTO `sys_menu` VALUES ('2058', 'ејҖзҘЁз®ЎзҗҶ', '2000', '9', 'invoice', 'gangzhu/invoice/index', null, '', '1', '0', 'C', '0', '0', 'gangzhu:invoice:list', 'post', 'admin', '2025-11-18 00:18:54', '', null, 'ејҖзҘЁз®ЎзҗҶиҸңеҚ•');
INSERT INTO `sys_menu` VALUES ('2059', 'ејҖзҘЁжҹҘиҜў', '2058', '1', '#', '', null, '', '1', '0', 'F', '0', '0', 'gangzhu:invoice:query', '#', 'admin', '2025-11-18 00:18:54', '', null, '');
INSERT INTO `sys_menu` VALUES ('2060', 'ејҖзҘЁе®Ўж ё', '2058', '2', '#', '', null, '', '1', '0', 'F', '0', '0', 'gangzhu:invoice:audit', '#', 'admin', '2025-11-18 00:18:54', '', null, '');
INSERT INTO `sys_menu` VALUES ('2061', 'ејҖзҘЁеҜјеҮә', '2058', '3', '#', '', null, '', '1', '0', 'F', '0', '0', 'gangzhu:invoice:export', '#', 'admin', '2025-11-18 00:18:54', '', null, '');
INSERT INTO `sys_menu` VALUES ('3000', 'йҰ–йЎө', '2000', '1', 'dashboard', 'gangzhu/dashboard/index', null, '', '1', '0', 'C', '0', '0', 'gangzhu:dashboard:view', 'dashboard', 'admin', '2025-11-18 20:22:04', '', null, 'йҰ–йЎөж•°жҚ®з»ҹи®Ў');
INSERT INTO `sys_menu` VALUES ('3001', 'иө„дә§з®ЎзҗҶ', '2000', '2', 'asset', null, null, '', '1', '0', 'M', '0', '0', null, 'example', 'admin', '2025-11-18 20:22:04', '', null, 'иө„дә§з®ЎзҗҶиҸңеҚ•');
INSERT INTO `sys_menu` VALUES ('3002', 'з”іиҜ·дҝЎжҒҜ', '2000', '3', 'application', null, null, '', '1', '0', 'M', '0', '0', null, 'form', 'admin', '2025-11-18 20:22:04', '', null, 'з”іиҜ·дҝЎжҒҜиҸңеҚ•');
INSERT INTO `sys_menu` VALUES ('3003', 'жҠҘиЎЁз®ЎзҗҶ', '2000', '5', 'report', null, null, '', '1', '0', 'M', '0', '0', null, 'chart', 'admin', '2025-11-18 20:22:04', '', null, 'жҠҘиЎЁз®ЎзҗҶиҸңеҚ•');
INSERT INTO `sys_menu` VALUES ('3004', 'й…ҚзҪ®з®ЎзҗҶ', '2000', '6', 'config', null, null, '', '1', '0', 'M', '0', '0', null, 'tool', 'admin', '2025-11-18 20:22:04', '', null, 'й…ҚзҪ®з®ЎзҗҶиҸңеҚ•');
INSERT INTO `sys_menu` VALUES ('3010', 'еҗҲеҗҢз®ЎзҗҶж ёеҝғ', '2022', '1', 'list', 'gangzhu/contract/index', null, '', '1', '0', 'C', '0', '0', 'gangzhu:contract:list', '#', 'admin', '2025-11-18 20:23:34', '', null, 'еҗҲеҗҢеҲ—иЎЁ');
INSERT INTO `sys_menu` VALUES ('3020', 'йЎ№зӣ®ж”¶ж¬ҫеҸ°иҙҰ', '3003', '1', 'receipt', 'gangzhu/report/receipt/index', null, '', '1', '0', 'C', '0', '0', 'gangzhu:report:receipt', '#', 'admin', '2025-11-18 20:23:34', '', null, 'йЎ№зӣ®ж”¶ж¬ҫеҸ°иҙҰ');
INSERT INTO `sys_menu` VALUES ('3021', 'иҮӘе®ҡд№үжҠҘиЎЁ', '3003', '2', 'custom', 'gangzhu/report/custom/index', null, '', '1', '0', 'C', '0', '0', 'gangzhu:report:custom', '#', 'admin', '2025-11-18 20:23:34', '', null, 'иҮӘе®ҡд№үжҠҘиЎЁ');
INSERT INTO `sys_menu` VALUES ('3030', 'еҗҲеҗҢжЁЎзүҲ', '3004', '2', 'template', 'gangzhu/config/template/index', null, '', '1', '0', 'C', '0', '0', 'gangzhu:config:template', '#', 'admin', '2025-11-18 20:23:34', '', null, 'еҗҲеҗҢжЁЎзүҲ');
INSERT INTO `sys_menu` VALUES ('3031', 'иҝҗиҗҘй…ҚзҪ®', '3004', '3', 'operation', 'gangzhu/config/operation/index', null, '', '1', '0', 'C', '0', '0', 'gangzhu:config:operation', '#', 'admin', '2025-11-18 20:23:34', '', null, 'иҝҗиҗҘй…ҚзҪ®');
INSERT INTO `sys_menu` VALUES ('3032', 'ж”ҝзӯ–ж–Үд»¶', '3004', '5', 'policy', 'gangzhu/config/policy/index', null, '', '1', '0', 'C', '0', '0', 'gangzhu:config:policy', '#', 'admin', '2025-11-18 20:23:34', '', null, 'ж”ҝзӯ–ж–Үд»¶');
INSERT INTO `sys_menu` VALUES ('3040', 'й»‘еҗҚеҚ•з®ЎзҗҶ', '2000', '7', 'blacklist', 'gangzhu/blacklist/index', null, '', '1', '0', 'C', '0', '0', 'gangzhu:blacklist:list', 'user', 'admin', '2025-11-18 20:23:34', '', null, 'й»‘еҗҚеҚ•з®ЎзҗҶ');
INSERT INTO `sys_menu` VALUES ('3041', 'з”ЁжҲ·з®ЎзҗҶ', '2000', '8', 'user', 'gangzhu/user/index', null, '', '1', '0', 'C', '0', '0', 'gangzhu:user:list', 'peoples', 'admin', '2025-11-18 20:23:34', '', null, 'еүҚз«Ҝз”ЁжҲ·з®ЎзҗҶ');
INSERT INTO `sys_menu` VALUES ('4001', 'жҲҝжәҗеҲ—иЎЁ', '2001', '1', 'list', 'gangzhu/house/index', null, '', '1', '0', 'C', '0', '0', 'gangzhu:house:list', 'cascader', 'admin', '2025-11-18 20:46:23', 'admin', '2025-11-18 20:59:08', 'жҲҝжәҗеҲ—иЎЁз®ЎзҗҶ');
INSERT INTO `sys_menu` VALUES ('4002', 'й…Қз§ҹжү№ж¬Ў', '2001', '2', 'batch', 'gangzhu/house/batch/index', null, '', '1', '0', 'C', '0', '0', 'gangzhu:batch:list', 'edit', 'admin', '2025-11-18 20:46:36', 'admin', '2025-11-18 20:59:18', 'й…Қз§ҹжү№ж¬Ўз®ЎзҗҶ');
INSERT INTO `sys_menu` VALUES ('4003', 'дјҒдёҡе®ўжҲ·', '2001', '3', 'enterprise', 'gangzhu/house/enterprise/index', null, '', '1', '0', 'C', '0', '0', 'gangzhu:enterprise:list', 'redis-list', 'admin', '2025-11-18 20:46:48', 'admin', '2025-11-18 20:59:26', 'дјҒдёҡе®ўжҲ·з®ЎзҗҶ');
INSERT INTO `sys_menu` VALUES ('4010', 'жү№ж¬ЎжҹҘиҜў', '4002', '1', '#', null, null, '', '1', '0', 'F', '0', '0', 'gangzhu:batch:query', '#', 'admin', '2025-11-18 20:46:36', '', null, '');
INSERT INTO `sys_menu` VALUES ('4011', 'жү№ж¬Ўж–°еўһ', '4002', '2', '#', null, null, '', '1', '0', 'F', '0', '0', 'gangzhu:batch:add', '#', 'admin', '2025-11-18 20:46:36', '', null, '');
INSERT INTO `sys_menu` VALUES ('4012', 'жү№ж¬Ўзј–иҫ‘', '4002', '3', '#', null, null, '', '1', '0', 'F', '0', '0', 'gangzhu:batch:edit', '#', 'admin', '2025-11-18 20:46:36', '', null, '');
INSERT INTO `sys_menu` VALUES ('4013', 'жү№ж¬ЎдҪңеәҹ', '4002', '4', '#', null, null, '', '1', '0', 'F', '0', '0', 'gangzhu:batch:cancel', '#', 'admin', '2025-11-18 20:46:36', '', null, '');
INSERT INTO `sys_menu` VALUES ('4014', 'жү№ж¬Ўе®Ўжү№', '4002', '5', '#', null, null, '', '1', '0', 'F', '0', '0', 'gangzhu:batch:approve', '#', 'admin', '2025-11-18 20:46:36', '', null, '');
INSERT INTO `sys_menu` VALUES ('4015', 'жү№ж¬ЎеҜјеҮә', '4002', '6', '#', null, null, '', '1', '0', 'F', '0', '0', 'gangzhu:batch:export', '#', 'admin', '2025-11-18 20:46:36', '', null, '');
INSERT INTO `sys_menu` VALUES ('4020', 'дјҒдёҡжҹҘиҜў', '4003', '1', '#', null, null, '', '1', '0', 'F', '0', '0', 'gangzhu:enterprise:query', '#', 'admin', '2025-11-18 20:46:48', '', null, '');
INSERT INTO `sys_menu` VALUES ('4021', 'дјҒдёҡж–°еўһ', '4003', '2', '#', null, null, '', '1', '0', 'F', '0', '0', 'gangzhu:enterprise:add', '#', 'admin', '2025-11-18 20:46:48', '', null, '');
INSERT INTO `sys_menu` VALUES ('4022', 'дјҒдёҡзј–иҫ‘', '4003', '3', '#', null, null, '', '1', '0', 'F', '0', '0', 'gangzhu:enterprise:edit', '#', 'admin', '2025-11-18 20:46:48', '', null, '');
INSERT INTO `sys_menu` VALUES ('4023', 'дјҒдёҡдҪңеәҹ', '4003', '4', '#', null, null, '', '1', '0', 'F', '0', '0', 'gangzhu:enterprise:cancel', '#', 'admin', '2025-11-18 20:46:48', '', null, '');
INSERT INTO `sys_menu` VALUES ('4024', 'дјҒдёҡе®Ўжү№', '4003', '5', '#', null, null, '', '1', '0', 'F', '0', '0', 'gangzhu:enterprise:approve', '#', 'admin', '2025-11-18 20:46:48', '', null, '');
INSERT INTO `sys_menu` VALUES ('4025', 'дјҒдёҡеҜјеҮә', '4003', '6', '#', null, null, '', '1', '0', 'F', '0', '0', 'gangzhu:enterprise:export', '#', 'admin', '2025-11-18 20:46:48', '', null, '');
INSERT INTO `sys_menu` VALUES ('4026', 'йҖҖж¬ҫз®ЎзҗҶ', '2022', '4', 'refund', 'gangzhu/refund/index', null, '', '1', '0', 'C', '0', '0', 'gangzhu:refund:list', 'money', 'admin', '2025-12-06 18:42:29', '', null, 'йҖҖж¬ҫз®ЎзҗҶиҸңеҚ•');
INSERT INTO `sys_menu` VALUES ('4027', 'йҖҖж¬ҫжҹҘиҜў', '4026', '1', '#', '', null, '', '1', '0', 'F', '0', '0', 'gangzhu:refund:query', '#', 'admin', '2025-12-06 18:42:41', '', null, '');
INSERT INTO `sys_menu` VALUES ('4028', 'йҖҖж¬ҫе®Ўж ё', '4026', '2', '#', '', null, '', '1', '0', 'F', '0', '0', 'gangzhu:refund:audit', '#', 'admin', '2025-12-06 18:42:41', '', null, '');
INSERT INTO `sys_menu` VALUES ('4029', 'йҖҖж¬ҫеҜјеҮә', '4026', '3', '#', '', null, '', '1', '0', 'F', '0', '0', 'gangzhu:refund:export', '#', 'admin', '2025-12-06 18:42:41', '', null, '');
INSERT INTO `sys_menu` VALUES ('4030', 'еҗҲдҪҸдәәз®ЎзҗҶ', '2022', '5', 'cohabitant', 'gangzhu/cohabitant/index', null, '', '1', '0', 'C', '0', '0', 'gangzhu:cohabitant:list', 'peoples', 'admin', '2025-12-06 18:42:54', '', null, 'еҗҲдҪҸдәәз®ЎзҗҶиҸңеҚ•');
INSERT INTO `sys_menu` VALUES ('4031', 'еҗҲдҪҸдәәжҹҘиҜў', '4030', '1', '#', '', null, '', '1', '0', 'F', '0', '0', 'gangzhu:cohabitant:query', '#', 'admin', '2025-12-06 18:43:02', '', null, '');
INSERT INTO `sys_menu` VALUES ('4032', 'еҗҲдҪҸдәәе®Ўж ё', '4030', '2', '#', '', null, '', '1', '0', 'F', '0', '0', 'gangzhu:cohabitant:audit', '#', 'admin', '2025-12-06 18:43:02', '', null, '');
INSERT INTO `sys_menu` VALUES ('4033', 'еҗҲдҪҸдәәеҜјеҮә', '4030', '3', '#', '', null, '', '1', '0', 'F', '0', '0', 'gangzhu:cohabitant:export', '#', 'admin', '2025-12-06 18:43:02', '', null, '');
INSERT INTO `sys_menu` VALUES ('4034', 'и°ғжҚўжҲҝз®ЎзҗҶ', '2022', '6', 'exchange', 'gangzhu/exchange/index', null, '', '1', '0', 'C', '0', '0', 'gangzhu:exchange:list', 'list', 'admin', '2025-12-06 18:43:09', '', null, 'и°ғжҚўжҲҝз®ЎзҗҶиҸңеҚ•');
INSERT INTO `sys_menu` VALUES ('4035', 'жҚўжҲҝжҹҘиҜў', '4034', '1', '#', '', null, '', '1', '0', 'F', '0', '0', 'gangzhu:exchange:query', '#', 'admin', '2025-12-06 18:43:21', '', null, '');
INSERT INTO `sys_menu` VALUES ('4036', 'жҚўжҲҝе®Ўж ё', '4034', '2', '#', '', null, '', '1', '0', 'F', '0', '0', 'gangzhu:exchange:audit', '#', 'admin', '2025-12-06 18:43:21', '', null, '');
INSERT INTO `sys_menu` VALUES ('4037', 'жҚўжҲҝеҜјеҮә', '4034', '3', '#', '', null, '', '1', '0', 'F', '0', '0', 'gangzhu:exchange:export', '#', 'admin', '2025-12-06 18:43:21', '', null, '');
INSERT INTO `sys_menu` VALUES ('4038', 'з§ҹйҮ‘иҙҰеҚ•', '2022', '7', 'bill', 'gangzhu/bill/index', null, '', '1', '0', 'C', '0', '0', 'gangzhu:bill:list', 'example', 'admin', '2025-12-06 18:43:30', '', null, 'з§ҹйҮ‘иҙҰеҚ•иҸңеҚ•');
INSERT INTO `sys_menu` VALUES ('4039', 'иҙҰеҚ•жҹҘиҜў', '4038', '1', '#', '', null, '', '1', '0', 'F', '0', '0', 'gangzhu:bill:query', '#', 'admin', '2025-12-06 18:43:37', '', null, '');
INSERT INTO `sys_menu` VALUES ('4040', 'иҙҰеҚ•еҜјеҮә', '4038', '2', '#', '', null, '', '1', '0', 'F', '0', '0', 'gangzhu:bill:export', '#', 'admin', '2025-12-06 18:43:37', '', null, '');

-- ----------------------------
-- Table structure for sys_menu_backup_20251118_202128
-- ----------------------------
DROP TABLE IF EXISTS `sys_menu_backup_20251118_202128`;
CREATE TABLE `sys_menu_backup_20251118_202128` (
  `menu_id` bigint(20) NOT NULL DEFAULT '0' COMMENT 'иҸңеҚ•ID',
  `menu_name` varchar(50) NOT NULL COMMENT 'иҸңеҚ•еҗҚз§°',
  `parent_id` bigint(20) DEFAULT '0' COMMENT 'зҲ¶иҸңеҚ•ID',
  `order_num` int(4) DEFAULT '0' COMMENT 'жҳҫзӨәйЎәеәҸ',
  `path` varchar(200) DEFAULT '' COMMENT 'и·Ҝз”ұең°еқҖ',
  `component` varchar(255) DEFAULT NULL COMMENT 'з»„д»¶и·Ҝеҫ„',
  `query` varchar(255) DEFAULT NULL COMMENT 'и·Ҝз”ұеҸӮж•°',
  `route_name` varchar(50) DEFAULT '' COMMENT 'и·Ҝз”ұеҗҚз§°',
  `is_frame` int(1) DEFAULT '1' COMMENT 'жҳҜеҗҰдёәеӨ–й“ҫпјҲ0жҳҜ 1еҗҰпјү',
  `is_cache` int(1) DEFAULT '0' COMMENT 'жҳҜеҗҰзј“еӯҳпјҲ0зј“еӯҳ 1дёҚзј“еӯҳпјү',
  `menu_type` char(1) DEFAULT '' COMMENT 'иҸңеҚ•зұ»еһӢпјҲMзӣ®еҪ• CиҸңеҚ• FжҢүй’®пјү',
  `visible` char(1) DEFAULT '0' COMMENT 'иҸңеҚ•зҠ¶жҖҒпјҲ0жҳҫзӨә 1йҡҗи—Ҹпјү',
  `status` char(1) DEFAULT '0' COMMENT 'иҸңеҚ•зҠ¶жҖҒпјҲ0жӯЈеёё 1еҒңз”Ёпјү',
  `perms` varchar(100) DEFAULT NULL COMMENT 'жқғйҷҗж ҮиҜҶ',
  `icon` varchar(100) DEFAULT '#' COMMENT 'иҸңеҚ•еӣҫж Ү',
  `create_by` varchar(64) DEFAULT '' COMMENT 'еҲӣе»әиҖ…',
  `create_time` datetime DEFAULT NULL COMMENT 'еҲӣе»әж—¶й—ҙ',
  `update_by` varchar(64) DEFAULT '' COMMENT 'жӣҙж–°иҖ…',
  `update_time` datetime DEFAULT NULL COMMENT 'жӣҙж–°ж—¶й—ҙ',
  `remark` varchar(500) DEFAULT '' COMMENT 'еӨҮжіЁ'
) ENGINE=InnoDB DEFAULT CHARSET=utf8;

-- ----------------------------
-- Records of sys_menu_backup_20251118_202128
-- ----------------------------
INSERT INTO `sys_menu_backup_20251118_202128` VALUES ('2000', 'жёҜеҘҪдҪҸз®ЎзҗҶ', '0', '5', 'gangzhu', null, null, '', '1', '0', 'M', '0', '0', '', 'guide', 'admin', '2025-11-18 00:18:53', '', null, 'жёҜеҘҪдҪҸдёҡеҠЎз®ЎзҗҶ');
INSERT INTO `sys_menu_backup_20251118_202128` VALUES ('2001', 'жҲҝжәҗз®ЎзҗҶ', '2000', '4', 'house', 'gangzhu/house/index', null, '', '1', '0', 'C', '0', '0', 'gangzhu:house:list', 'build', 'admin', '2025-11-18 00:18:53', '', null, 'жҲҝжәҗз®ЎзҗҶиҸңеҚ•');
INSERT INTO `sys_menu_backup_20251118_202128` VALUES ('2007', 'йЎ№зӣ®з®ЎзҗҶ', '2000', '1', 'project', 'gangzhu/project/index', null, '', '1', '0', 'C', '0', '0', 'gangzhu:project:list', 'tree', 'admin', '2025-11-18 00:18:53', '', null, 'йЎ№зӣ®з®ЎзҗҶиҸңеҚ•');
INSERT INTO `sys_menu_backup_20251118_202128` VALUES ('2012', 'з§ҹжҲ·з®ЎзҗҶ', '2000', '5', 'tenant', 'gangzhu/tenant/index', null, '', '1', '0', 'C', '0', '0', 'gangzhu:tenant:list', 'peoples', 'admin', '2025-11-18 00:18:53', '', null, 'з§ҹжҲ·з®ЎзҗҶиҸңеҚ•');
INSERT INTO `sys_menu_backup_20251118_202128` VALUES ('2017', 'иө„ж је®Ўж ё', '2000', '6', 'qualification', 'gangzhu/qualification/index', null, '', '1', '0', 'C', '0', '0', 'gangzhu:qualification:list', 'form', 'admin', '2025-11-18 00:18:53', '', null, 'иө„ж је®Ўж ёиҸңеҚ•');
INSERT INTO `sys_menu_backup_20251118_202128` VALUES ('2022', 'еҗҲеҗҢз®ЎзҗҶ', '2000', '9', 'contract', 'gangzhu/contract/index', null, '', '1', '0', 'C', '0', '0', 'gangzhu:contract:list', 'documentation', 'admin', '2025-11-18 00:18:53', '', null, 'еҗҲеҗҢз®ЎзҗҶиҸңеҚ•');
INSERT INTO `sys_menu_backup_20251118_202128` VALUES ('2027', 'иҙҰеҚ•з®ЎзҗҶ', '2000', '12', 'bill', 'gangzhu/bill/index', null, '', '1', '0', 'C', '0', '0', 'gangzhu:bill:list', 'money', 'admin', '2025-11-18 00:18:53', '', null, 'иҙҰеҚ•з®ЎзҗҶиҸңеҚ•');
INSERT INTO `sys_menu_backup_20251118_202128` VALUES ('2032', 'е…ҘдҪҸз®ЎзҗҶ', '2000', '10', 'checkin', 'gangzhu/checkin/index', null, '', '1', '0', 'C', '0', '0', 'gangzhu:checkin:list', 'log', 'admin', '2025-11-18 00:18:54', '', null, 'е…ҘдҪҸз®ЎзҗҶиҸңеҚ•');
INSERT INTO `sys_menu_backup_20251118_202128` VALUES ('2036', 'йҖҖз§ҹз®ЎзҗҶ', '2000', '11', 'checkout', 'gangzhu/checkout/index', null, '', '1', '0', 'C', '0', '0', 'gangzhu:checkout:list', 'exit', 'admin', '2025-11-18 00:18:54', '', null, 'йҖҖз§ҹз®ЎзҗҶиҸңеҚ•');
INSERT INTO `sys_menu_backup_20251118_202128` VALUES ('2040', 'йў„зәҰз®ЎзҗҶ', '2000', '7', 'appointment', 'gangzhu/appointment/index', null, '', '1', '0', 'C', '0', '0', 'gangzhu:appointment:list', 'date', 'admin', '2025-11-18 00:18:54', '', null, 'йў„зәҰз®ЎзҗҶиҸңеҚ•');
INSERT INTO `sys_menu_backup_20251118_202128` VALUES ('2045', 'иө„ж–ҷе®Ўж ё', '2000', '8', 'document', 'gangzhu/document/index', null, '', '1', '0', 'C', '0', '0', 'gangzhu:document:list', 'skill', 'admin', '2025-11-18 00:18:54', '', null, 'иө„ж–ҷе®Ўж ёиҸңеҚ•');
INSERT INTO `sys_menu_backup_20251118_202128` VALUES ('2049', 'ж¶ҲжҒҜз®ЎзҗҶ', '2000', '14', 'message', 'gangzhu/message/index', null, '', '1', '0', 'C', '0', '0', 'gangzhu:message:list', 'email', 'admin', '2025-11-18 00:18:54', '', null, 'ж¶ҲжҒҜз®ЎзҗҶиҸңеҚ•');
INSERT INTO `sys_menu_backup_20251118_202128` VALUES ('2053', 'е…¬е‘Ҡз®ЎзҗҶ', '2000', '15', 'announcement', 'gangzhu/announcement/index', null, '', '1', '0', 'C', '0', '0', 'gangzhu:announcement:list', 'message', 'admin', '2025-11-18 00:18:54', '', null, 'е…¬е‘Ҡз®ЎзҗҶиҸңеҚ•');
INSERT INTO `sys_menu_backup_20251118_202128` VALUES ('2058', 'ејҖзҘЁз®ЎзҗҶ', '2000', '13', 'invoice', 'gangzhu/invoice/index', null, '', '1', '0', 'C', '0', '0', 'gangzhu:invoice:list', 'post', 'admin', '2025-11-18 00:18:54', '', null, 'ејҖзҘЁз®ЎзҗҶиҸңеҚ•');
INSERT INTO `sys_menu_backup_20251118_202128` VALUES ('2062', 'жҘјж Ӣз®ЎзҗҶ', '2000', '2', 'building', 'gangzhu/building/index', '', '', '1', '0', 'C', '0', '0', 'gangzhu:building:list', 'build', 'admin', '2025-11-18 19:59:10', '', null, 'жҘјж Ӣз®ЎзҗҶиҸңеҚ•');
INSERT INTO `sys_menu_backup_20251118_202128` VALUES ('2068', 'еҚ•е…ғз®ЎзҗҶ', '2000', '3', 'unit', 'gangzhu/unit/index', '', '', '1', '0', 'C', '0', '0', 'gangzhu:unit:list', 'component', 'admin', '2025-11-18 19:59:10', '', null, 'еҚ•е…ғз®ЎзҗҶиҸңеҚ•');

-- ----------------------------
-- Table structure for sys_menu_backup_20251206
-- ----------------------------
DROP TABLE IF EXISTS `sys_menu_backup_20251206`;
CREATE TABLE `sys_menu_backup_20251206` (
  `menu_id` bigint(20) NOT NULL DEFAULT '0' COMMENT 'иҸңеҚ•ID',
  `menu_name` varchar(50) NOT NULL COMMENT 'иҸңеҚ•еҗҚз§°',
  `parent_id` bigint(20) DEFAULT '0' COMMENT 'зҲ¶иҸңеҚ•ID',
  `order_num` int(4) DEFAULT '0' COMMENT 'жҳҫзӨәйЎәеәҸ',
  `path` varchar(200) DEFAULT '' COMMENT 'и·Ҝз”ұең°еқҖ',
  `component` varchar(255) DEFAULT NULL COMMENT 'з»„д»¶и·Ҝеҫ„',
  `query` varchar(255) DEFAULT NULL COMMENT 'и·Ҝз”ұеҸӮж•°',
  `route_name` varchar(50) DEFAULT '' COMMENT 'и·Ҝз”ұеҗҚз§°',
  `is_frame` int(1) DEFAULT '1' COMMENT 'жҳҜеҗҰдёәеӨ–й“ҫпјҲ0жҳҜ 1еҗҰпјү',
  `is_cache` int(1) DEFAULT '0' COMMENT 'жҳҜеҗҰзј“еӯҳпјҲ0зј“еӯҳ 1дёҚзј“еӯҳпјү',
  `menu_type` char(1) DEFAULT '' COMMENT 'иҸңеҚ•зұ»еһӢпјҲMзӣ®еҪ• CиҸңеҚ• FжҢүй’®пјү',
  `visible` char(1) DEFAULT '0' COMMENT 'иҸңеҚ•зҠ¶жҖҒпјҲ0жҳҫзӨә 1йҡҗи—Ҹпјү',
  `status` char(1) DEFAULT '0' COMMENT 'иҸңеҚ•зҠ¶жҖҒпјҲ0жӯЈеёё 1еҒңз”Ёпјү',
  `perms` varchar(100) DEFAULT NULL COMMENT 'жқғйҷҗж ҮиҜҶ',
  `icon` varchar(100) DEFAULT '#' COMMENT 'иҸңеҚ•еӣҫж Ү',
  `create_by` varchar(64) DEFAULT '' COMMENT 'еҲӣе»әиҖ…',
  `create_time` datetime DEFAULT NULL COMMENT 'еҲӣе»әж—¶й—ҙ',
  `update_by` varchar(64) DEFAULT '' COMMENT 'жӣҙж–°иҖ…',
  `update_time` datetime DEFAULT NULL COMMENT 'жӣҙж–°ж—¶й—ҙ',
  `remark` varchar(500) DEFAULT '' COMMENT 'еӨҮжіЁ'
) ENGINE=InnoDB DEFAULT CHARSET=utf8;

-- ----------------------------
-- Records of sys_menu_backup_20251206
-- ----------------------------
INSERT INTO `sys_menu_backup_20251206` VALUES ('1', 'зі»з»ҹз®ЎзҗҶ', '0', '1', 'system', null, '', '', '1', '0', 'M', '0', '0', '', 'system', 'admin', '2025-11-17 18:04:01', '', null, 'зі»з»ҹз®ЎзҗҶзӣ®еҪ•');
INSERT INTO `sys_menu_backup_20251206` VALUES ('2', 'зі»з»ҹзӣ‘жҺ§', '0', '2', 'monitor', null, '', '', '1', '0', 'M', '0', '0', '', 'monitor', 'admin', '2025-11-17 18:04:01', '', null, 'зі»з»ҹзӣ‘жҺ§зӣ®еҪ•');
INSERT INTO `sys_menu_backup_20251206` VALUES ('3', 'зі»з»ҹе·Ҙе…·', '0', '3', 'tool', null, '', '', '1', '0', 'M', '0', '0', '', 'tool', 'admin', '2025-11-17 18:04:01', '', null, 'зі»з»ҹе·Ҙе…·зӣ®еҪ•');
INSERT INTO `sys_menu_backup_20251206` VALUES ('4', 'иӢҘдҫқе®ҳзҪ‘', '0', '10', 'http://ruoyi.vip', null, '', '', '0', '0', 'M', '0', '0', '', 'guide', 'admin', '2025-11-17 18:04:01', 'admin', '2025-11-18 18:40:51', 'иӢҘдҫқе®ҳзҪ‘ең°еқҖ');
INSERT INTO `sys_menu_backup_20251206` VALUES ('100', 'з”ЁжҲ·з®ЎзҗҶ', '1', '1', 'user', 'system/user/index', '', '', '1', '0', 'C', '0', '0', 'system:user:list', 'user', 'admin', '2025-11-17 18:04:01', '', null, 'з”ЁжҲ·з®ЎзҗҶиҸңеҚ•');
INSERT INTO `sys_menu_backup_20251206` VALUES ('101', 'и§’иүІз®ЎзҗҶ', '1', '2', 'role', 'system/role/index', '', '', '1', '0', 'C', '0', '0', 'system:role:list', 'peoples', 'admin', '2025-11-17 18:04:01', '', null, 'и§’иүІз®ЎзҗҶиҸңеҚ•');
INSERT INTO `sys_menu_backup_20251206` VALUES ('102', 'иҸңеҚ•з®ЎзҗҶ', '1', '3', 'menu', 'system/menu/index', '', '', '1', '0', 'C', '0', '0', 'system:menu:list', 'tree-table', 'admin', '2025-11-17 18:04:01', '', null, 'иҸңеҚ•з®ЎзҗҶиҸңеҚ•');
INSERT INTO `sys_menu_backup_20251206` VALUES ('103', 'йғЁй—Ёз®ЎзҗҶ', '1', '4', 'dept', 'system/dept/index', '', '', '1', '0', 'C', '0', '0', 'system:dept:list', 'tree', 'admin', '2025-11-17 18:04:01', '', null, 'йғЁй—Ёз®ЎзҗҶиҸңеҚ•');
INSERT INTO `sys_menu_backup_20251206` VALUES ('104', 'еІ—дҪҚз®ЎзҗҶ', '1', '5', 'post', 'system/post/index', '', '', '1', '0', 'C', '0', '0', 'system:post:list', 'post', 'admin', '2025-11-17 18:04:01', '', null, 'еІ—дҪҚз®ЎзҗҶиҸңеҚ•');
INSERT INTO `sys_menu_backup_20251206` VALUES ('105', 'еӯ—е…ёз®ЎзҗҶ', '1', '6', 'dict', 'system/dict/index', '', '', '1', '0', 'C', '0', '0', 'system:dict:list', 'dict', 'admin', '2025-11-17 18:04:01', '', null, 'еӯ—е…ёз®ЎзҗҶиҸңеҚ•');
INSERT INTO `sys_menu_backup_20251206` VALUES ('106', 'еҸӮж•°и®ҫзҪ®', '1', '7', 'config', 'system/config/index', '', '', '1', '0', 'C', '0', '0', 'system:config:list', 'edit', 'admin', '2025-11-17 18:04:01', '', null, 'еҸӮж•°и®ҫзҪ®иҸңеҚ•');
INSERT INTO `sys_menu_backup_20251206` VALUES ('107', 'йҖҡзҹҘе…¬е‘Ҡ', '1', '8', 'notice', 'system/notice/index', '', '', '1', '0', 'C', '0', '0', 'system:notice:list', 'message', 'admin', '2025-11-17 18:04:01', '', null, 'йҖҡзҹҘе…¬е‘ҠиҸңеҚ•');
INSERT INTO `sys_menu_backup_20251206` VALUES ('108', 'ж—Ҙеҝ—з®ЎзҗҶ', '1', '9', 'log', '', '', '', '1', '0', 'M', '0', '0', '', 'log', 'admin', '2025-11-17 18:04:01', '', null, 'ж—Ҙеҝ—з®ЎзҗҶиҸңеҚ•');
INSERT INTO `sys_menu_backup_20251206` VALUES ('109', 'еңЁзәҝз”ЁжҲ·', '2', '1', 'online', 'monitor/online/index', '', '', '1', '0', 'C', '0', '0', 'monitor:online:list', 'online', 'admin', '2025-11-17 18:04:01', '', null, 'еңЁзәҝз”ЁжҲ·иҸңеҚ•');
INSERT INTO `sys_menu_backup_20251206` VALUES ('110', 'е®ҡж—¶д»»еҠЎ', '2', '2', 'job', 'monitor/job/index', '', '', '1', '0', 'C', '0', '0', 'monitor:job:list', 'job', 'admin', '2025-11-17 18:04:01', '', null, 'е®ҡж—¶д»»еҠЎиҸңеҚ•');
INSERT INTO `sys_menu_backup_20251206` VALUES ('111', 'ж•°жҚ®зӣ‘жҺ§', '2', '3', 'druid', 'monitor/druid/index', '', '', '1', '0', 'C', '0', '0', 'monitor:druid:list', 'druid', 'admin', '2025-11-17 18:04:01', '', null, 'ж•°жҚ®зӣ‘жҺ§иҸңеҚ•');
INSERT INTO `sys_menu_backup_20251206` VALUES ('112', 'жңҚеҠЎзӣ‘жҺ§', '2', '4', 'server', 'monitor/server/index', '', '', '1', '0', 'C', '0', '0', 'monitor:server:list', 'server', 'admin', '2025-11-17 18:04:01', '', null, 'жңҚеҠЎзӣ‘жҺ§иҸңеҚ•');
INSERT INTO `sys_menu_backup_20251206` VALUES ('113', 'зј“еӯҳзӣ‘жҺ§', '2', '5', 'cache', 'monitor/cache/index', '', '', '1', '0', 'C', '0', '0', 'monitor:cache:list', 'redis', 'admin', '2025-11-17 18:04:01', '', null, 'зј“еӯҳзӣ‘жҺ§иҸңеҚ•');
INSERT INTO `sys_menu_backup_20251206` VALUES ('114', 'зј“еӯҳеҲ—иЎЁ', '2', '6', 'cacheList', 'monitor/cache/list', '', '', '1', '0', 'C', '0', '0', 'monitor:cache:list', 'redis-list', 'admin', '2025-11-17 18:04:01', '', null, 'зј“еӯҳеҲ—иЎЁиҸңеҚ•');
INSERT INTO `sys_menu_backup_20251206` VALUES ('115', 'иЎЁеҚ•жһ„е»ә', '3', '1', 'build', 'tool/build/index', '', '', '1', '0', 'C', '0', '0', 'tool:build:list', 'build', 'admin', '2025-11-17 18:04:01', '', null, 'иЎЁеҚ•жһ„е»әиҸңеҚ•');
INSERT INTO `sys_menu_backup_20251206` VALUES ('116', 'д»Јз Ғз”ҹжҲҗ', '3', '2', 'gen', 'tool/gen/index', '', '', '1', '0', 'C', '0', '0', 'tool:gen:list', 'code', 'admin', '2025-11-17 18:04:01', '', null, 'д»Јз Ғз”ҹжҲҗиҸңеҚ•');
INSERT INTO `sys_menu_backup_20251206` VALUES ('117', 'зі»з»ҹжҺҘеҸЈ', '3', '3', 'swagger', 'tool/swagger/index', '', '', '1', '0', 'C', '0', '0', 'tool:swagger:list', 'swagger', 'admin', '2025-11-17 18:04:01', '', null, 'зі»з»ҹжҺҘеҸЈиҸңеҚ•');
INSERT INTO `sys_menu_backup_20251206` VALUES ('500', 'ж“ҚдҪңж—Ҙеҝ—', '108', '1', 'operlog', 'monitor/operlog/index', '', '', '1', '0', 'C', '0', '0', 'monitor:operlog:list', 'form', 'admin', '2025-11-17 18:04:01', '', null, 'ж“ҚдҪңж—Ҙеҝ—иҸңеҚ•');
INSERT INTO `sys_menu_backup_20251206` VALUES ('501', 'зҷ»еҪ•ж—Ҙеҝ—', '108', '2', 'logininfor', 'monitor/logininfor/index', '', '', '1', '0', 'C', '0', '0', 'monitor:logininfor:list', 'logininfor', 'admin', '2025-11-17 18:04:01', '', null, 'зҷ»еҪ•ж—Ҙеҝ—иҸңеҚ•');
INSERT INTO `sys_menu_backup_20251206` VALUES ('1000', 'з”ЁжҲ·жҹҘиҜў', '100', '1', '', '', '', '', '1', '0', 'F', '0', '0', 'system:user:query', '#', 'admin', '2025-11-17 18:04:01', '', null, '');
INSERT INTO `sys_menu_backup_20251206` VALUES ('1001', 'з”ЁжҲ·ж–°еўһ', '100', '2', '', '', '', '', '1', '0', 'F', '0', '0', 'system:user:add', '#', 'admin', '2025-11-17 18:04:01', '', null, '');
INSERT INTO `sys_menu_backup_20251206` VALUES ('1002', 'з”ЁжҲ·дҝ®ж”№', '100', '3', '', '', '', '', '1', '0', 'F', '0', '0', 'system:user:edit', '#', 'admin', '2025-11-17 18:04:01', '', null, '');
INSERT INTO `sys_menu_backup_20251206` VALUES ('1003', 'з”ЁжҲ·еҲ йҷӨ', '100', '4', '', '', '', '', '1', '0', 'F', '0', '0', 'system:user:remove', '#', 'admin', '2025-11-17 18:04:01', '', null, '');
INSERT INTO `sys_menu_backup_20251206` VALUES ('1004', 'з”ЁжҲ·еҜјеҮә', '100', '5', '', '', '', '', '1', '0', 'F', '0', '0', 'system:user:export', '#', 'admin', '2025-11-17 18:04:01', '', null, '');
INSERT INTO `sys_menu_backup_20251206` VALUES ('1005', 'з”ЁжҲ·еҜје…Ҙ', '100', '6', '', '', '', '', '1', '0', 'F', '0', '0', 'system:user:import', '#', 'admin', '2025-11-17 18:04:01', '', null, '');
INSERT INTO `sys_menu_backup_20251206` VALUES ('1006', 'йҮҚзҪ®еҜҶз Ғ', '100', '7', '', '', '', '', '1', '0', 'F', '0', '0', 'system:user:resetPwd', '#', 'admin', '2025-11-17 18:04:01', '', null, '');
INSERT INTO `sys_menu_backup_20251206` VALUES ('1007', 'и§’иүІжҹҘиҜў', '101', '1', '', '', '', '', '1', '0', 'F', '0', '0', 'system:role:query', '#', 'admin', '2025-11-17 18:04:01', '', null, '');
INSERT INTO `sys_menu_backup_20251206` VALUES ('1008', 'и§’иүІж–°еўһ', '101', '2', '', '', '', '', '1', '0', 'F', '0', '0', 'system:role:add', '#', 'admin', '2025-11-17 18:04:01', '', null, '');
INSERT INTO `sys_menu_backup_20251206` VALUES ('1009', 'и§’иүІдҝ®ж”№', '101', '3', '', '', '', '', '1', '0', 'F', '0', '0', 'system:role:edit', '#', 'admin', '2025-11-17 18:04:01', '', null, '');
INSERT INTO `sys_menu_backup_20251206` VALUES ('1010', 'и§’иүІеҲ йҷӨ', '101', '4', '', '', '', '', '1', '0', 'F', '0', '0', 'system:role:remove', '#', 'admin', '2025-11-17 18:04:01', '', null, '');
INSERT INTO `sys_menu_backup_20251206` VALUES ('1011', 'и§’иүІеҜјеҮә', '101', '5', '', '', '', '', '1', '0', 'F', '0', '0', 'system:role:export', '#', 'admin', '2025-11-17 18:04:01', '', null, '');
INSERT INTO `sys_menu_backup_20251206` VALUES ('1012', 'иҸңеҚ•жҹҘиҜў', '102', '1', '', '', '', '', '1', '0', 'F', '0', '0', 'system:menu:query', '#', 'admin', '2025-11-17 18:04:01', '', null, '');
INSERT INTO `sys_menu_backup_20251206` VALUES ('1013', 'иҸңеҚ•ж–°еўһ', '102', '2', '', '', '', '', '1', '0', 'F', '0', '0', 'system:menu:add', '#', 'admin', '2025-11-17 18:04:01', '', null, '');
INSERT INTO `sys_menu_backup_20251206` VALUES ('1014', 'иҸңеҚ•дҝ®ж”№', '102', '3', '', '', '', '', '1', '0', 'F', '0', '0', 'system:menu:edit', '#', 'admin', '2025-11-17 18:04:01', '', null, '');
INSERT INTO `sys_menu_backup_20251206` VALUES ('1015', 'иҸңеҚ•еҲ йҷӨ', '102', '4', '', '', '', '', '1', '0', 'F', '0', '0', 'system:menu:remove', '#', 'admin', '2025-11-17 18:04:01', '', null, '');
INSERT INTO `sys_menu_backup_20251206` VALUES ('1016', 'йғЁй—ЁжҹҘиҜў', '103', '1', '', '', '', '', '1', '0', 'F', '0', '0', 'system:dept:query', '#', 'admin', '2025-11-17 18:04:01', '', null, '');
INSERT INTO `sys_menu_backup_20251206` VALUES ('1017', 'йғЁй—Ёж–°еўһ', '103', '2', '', '', '', '', '1', '0', 'F', '0', '0', 'system:dept:add', '#', 'admin', '2025-11-17 18:04:01', '', null, '');
INSERT INTO `sys_menu_backup_20251206` VALUES ('1018', 'йғЁй—Ёдҝ®ж”№', '103', '3', '', '', '', '', '1', '0', 'F', '0', '0', 'system:dept:edit', '#', 'admin', '2025-11-17 18:04:01', '', null, '');
INSERT INTO `sys_menu_backup_20251206` VALUES ('1019', 'йғЁй—ЁеҲ йҷӨ', '103', '4', '', '', '', '', '1', '0', 'F', '0', '0', 'system:dept:remove', '#', 'admin', '2025-11-17 18:04:01', '', null, '');
INSERT INTO `sys_menu_backup_20251206` VALUES ('1020', 'еІ—дҪҚжҹҘиҜў', '104', '1', '', '', '', '', '1', '0', 'F', '0', '0', 'system:post:query', '#', 'admin', '2025-11-17 18:04:01', '', null, '');
INSERT INTO `sys_menu_backup_20251206` VALUES ('1021', 'еІ—дҪҚж–°еўһ', '104', '2', '', '', '', '', '1', '0', 'F', '0', '0', 'system:post:add', '#', 'admin', '2025-11-17 18:04:01', '', null, '');
INSERT INTO `sys_menu_backup_20251206` VALUES ('1022', 'еІ—дҪҚдҝ®ж”№', '104', '3', '', '', '', '', '1', '0', 'F', '0', '0', 'system:post:edit', '#', 'admin', '2025-11-17 18:04:01', '', null, '');
INSERT INTO `sys_menu_backup_20251206` VALUES ('1023', 'еІ—дҪҚеҲ йҷӨ', '104', '4', '', '', '', '', '1', '0', 'F', '0', '0', 'system:post:remove', '#', 'admin', '2025-11-17 18:04:01', '', null, '');
INSERT INTO `sys_menu_backup_20251206` VALUES ('1024', 'еІ—дҪҚеҜјеҮә', '104', '5', '', '', '', '', '1', '0', 'F', '0', '0', 'system:post:export', '#', 'admin', '2025-11-17 18:04:01', '', null, '');
INSERT INTO `sys_menu_backup_20251206` VALUES ('1025', 'еӯ—е…ёжҹҘиҜў', '105', '1', '#', '', '', '', '1', '0', 'F', '0', '0', 'system:dict:query', '#', 'admin', '2025-11-17 18:04:01', '', null, '');
INSERT INTO `sys_menu_backup_20251206` VALUES ('1026', 'еӯ—е…ёж–°еўһ', '105', '2', '#', '', '', '', '1', '0', 'F', '0', '0', 'system:dict:add', '#', 'admin', '2025-11-17 18:04:01', '', null, '');
INSERT INTO `sys_menu_backup_20251206` VALUES ('1027', 'еӯ—е…ёдҝ®ж”№', '105', '3', '#', '', '', '', '1', '0', 'F', '0', '0', 'system:dict:edit', '#', 'admin', '2025-11-17 18:04:01', '', null, '');
INSERT INTO `sys_menu_backup_20251206` VALUES ('1028', 'еӯ—е…ёеҲ йҷӨ', '105', '4', '#', '', '', '', '1', '0', 'F', '0', '0', 'system:dict:remove', '#', 'admin', '2025-11-17 18:04:01', '', null, '');
INSERT INTO `sys_menu_backup_20251206` VALUES ('1029', 'еӯ—е…ёеҜјеҮә', '105', '5', '#', '', '', '', '1', '0', 'F', '0', '0', 'system:dict:export', '#', 'admin', '2025-11-17 18:04:01', '', null, '');
INSERT INTO `sys_menu_backup_20251206` VALUES ('1030', 'еҸӮж•°жҹҘиҜў', '106', '1', '#', '', '', '', '1', '0', 'F', '0', '0', 'system:config:query', '#', 'admin', '2025-11-17 18:04:01', '', null, '');
INSERT INTO `sys_menu_backup_20251206` VALUES ('1031', 'еҸӮж•°ж–°еўһ', '106', '2', '#', '', '', '', '1', '0', 'F', '0', '0', 'system:config:add', '#', 'admin', '2025-11-17 18:04:01', '', null, '');
INSERT INTO `sys_menu_backup_20251206` VALUES ('1032', 'еҸӮж•°дҝ®ж”№', '106', '3', '#', '', '', '', '1', '0', 'F', '0', '0', 'system:config:edit', '#', 'admin', '2025-11-17 18:04:01', '', null, '');
INSERT INTO `sys_menu_backup_20251206` VALUES ('1033', 'еҸӮж•°еҲ йҷӨ', '106', '4', '#', '', '', '', '1', '0', 'F', '0', '0', 'system:config:remove', '#', 'admin', '2025-11-17 18:04:01', '', null, '');
INSERT INTO `sys_menu_backup_20251206` VALUES ('1034', 'еҸӮж•°еҜјеҮә', '106', '5', '#', '', '', '', '1', '0', 'F', '0', '0', 'system:config:export', '#', 'admin', '2025-11-17 18:04:01', '', null, '');
INSERT INTO `sys_menu_backup_20251206` VALUES ('1035', 'е…¬е‘ҠжҹҘиҜў', '107', '1', '#', '', '', '', '1', '0', 'F', '0', '0', 'system:notice:query', '#', 'admin', '2025-11-17 18:04:01', '', null, '');
INSERT INTO `sys_menu_backup_20251206` VALUES ('1036', 'е…¬е‘Ҡж–°еўһ', '107', '2', '#', '', '', '', '1', '0', 'F', '0', '0', 'system:notice:add', '#', 'admin', '2025-11-17 18:04:01', '', null, '');
INSERT INTO `sys_menu_backup_20251206` VALUES ('1037', 'е…¬е‘Ҡдҝ®ж”№', '107', '3', '#', '', '', '', '1', '0', 'F', '0', '0', 'system:notice:edit', '#', 'admin', '2025-11-17 18:04:01', '', null, '');
INSERT INTO `sys_menu_backup_20251206` VALUES ('1038', 'е…¬е‘ҠеҲ йҷӨ', '107', '4', '#', '', '', '', '1', '0', 'F', '0', '0', 'system:notice:remove', '#', 'admin', '2025-11-17 18:04:01', '', null, '');
INSERT INTO `sys_menu_backup_20251206` VALUES ('1039', 'ж“ҚдҪңжҹҘиҜў', '500', '1', '#', '', '', '', '1', '0', 'F', '0', '0', 'monitor:operlog:query', '#', 'admin', '2025-11-17 18:04:01', '', null, '');
INSERT INTO `sys_menu_backup_20251206` VALUES ('1040', 'ж“ҚдҪңеҲ йҷӨ', '500', '2', '#', '', '', '', '1', '0', 'F', '0', '0', 'monitor:operlog:remove', '#', 'admin', '2025-11-17 18:04:01', '', null, '');
INSERT INTO `sys_menu_backup_20251206` VALUES ('1041', 'ж—Ҙеҝ—еҜјеҮә', '500', '3', '#', '', '', '', '1', '0', 'F', '0', '0', 'monitor:operlog:export', '#', 'admin', '2025-11-17 18:04:01', '', null, '');
INSERT INTO `sys_menu_backup_20251206` VALUES ('1042', 'зҷ»еҪ•жҹҘиҜў', '501', '1', '#', '', '', '', '1', '0', 'F', '0', '0', 'monitor:logininfor:query', '#', 'admin', '2025-11-17 18:04:01', '', null, '');
INSERT INTO `sys_menu_backup_20251206` VALUES ('1043', 'зҷ»еҪ•еҲ йҷӨ', '501', '2', '#', '', '', '', '1', '0', 'F', '0', '0', 'monitor:logininfor:remove', '#', 'admin', '2025-11-17 18:04:01', '', null, '');
INSERT INTO `sys_menu_backup_20251206` VALUES ('1044', 'ж—Ҙеҝ—еҜјеҮә', '501', '3', '#', '', '', '', '1', '0', 'F', '0', '0', 'monitor:logininfor:export', '#', 'admin', '2025-11-17 18:04:01', '', null, '');
INSERT INTO `sys_menu_backup_20251206` VALUES ('1045', 'иҙҰжҲ·и§Јй”Ғ', '501', '4', '#', '', '', '', '1', '0', 'F', '0', '0', 'monitor:logininfor:unlock', '#', 'admin', '2025-11-17 18:04:01', '', null, '');
INSERT INTO `sys_menu_backup_20251206` VALUES ('1046', 'еңЁзәҝжҹҘиҜў', '109', '1', '#', '', '', '', '1', '0', 'F', '0', '0', 'monitor:online:query', '#', 'admin', '2025-11-17 18:04:01', '', null, '');
INSERT INTO `sys_menu_backup_20251206` VALUES ('1047', 'жү№йҮҸејәйҖҖ', '109', '2', '#', '', '', '', '1', '0', 'F', '0', '0', 'monitor:online:batchLogout', '#', 'admin', '2025-11-17 18:04:01', '', null, '');
INSERT INTO `sys_menu_backup_20251206` VALUES ('1048', 'еҚ•жқЎејәйҖҖ', '109', '3', '#', '', '', '', '1', '0', 'F', '0', '0', 'monitor:online:forceLogout', '#', 'admin', '2025-11-17 18:04:01', '', null, '');
INSERT INTO `sys_menu_backup_20251206` VALUES ('1049', 'д»»еҠЎжҹҘиҜў', '110', '1', '#', '', '', '', '1', '0', 'F', '0', '0', 'monitor:job:query', '#', 'admin', '2025-11-17 18:04:01', '', null, '');
INSERT INTO `sys_menu_backup_20251206` VALUES ('1050', 'д»»еҠЎж–°еўһ', '110', '2', '#', '', '', '', '1', '0', 'F', '0', '0', 'monitor:job:add', '#', 'admin', '2025-11-17 18:04:01', '', null, '');
INSERT INTO `sys_menu_backup_20251206` VALUES ('1051', 'д»»еҠЎдҝ®ж”№', '110', '3', '#', '', '', '', '1', '0', 'F', '0', '0', 'monitor:job:edit', '#', 'admin', '2025-11-17 18:04:01', '', null, '');
INSERT INTO `sys_menu_backup_20251206` VALUES ('1052', 'д»»еҠЎеҲ йҷӨ', '110', '4', '#', '', '', '', '1', '0', 'F', '0', '0', 'monitor:job:remove', '#', 'admin', '2025-11-17 18:04:01', '', null, '');
INSERT INTO `sys_menu_backup_20251206` VALUES ('1053', 'зҠ¶жҖҒдҝ®ж”№', '110', '5', '#', '', '', '', '1', '0', 'F', '0', '0', 'monitor:job:changeStatus', '#', 'admin', '2025-11-17 18:04:01', '', null, '');
INSERT INTO `sys_menu_backup_20251206` VALUES ('1054', 'д»»еҠЎеҜјеҮә', '110', '6', '#', '', '', '', '1', '0', 'F', '0', '0', 'monitor:job:export', '#', 'admin', '2025-11-17 18:04:01', '', null, '');
INSERT INTO `sys_menu_backup_20251206` VALUES ('1055', 'з”ҹжҲҗжҹҘиҜў', '116', '1', '#', '', '', '', '1', '0', 'F', '0', '0', 'tool:gen:query', '#', 'admin', '2025-11-17 18:04:01', '', null, '');
INSERT INTO `sys_menu_backup_20251206` VALUES ('1056', 'з”ҹжҲҗдҝ®ж”№', '116', '2', '#', '', '', '', '1', '0', 'F', '0', '0', 'tool:gen:edit', '#', 'admin', '2025-11-17 18:04:01', '', null, '');
INSERT INTO `sys_menu_backup_20251206` VALUES ('1057', 'з”ҹжҲҗеҲ йҷӨ', '116', '3', '#', '', '', '', '1', '0', 'F', '0', '0', 'tool:gen:remove', '#', 'admin', '2025-11-17 18:04:01', '', null, '');
INSERT INTO `sys_menu_backup_20251206` VALUES ('1058', 'еҜје…Ҙд»Јз Ғ', '116', '4', '#', '', '', '', '1', '0', 'F', '0', '0', 'tool:gen:import', '#', 'admin', '2025-11-17 18:04:01', '', null, '');
INSERT INTO `sys_menu_backup_20251206` VALUES ('1059', 'йў„и§Ҳд»Јз Ғ', '116', '5', '#', '', '', '', '1', '0', 'F', '0', '0', 'tool:gen:preview', '#', 'admin', '2025-11-17 18:04:01', '', null, '');
INSERT INTO `sys_menu_backup_20251206` VALUES ('1060', 'з”ҹжҲҗд»Јз Ғ', '116', '6', '#', '', '', '', '1', '0', 'F', '0', '0', 'tool:gen:code', '#', 'admin', '2025-11-17 18:04:01', '', null, '');
INSERT INTO `sys_menu_backup_20251206` VALUES ('2000', 'жёҜеҘҪдҪҸз®ЎзҗҶ', '0', '5', 'gangzhu', null, null, '', '1', '0', 'M', '0', '0', '', 'guide', 'admin', '2025-11-18 00:18:53', '', null, 'жёҜеҘҪдҪҸдёҡеҠЎз®ЎзҗҶ');
INSERT INTO `sys_menu_backup_20251206` VALUES ('2001', 'жҲҝжәҗз®ЎзҗҶ', '3001', '4', 'house', null, null, '', '1', '0', 'M', '0', '0', 'gangzhu:house:list', 'build', 'admin', '2025-11-18 00:18:53', '', null, 'жҲҝжәҗз®ЎзҗҶиҸңеҚ•');
INSERT INTO `sys_menu_backup_20251206` VALUES ('2002', 'жҲҝжәҗжҹҘиҜў', '4001', '1', '#', '', null, '', '1', '0', 'F', '0', '0', 'gangzhu:house:query', '#', 'admin', '2025-11-18 00:18:53', '', null, '');
INSERT INTO `sys_menu_backup_20251206` VALUES ('2003', 'жҲҝжәҗж–°еўһ', '4001', '2', '#', '', null, '', '1', '0', 'F', '0', '0', 'gangzhu:house:add', '#', 'admin', '2025-11-18 00:18:53', '', null, '');
INSERT INTO `sys_menu_backup_20251206` VALUES ('2004', 'жҲҝжәҗдҝ®ж”№', '4001', '3', '#', '', null, '', '1', '0', 'F', '0', '0', 'gangzhu:house:edit', '#', 'admin', '2025-11-18 00:18:53', '', null, '');
INSERT INTO `sys_menu_backup_20251206` VALUES ('2005', 'жҲҝжәҗеҲ йҷӨ', '4001', '4', '#', '', null, '', '1', '0', 'F', '0', '0', 'gangzhu:house:remove', '#', 'admin', '2025-11-18 00:18:53', '', null, '');
INSERT INTO `sys_menu_backup_20251206` VALUES ('2006', 'жҲҝжәҗеҜјеҮә', '4001', '5', '#', '', null, '', '1', '0', 'F', '0', '0', 'gangzhu:house:export', '#', 'admin', '2025-11-18 00:18:53', '', null, '');
INSERT INTO `sys_menu_backup_20251206` VALUES ('2007', 'йЎ№зӣ®з®ЎзҗҶ', '3001', '1', 'project', 'gangzhu/project/index', null, '', '1', '0', 'C', '0', '0', 'gangzhu:project:list', 'tree', 'admin', '2025-11-18 00:18:53', '', null, 'йЎ№зӣ®з®ЎзҗҶиҸңеҚ•');
INSERT INTO `sys_menu_backup_20251206` VALUES ('2008', 'йЎ№зӣ®жҹҘиҜў', '2007', '1', '#', '', null, '', '1', '0', 'F', '0', '0', 'gangzhu:project:query', '#', 'admin', '2025-11-18 00:18:53', '', null, '');
INSERT INTO `sys_menu_backup_20251206` VALUES ('2009', 'йЎ№зӣ®ж–°еўһ', '2007', '2', '#', '', null, '', '1', '0', 'F', '0', '0', 'gangzhu:project:add', '#', 'admin', '2025-11-18 00:18:53', '', null, '');
INSERT INTO `sys_menu_backup_20251206` VALUES ('2010', 'йЎ№зӣ®дҝ®ж”№', '2007', '3', '#', '', null, '', '1', '0', 'F', '0', '0', 'gangzhu:project:edit', '#', 'admin', '2025-11-18 00:18:53', '', null, '');
INSERT INTO `sys_menu_backup_20251206` VALUES ('2011', 'йЎ№зӣ®еҲ йҷӨ', '2007', '4', '#', '', null, '', '1', '0', 'F', '0', '0', 'gangzhu:project:remove', '#', 'admin', '2025-11-18 00:18:53', '', null, '');
INSERT INTO `sys_menu_backup_20251206` VALUES ('2012', 'з§ҹжҲ·з®ЎзҗҶ', '3002', '1', 'tenant', 'gangzhu/tenant/index', null, '', '1', '0', 'C', '0', '0', 'gangzhu:tenant:list', 'peoples', 'admin', '2025-11-18 00:18:53', '', null, 'з§ҹжҲ·з®ЎзҗҶиҸңеҚ•');
INSERT INTO `sys_menu_backup_20251206` VALUES ('2013', 'з§ҹжҲ·жҹҘиҜў', '2012', '1', '#', '', null, '', '1', '0', 'F', '0', '0', 'gangzhu:tenant:query', '#', 'admin', '2025-11-18 00:18:53', '', null, '');
INSERT INTO `sys_menu_backup_20251206` VALUES ('2014', 'з§ҹжҲ·иҜҰжғ…', '2012', '2', '#', '', null, '', '1', '0', 'F', '0', '0', 'gangzhu:tenant:detail', '#', 'admin', '2025-11-18 00:18:53', '', null, '');
INSERT INTO `sys_menu_backup_20251206` VALUES ('2015', 'з§ҹжҲ·дҝ®ж”№', '2012', '3', '#', '', null, '', '1', '0', 'F', '0', '0', 'gangzhu:tenant:edit', '#', 'admin', '2025-11-18 00:18:53', '', null, '');
INSERT INTO `sys_menu_backup_20251206` VALUES ('2016', 'з§ҹжҲ·еҜјеҮә', '2012', '4', '#', '', null, '', '1', '0', 'F', '0', '0', 'gangzhu:tenant:export', '#', 'admin', '2025-11-18 00:18:53', '', null, '');
INSERT INTO `sys_menu_backup_20251206` VALUES ('2017', 'иө„ж јз”іиҜү', '3002', '3', 'qualification', 'gangzhu/qualification/index', null, '', '1', '0', 'C', '0', '0', 'gangzhu:qualification:list', 'form', 'admin', '2025-11-18 00:18:53', '', null, 'иө„ж је®Ўж ёиҸңеҚ•');
INSERT INTO `sys_menu_backup_20251206` VALUES ('2018', 'е®Ўж ёжҹҘиҜў', '2017', '1', '#', '', null, '', '1', '0', 'F', '0', '0', 'gangzhu:qualification:query', '#', 'admin', '2025-11-18 00:18:53', '', null, '');
INSERT INTO `sys_menu_backup_20251206` VALUES ('2019', 'е®Ўж ёйҖҡиҝҮ', '2017', '2', '#', '', null, '', '1', '0', 'F', '0', '0', 'gangzhu:qualification:approve', '#', 'admin', '2025-11-18 00:18:53', '', null, '');
INSERT INTO `sys_menu_backup_20251206` VALUES ('2020', 'е®Ўж ёжӢ’з»қ', '2017', '3', '#', '', null, '', '1', '0', 'F', '0', '0', 'gangzhu:qualification:reject', '#', 'admin', '2025-11-18 00:18:53', '', null, '');
INSERT INTO `sys_menu_backup_20251206` VALUES ('2021', 'е®Ўж ёеҜјеҮә', '2017', '4', '#', '', null, '', '1', '0', 'F', '0', '0', 'gangzhu:qualification:export', '#', 'admin', '2025-11-18 00:18:53', '', null, '');
INSERT INTO `sys_menu_backup_20251206` VALUES ('2022', 'еҗҲеҗҢз®ЎзҗҶ', '2000', '4', 'contract', 'gangzhu/contract/index', null, '', '1', '0', 'C', '0', '0', 'gangzhu:contract:list', 'documentation', 'admin', '2025-11-18 00:18:53', '', null, 'еҗҲеҗҢз®ЎзҗҶиҸңеҚ•');
INSERT INTO `sys_menu_backup_20251206` VALUES ('2023', 'еҗҲеҗҢжҹҘиҜў', '2022', '1', '#', '', null, '', '1', '0', 'F', '0', '0', 'gangzhu:contract:query', '#', 'admin', '2025-11-18 00:18:53', '', null, '');
INSERT INTO `sys_menu_backup_20251206` VALUES ('2024', 'еҗҲеҗҢиҜҰжғ…', '2022', '2', '#', '', null, '', '1', '0', 'F', '0', '0', 'gangzhu:contract:detail', '#', 'admin', '2025-11-18 00:18:53', '', null, '');
INSERT INTO `sys_menu_backup_20251206` VALUES ('2025', 'еҗҲеҗҢе®Ўж ё', '2022', '3', '#', '', null, '', '1', '0', 'F', '0', '0', 'gangzhu:contract:audit', '#', 'admin', '2025-11-18 00:18:53', '', null, '');
INSERT INTO `sys_menu_backup_20251206` VALUES ('2026', 'еҗҲеҗҢеҜјеҮә', '2022', '4', '#', '', null, '', '1', '0', 'F', '0', '0', 'gangzhu:contract:export', '#', 'admin', '2025-11-18 00:18:53', '', null, '');
INSERT INTO `sys_menu_backup_20251206` VALUES ('2027', 'з§ҹйҮ‘иҙҰеҚ•', '2022', '2', 'bill', 'gangzhu/bill/index', null, '', '1', '0', 'C', '0', '0', 'gangzhu:bill:list', 'money', 'admin', '2025-11-18 00:18:53', '', null, 'иҙҰеҚ•з®ЎзҗҶиҸңеҚ•');
INSERT INTO `sys_menu_backup_20251206` VALUES ('2028', 'иҙҰеҚ•жҹҘиҜў', '2027', '1', '#', '', null, '', '1', '0', 'F', '0', '0', 'gangzhu:bill:query', '#', 'admin', '2025-11-18 00:18:53', '', null, '');
INSERT INTO `sys_menu_backup_20251206` VALUES ('2029', 'иҙҰеҚ•ж–°еўһ', '2027', '2', '#', '', null, '', '1', '0', 'F', '0', '0', 'gangzhu:bill:add', '#', 'admin', '2025-11-18 00:18:53', '', null, '');
INSERT INTO `sys_menu_backup_20251206` VALUES ('2030', 'иҙҰеҚ•дҝ®ж”№', '2027', '3', '#', '', null, '', '1', '0', 'F', '0', '0', 'gangzhu:bill:edit', '#', 'admin', '2025-11-18 00:18:54', '', null, '');
INSERT INTO `sys_menu_backup_20251206` VALUES ('2031', 'иҙҰеҚ•еҜјеҮә', '2027', '4', '#', '', null, '', '1', '0', 'F', '0', '0', 'gangzhu:bill:export', '#', 'admin', '2025-11-18 00:18:54', '', null, '');
INSERT INTO `sys_menu_backup_20251206` VALUES ('2032', 'е…ҘдҪҸз®ЎзҗҶ', '2022', '3', 'checkin', 'gangzhu/checkin/index', null, '', '1', '0', 'C', '0', '0', 'gangzhu:checkin:list', 'log', 'admin', '2025-11-18 00:18:54', '', null, 'е…ҘдҪҸз®ЎзҗҶиҸңеҚ•');
INSERT INTO `sys_menu_backup_20251206` VALUES ('2033', 'е…ҘдҪҸжҹҘиҜў', '2032', '1', '#', '', null, '', '1', '0', 'F', '0', '0', 'gangzhu:checkin:query', '#', 'admin', '2025-11-18 00:18:54', '', null, '');
INSERT INTO `sys_menu_backup_20251206` VALUES ('2034', 'е…ҘдҪҸе®Ўж ё', '2032', '2', '#', '', null, '', '1', '0', 'F', '0', '0', 'gangzhu:checkin:audit', '#', 'admin', '2025-11-18 00:18:54', '', null, '');
INSERT INTO `sys_menu_backup_20251206` VALUES ('2035', 'е…ҘдҪҸеҜјеҮә', '2032', '3', '#', '', null, '', '1', '0', 'F', '0', '0', 'gangzhu:checkin:export', '#', 'admin', '2025-11-18 00:18:54', '', null, '');
INSERT INTO `sys_menu_backup_20251206` VALUES ('2036', 'йҖҖз§ҹз®ЎзҗҶ', '2022', '3', 'checkout', 'gangzhu/checkout/index', null, '', '1', '0', 'C', '0', '0', 'gangzhu:checkout:list', 'exit', 'admin', '2025-11-18 00:18:54', '', null, 'йҖҖз§ҹз®ЎзҗҶиҸңеҚ•');
INSERT INTO `sys_menu_backup_20251206` VALUES ('2037', 'йҖҖз§ҹжҹҘиҜў', '2036', '1', '#', '', null, '', '1', '0', 'F', '0', '0', 'gangzhu:checkout:query', '#', 'admin', '2025-11-18 00:18:54', '', null, '');
INSERT INTO `sys_menu_backup_20251206` VALUES ('2038', 'йҖҖз§ҹе®Ўж ё', '2036', '2', '#', '', null, '', '1', '0', 'F', '0', '0', 'gangzhu:checkout:audit', '#', 'admin', '2025-11-18 00:18:54', '', null, '');
INSERT INTO `sys_menu_backup_20251206` VALUES ('2039', 'йҖҖз§ҹеҜјеҮә', '2036', '3', '#', '', null, '', '1', '0', 'F', '0', '0', 'gangzhu:checkout:export', '#', 'admin', '2025-11-18 00:18:54', '', null, '');
INSERT INTO `sys_menu_backup_20251206` VALUES ('2040', 'йў„зәҰзңӢжҲҝ', '3002', '2', 'appointment', 'gangzhu/appointment/index', null, '', '1', '0', 'C', '0', '0', 'gangzhu:appointment:list', 'date', 'admin', '2025-11-18 00:18:54', '', null, 'йў„зәҰз®ЎзҗҶиҸңеҚ•');
INSERT INTO `sys_menu_backup_20251206` VALUES ('2041', 'йў„зәҰжҹҘиҜў', '2040', '1', '#', '', null, '', '1', '0', 'F', '0', '0', 'gangzhu:appointment:query', '#', 'admin', '2025-11-18 00:18:54', '', null, '');
INSERT INTO `sys_menu_backup_20251206` VALUES ('2042', 'йў„зәҰзЎ®и®Ө', '2040', '2', '#', '', null, '', '1', '0', 'F', '0', '0', 'gangzhu:appointment:confirm', '#', 'admin', '2025-11-18 00:18:54', '', null, '');
INSERT INTO `sys_menu_backup_20251206` VALUES ('2043', 'йў„зәҰеҸ–ж¶Ҳ', '2040', '3', '#', '', null, '', '1', '0', 'F', '0', '0', 'gangzhu:appointment:cancel', '#', 'admin', '2025-11-18 00:18:54', '', null, '');
INSERT INTO `sys_menu_backup_20251206` VALUES ('2044', 'йў„зәҰеҜјеҮә', '2040', '4', '#', '', null, '', '1', '0', 'F', '0', '0', 'gangzhu:appointment:export', '#', 'admin', '2025-11-18 00:18:54', '', null, '');
INSERT INTO `sys_menu_backup_20251206` VALUES ('2045', 'жүҝиҜәд№Ұ', '3002', '4', 'document', 'gangzhu/document/index', null, '', '1', '0', 'C', '0', '0', 'gangzhu:document:list', 'skill', 'admin', '2025-11-18 00:18:54', '', null, 'иө„ж–ҷе®Ўж ёиҸңеҚ•');
INSERT INTO `sys_menu_backup_20251206` VALUES ('2046', 'иө„ж–ҷжҹҘиҜў', '2045', '1', '#', '', null, '', '1', '0', 'F', '0', '0', 'gangzhu:document:query', '#', 'admin', '2025-11-18 00:18:54', '', null, '');
INSERT INTO `sys_menu_backup_20251206` VALUES ('2047', 'иө„ж–ҷе®Ўж ё', '2045', '2', '#', '', null, '', '1', '0', 'F', '0', '0', 'gangzhu:document:audit', '#', 'admin', '2025-11-18 00:18:54', '', null, '');
INSERT INTO `sys_menu_backup_20251206` VALUES ('2048', 'иө„ж–ҷеҜјеҮә', '2045', '3', '#', '', null, '', '1', '0', 'F', '0', '0', 'gangzhu:document:export', '#', 'admin', '2025-11-18 00:18:54', '', null, '');
INSERT INTO `sys_menu_backup_20251206` VALUES ('2049', 'ж¶ҲжҒҜйҖҡзҹҘ', '3004', '1', 'message', 'gangzhu/message/index', null, '', '1', '0', 'C', '0', '0', 'gangzhu:message:list', 'email', 'admin', '2025-11-18 00:18:54', '', null, 'ж¶ҲжҒҜз®ЎзҗҶиҸңеҚ•');
INSERT INTO `sys_menu_backup_20251206` VALUES ('2050', 'ж¶ҲжҒҜжҹҘиҜў', '2049', '1', '#', '', null, '', '1', '0', 'F', '0', '0', 'gangzhu:message:query', '#', 'admin', '2025-11-18 00:18:54', '', null, '');
INSERT INTO `sys_menu_backup_20251206` VALUES ('2051', 'ж¶ҲжҒҜеҸ‘йҖҒ', '2049', '2', '#', '', null, '', '1', '0', 'F', '0', '0', 'gangzhu:message:send', '#', 'admin', '2025-11-18 00:18:54', '', null, '');
INSERT INTO `sys_menu_backup_20251206` VALUES ('2052', 'ж¶ҲжҒҜеҲ йҷӨ', '2049', '3', '#', '', null, '', '1', '0', 'F', '0', '0', 'gangzhu:message:remove', '#', 'admin', '2025-11-18 00:18:54', '', null, '');
INSERT INTO `sys_menu_backup_20251206` VALUES ('2053', 'йҖҡзҹҘе…¬е‘Ҡ', '3004', '4', 'announcement', 'gangzhu/announcement/index', null, '', '1', '0', 'C', '0', '0', 'gangzhu:announcement:list', 'message', 'admin', '2025-11-18 00:18:54', '', null, 'е…¬е‘Ҡз®ЎзҗҶиҸңеҚ•');
INSERT INTO `sys_menu_backup_20251206` VALUES ('2054', 'е…¬е‘ҠжҹҘиҜў', '2053', '1', '#', '', null, '', '1', '0', 'F', '0', '0', 'gangzhu:announcement:query', '#', 'admin', '2025-11-18 00:18:54', '', null, '');
INSERT INTO `sys_menu_backup_20251206` VALUES ('2055', 'е…¬е‘Ҡж–°еўһ', '2053', '2', '#', '', null, '', '1', '0', 'F', '0', '0', 'gangzhu:announcement:add', '#', 'admin', '2025-11-18 00:18:54', '', null, '');
INSERT INTO `sys_menu_backup_20251206` VALUES ('2056', 'е…¬е‘Ҡдҝ®ж”№', '2053', '3', '#', '', null, '', '1', '0', 'F', '0', '0', 'gangzhu:announcement:edit', '#', 'admin', '2025-11-18 00:18:54', '', null, '');
INSERT INTO `sys_menu_backup_20251206` VALUES ('2057', 'е…¬е‘ҠеҲ йҷӨ', '2053', '4', '#', '', null, '', '1', '0', 'F', '0', '0', 'gangzhu:announcement:remove', '#', 'admin', '2025-11-18 00:18:54', '', null, '');
INSERT INTO `sys_menu_backup_20251206` VALUES ('2058', 'ејҖзҘЁз®ЎзҗҶ', '2000', '9', 'invoice', 'gangzhu/invoice/index', null, '', '1', '0', 'C', '0', '0', 'gangzhu:invoice:list', 'post', 'admin', '2025-11-18 00:18:54', '', null, 'ејҖзҘЁз®ЎзҗҶиҸңеҚ•');
INSERT INTO `sys_menu_backup_20251206` VALUES ('2059', 'ејҖзҘЁжҹҘиҜў', '2058', '1', '#', '', null, '', '1', '0', 'F', '0', '0', 'gangzhu:invoice:query', '#', 'admin', '2025-11-18 00:18:54', '', null, '');
INSERT INTO `sys_menu_backup_20251206` VALUES ('2060', 'ејҖзҘЁе®Ўж ё', '2058', '2', '#', '', null, '', '1', '0', 'F', '0', '0', 'gangzhu:invoice:audit', '#', 'admin', '2025-11-18 00:18:54', '', null, '');
INSERT INTO `sys_menu_backup_20251206` VALUES ('2061', 'ејҖзҘЁеҜјеҮә', '2058', '3', '#', '', null, '', '1', '0', 'F', '0', '0', 'gangzhu:invoice:export', '#', 'admin', '2025-11-18 00:18:54', '', null, '');
INSERT INTO `sys_menu_backup_20251206` VALUES ('3000', 'йҰ–йЎө', '2000', '1', 'dashboard', 'gangzhu/dashboard/index', null, '', '1', '0', 'C', '0', '0', 'gangzhu:dashboard:view', 'dashboard', 'admin', '2025-11-18 20:22:04', '', null, 'йҰ–йЎөж•°жҚ®з»ҹи®Ў');
INSERT INTO `sys_menu_backup_20251206` VALUES ('3001', 'иө„дә§з®ЎзҗҶ', '2000', '2', 'asset', null, null, '', '1', '0', 'M', '0', '0', null, 'example', 'admin', '2025-11-18 20:22:04', '', null, 'иө„дә§з®ЎзҗҶиҸңеҚ•');
INSERT INTO `sys_menu_backup_20251206` VALUES ('3002', 'з”іиҜ·дҝЎжҒҜ', '2000', '3', 'application', null, null, '', '1', '0', 'M', '0', '0', null, 'form', 'admin', '2025-11-18 20:22:04', '', null, 'з”іиҜ·дҝЎжҒҜиҸңеҚ•');
INSERT INTO `sys_menu_backup_20251206` VALUES ('3003', 'жҠҘиЎЁз®ЎзҗҶ', '2000', '5', 'report', null, null, '', '1', '0', 'M', '0', '0', null, 'chart', 'admin', '2025-11-18 20:22:04', '', null, 'жҠҘиЎЁз®ЎзҗҶиҸңеҚ•');
INSERT INTO `sys_menu_backup_20251206` VALUES ('3004', 'й…ҚзҪ®з®ЎзҗҶ', '2000', '6', 'config', null, null, '', '1', '0', 'M', '0', '0', null, 'tool', 'admin', '2025-11-18 20:22:04', '', null, 'й…ҚзҪ®з®ЎзҗҶиҸңеҚ•');
INSERT INTO `sys_menu_backup_20251206` VALUES ('3010', 'еҗҲеҗҢеҲ—иЎЁ', '2022', '1', 'list', 'gangzhu/contract/index', null, '', '1', '0', 'C', '0', '0', 'gangzhu:contract:list', '#', 'admin', '2025-11-18 20:23:34', '', null, 'еҗҲеҗҢеҲ—иЎЁ');
INSERT INTO `sys_menu_backup_20251206` VALUES ('3011', 'йҖҖж¬ҫз®ЎзҗҶ', '2022', '4', 'refund', 'gangzhu/refund/index', null, '', '1', '0', 'C', '0', '0', 'gangzhu:refund:list', '#', 'admin', '2025-11-18 20:23:34', '', null, 'йҖҖж¬ҫз®ЎзҗҶ');
INSERT INTO `sys_menu_backup_20251206` VALUES ('3012', 'еҗҲдҪҸдәәз®ЎзҗҶ', '2022', '5', 'roommate', 'gangzhu/roommate/index', null, '', '1', '0', 'C', '0', '0', 'gangzhu:roommate:list', '#', 'admin', '2025-11-18 20:23:34', '', null, 'еҗҲдҪҸдәәз®ЎзҗҶ');
INSERT INTO `sys_menu_backup_20251206` VALUES ('3013', 'и°ғжҚўжҲҝз®ЎзҗҶ', '2022', '6', 'transfer', 'gangzhu/transfer/index', null, '', '1', '0', 'C', '0', '0', 'gangzhu:transfer:list', '#', 'admin', '2025-11-18 20:23:34', '', null, 'и°ғжҚўжҲҝз®ЎзҗҶ');
INSERT INTO `sys_menu_backup_20251206` VALUES ('3020', 'йЎ№зӣ®ж”¶ж¬ҫеҸ°иҙҰ', '3003', '1', 'receipt', 'gangzhu/report/receipt/index', null, '', '1', '0', 'C', '0', '0', 'gangzhu:report:receipt', '#', 'admin', '2025-11-18 20:23:34', '', null, 'йЎ№зӣ®ж”¶ж¬ҫеҸ°иҙҰ');
INSERT INTO `sys_menu_backup_20251206` VALUES ('3021', 'иҮӘе®ҡд№үжҠҘиЎЁ', '3003', '2', 'custom', 'gangzhu/report/custom/index', null, '', '1', '0', 'C', '0', '0', 'gangzhu:report:custom', '#', 'admin', '2025-11-18 20:23:34', '', null, 'иҮӘе®ҡд№үжҠҘиЎЁ');
INSERT INTO `sys_menu_backup_20251206` VALUES ('3030', 'еҗҲеҗҢжЁЎзүҲ', '3004', '2', 'template', 'gangzhu/config/template/index', null, '', '1', '0', 'C', '0', '0', 'gangzhu:config:template', '#', 'admin', '2025-11-18 20:23:34', '', null, 'еҗҲеҗҢжЁЎзүҲ');
INSERT INTO `sys_menu_backup_20251206` VALUES ('3031', 'иҝҗиҗҘй…ҚзҪ®', '3004', '3', 'operation', 'gangzhu/config/operation/index', null, '', '1', '0', 'C', '0', '0', 'gangzhu:config:operation', '#', 'admin', '2025-11-18 20:23:34', '', null, 'иҝҗиҗҘй…ҚзҪ®');
INSERT INTO `sys_menu_backup_20251206` VALUES ('3032', 'ж”ҝзӯ–ж–Үд»¶', '3004', '5', 'policy', 'gangzhu/config/policy/index', null, '', '1', '0', 'C', '0', '0', 'gangzhu:config:policy', '#', 'admin', '2025-11-18 20:23:34', '', null, 'ж”ҝзӯ–ж–Үд»¶');
INSERT INTO `sys_menu_backup_20251206` VALUES ('3040', 'й»‘еҗҚеҚ•з®ЎзҗҶ', '2000', '7', 'blacklist', 'gangzhu/blacklist/index', null, '', '1', '0', 'C', '0', '0', 'gangzhu:blacklist:list', 'user', 'admin', '2025-11-18 20:23:34', '', null, 'й»‘еҗҚеҚ•з®ЎзҗҶ');
INSERT INTO `sys_menu_backup_20251206` VALUES ('3041', 'з”ЁжҲ·з®ЎзҗҶ', '2000', '8', 'user', 'gangzhu/user/index', null, '', '1', '0', 'C', '0', '0', 'gangzhu:user:list', 'peoples', 'admin', '2025-11-18 20:23:34', '', null, 'еүҚз«Ҝз”ЁжҲ·з®ЎзҗҶ');
INSERT INTO `sys_menu_backup_20251206` VALUES ('4001', 'жҲҝжәҗеҲ—иЎЁ', '2001', '1', 'list', 'gangzhu/house/index', null, '', '1', '0', 'C', '0', '0', 'gangzhu:house:list', 'cascader', 'admin', '2025-11-18 20:46:23', 'admin', '2025-11-18 20:59:08', 'жҲҝжәҗеҲ—иЎЁз®ЎзҗҶ');
INSERT INTO `sys_menu_backup_20251206` VALUES ('4002', 'й…Қз§ҹжү№ж¬Ў', '2001', '2', 'batch', 'gangzhu/house/batch/index', null, '', '1', '0', 'C', '0', '0', 'gangzhu:batch:list', 'edit', 'admin', '2025-11-18 20:46:36', 'admin', '2025-11-18 20:59:18', 'й…Қз§ҹжү№ж¬Ўз®ЎзҗҶ');
INSERT INTO `sys_menu_backup_20251206` VALUES ('4003', 'дјҒдёҡе®ўжҲ·', '2001', '3', 'enterprise', 'gangzhu/house/enterprise/index', null, '', '1', '0', 'C', '0', '0', 'gangzhu:enterprise:list', 'redis-list', 'admin', '2025-11-18 20:46:48', 'admin', '2025-11-18 20:59:26', 'дјҒдёҡе®ўжҲ·з®ЎзҗҶ');
INSERT INTO `sys_menu_backup_20251206` VALUES ('4010', 'жү№ж¬ЎжҹҘиҜў', '4002', '1', '#', null, null, '', '1', '0', 'F', '0', '0', 'gangzhu:batch:query', '#', 'admin', '2025-11-18 20:46:36', '', null, '');
INSERT INTO `sys_menu_backup_20251206` VALUES ('4011', 'жү№ж¬Ўж–°еўһ', '4002', '2', '#', null, null, '', '1', '0', 'F', '0', '0', 'gangzhu:batch:add', '#', 'admin', '2025-11-18 20:46:36', '', null, '');
INSERT INTO `sys_menu_backup_20251206` VALUES ('4012', 'жү№ж¬Ўзј–иҫ‘', '4002', '3', '#', null, null, '', '1', '0', 'F', '0', '0', 'gangzhu:batch:edit', '#', 'admin', '2025-11-18 20:46:36', '', null, '');
INSERT INTO `sys_menu_backup_20251206` VALUES ('4013', 'жү№ж¬ЎдҪңеәҹ', '4002', '4', '#', null, null, '', '1', '0', 'F', '0', '0', 'gangzhu:batch:cancel', '#', 'admin', '2025-11-18 20:46:36', '', null, '');
INSERT INTO `sys_menu_backup_20251206` VALUES ('4014', 'жү№ж¬Ўе®Ўжү№', '4002', '5', '#', null, null, '', '1', '0', 'F', '0', '0', 'gangzhu:batch:approve', '#', 'admin', '2025-11-18 20:46:36', '', null, '');
INSERT INTO `sys_menu_backup_20251206` VALUES ('4015', 'жү№ж¬ЎеҜјеҮә', '4002', '6', '#', null, null, '', '1', '0', 'F', '0', '0', 'gangzhu:batch:export', '#', 'admin', '2025-11-18 20:46:36', '', null, '');
INSERT INTO `sys_menu_backup_20251206` VALUES ('4020', 'дјҒдёҡжҹҘиҜў', '4003', '1', '#', null, null, '', '1', '0', 'F', '0', '0', 'gangzhu:enterprise:query', '#', 'admin', '2025-11-18 20:46:48', '', null, '');
INSERT INTO `sys_menu_backup_20251206` VALUES ('4021', 'дјҒдёҡж–°еўһ', '4003', '2', '#', null, null, '', '1', '0', 'F', '0', '0', 'gangzhu:enterprise:add', '#', 'admin', '2025-11-18 20:46:48', '', null, '');
INSERT INTO `sys_menu_backup_20251206` VALUES ('4022', 'дјҒдёҡзј–иҫ‘', '4003', '3', '#', null, null, '', '1', '0', 'F', '0', '0', 'gangzhu:enterprise:edit', '#', 'admin', '2025-11-18 20:46:48', '', null, '');
INSERT INTO `sys_menu_backup_20251206` VALUES ('4023', 'дјҒдёҡдҪңеәҹ', '4003', '4', '#', null, null, '', '1', '0', 'F', '0', '0', 'gangzhu:enterprise:cancel', '#', 'admin', '2025-11-18 20:46:48', '', null, '');
INSERT INTO `sys_menu_backup_20251206` VALUES ('4024', 'дјҒдёҡе®Ўжү№', '4003', '5', '#', null, null, '', '1', '0', 'F', '0', '0', 'gangzhu:enterprise:approve', '#', 'admin', '2025-11-18 20:46:48', '', null, '');
INSERT INTO `sys_menu_backup_20251206` VALUES ('4025', 'дјҒдёҡеҜјеҮә', '4003', '6', '#', null, null, '', '1', '0', 'F', '0', '0', 'gangzhu:enterprise:export', '#', 'admin', '2025-11-18 20:46:48', '', null, '');

-- ----------------------------
-- Table structure for sys_notice
-- ----------------------------
DROP TABLE IF EXISTS `sys_notice`;
CREATE TABLE `sys_notice` (
  `notice_id` int(4) NOT NULL AUTO_INCREMENT COMMENT 'е…¬е‘ҠID',
  `notice_title` varchar(50) NOT NULL COMMENT 'е…¬е‘Ҡж Үйўҳ',
  `notice_type` char(1) NOT NULL COMMENT 'е…¬е‘Ҡзұ»еһӢпјҲ1йҖҡзҹҘ 2е…¬е‘Ҡпјү',
  `notice_content` longblob COMMENT 'е…¬е‘ҠеҶ…е®№',
  `status` char(1) DEFAULT '0' COMMENT 'е…¬е‘ҠзҠ¶жҖҒпјҲ0жӯЈеёё 1е…ій—ӯпјү',
  `create_by` varchar(64) DEFAULT '' COMMENT 'еҲӣе»әиҖ…',
  `create_time` datetime DEFAULT NULL COMMENT 'еҲӣе»әж—¶й—ҙ',
  `update_by` varchar(64) DEFAULT '' COMMENT 'жӣҙж–°иҖ…',
  `update_time` datetime DEFAULT NULL COMMENT 'жӣҙж–°ж—¶й—ҙ',
  `remark` varchar(255) DEFAULT NULL COMMENT 'еӨҮжіЁ',
  PRIMARY KEY (`notice_id`)
) ENGINE=InnoDB AUTO_INCREMENT=10 DEFAULT CHARSET=utf8 COMMENT='йҖҡзҹҘе…¬е‘ҠиЎЁ';

-- ----------------------------
-- Records of sys_notice
-- ----------------------------
INSERT INTO `sys_notice` VALUES ('1', 'жё©йҰЁжҸҗйҶ’пјҡ2018-07-01 иӢҘдҫқж–°зүҲжң¬еҸ‘еёғе•Ұ', '2', 0xE696B0E78988E69CACE58685E5AEB9, '0', 'admin', '2025-11-17 18:04:03', '', null, 'з®ЎзҗҶе‘ҳ');
INSERT INTO `sys_notice` VALUES ('2', 'з»ҙжҠӨйҖҡзҹҘпјҡ2018-07-01 иӢҘдҫқзі»з»ҹеҮҢжҷЁз»ҙжҠӨ', '1', 0xE7BBB4E68AA4E58685E5AEB9, '0', 'admin', '2025-11-17 18:04:03', '', null, 'з®ЎзҗҶе‘ҳ');

-- ----------------------------
-- Table structure for sys_oper_log
-- ----------------------------
DROP TABLE IF EXISTS `sys_oper_log`;
CREATE TABLE `sys_oper_log` (
  `oper_id` bigint(20) NOT NULL AUTO_INCREMENT COMMENT 'ж—Ҙеҝ—дё»й”®',
  `title` varchar(50) DEFAULT '' COMMENT 'жЁЎеқ—ж Үйўҳ',
  `business_type` int(2) DEFAULT '0' COMMENT 'дёҡеҠЎзұ»еһӢпјҲ0е…¶е®ғ 1ж–°еўһ 2дҝ®ж”№ 3еҲ йҷӨпјү',
  `method` varchar(200) DEFAULT '' COMMENT 'ж–№жі•еҗҚз§°',
  `request_method` varchar(10) DEFAULT '' COMMENT 'иҜ·жұӮж–№ејҸ',
  `operator_type` int(1) DEFAULT '0' COMMENT 'ж“ҚдҪңзұ»еҲ«пјҲ0е…¶е®ғ 1еҗҺеҸ°з”ЁжҲ· 2жүӢжңәз«Ҝз”ЁжҲ·пјү',
  `oper_name` varchar(50) DEFAULT '' COMMENT 'ж“ҚдҪңдәәе‘ҳ',
  `dept_name` varchar(50) DEFAULT '' COMMENT 'йғЁй—ЁеҗҚз§°',
  `oper_url` varchar(255) DEFAULT '' COMMENT 'иҜ·жұӮURL',
  `oper_ip` varchar(128) DEFAULT '' COMMENT 'дё»жңәең°еқҖ',
  `oper_location` varchar(255) DEFAULT '' COMMENT 'ж“ҚдҪңең°зӮ№',
  `oper_param` varchar(2000) DEFAULT '' COMMENT 'иҜ·жұӮеҸӮж•°',
  `json_result` varchar(2000) DEFAULT '' COMMENT 'иҝ”еӣһеҸӮж•°',
  `status` int(1) DEFAULT '0' COMMENT 'ж“ҚдҪңзҠ¶жҖҒпјҲ0жӯЈеёё 1ејӮеёёпјү',
  `error_msg` varchar(2000) DEFAULT '' COMMENT 'й”ҷиҜҜж¶ҲжҒҜ',
  `oper_time` datetime DEFAULT NULL COMMENT 'ж“ҚдҪңж—¶й—ҙ',
  `cost_time` bigint(20) DEFAULT '0' COMMENT 'ж¶ҲиҖ—ж—¶й—ҙ',
  PRIMARY KEY (`oper_id`),
  KEY `idx_sys_oper_log_bt` (`business_type`),
  KEY `idx_sys_oper_log_s` (`status`),
  KEY `idx_sys_oper_log_ot` (`oper_time`)
) ENGINE=InnoDB AUTO_INCREMENT=176 DEFAULT CHARSET=utf8 COMMENT='ж“ҚдҪңж—Ҙеҝ—и®°еҪ•';

-- ----------------------------
-- Records of sys_oper_log
-- ----------------------------
INSERT INTO `sys_oper_log` VALUES ('100', 'з”ЁжҲ·еӨҙеғҸ', '2', 'com.ruoyi.web.controller.system.SysProfileController.avatar()', 'POST', '1', 'admin', 'з ”еҸ‘йғЁй—Ё', '/system/user/profile/avatar', '127.0.0.1', 'еҶ…зҪ‘IP', '', '{\"msg\":\"ж“ҚдҪңжҲҗеҠҹ\",\"imgUrl\":\"/profile/avatar/2025/11/17/54d9ef312c7142caa37ac2ecdddb0973.png\",\"code\":200}', '0', null, '2025-11-17 19:06:18', '229');
INSERT INTO `sys_oper_log` VALUES ('101', 'дёӘдәәдҝЎжҒҜ', '2', 'com.ruoyi.web.controller.system.SysProfileController.updateProfile()', 'PUT', '1', 'admin', 'з ”еҸ‘йғЁй—Ё', '/system/user/profile', '127.0.0.1', 'еҶ…зҪ‘IP', '{\"admin\":false,\"email\":\"ry@163.com\",\"nickName\":\"иӢҘдҫқ\",\"params\":{},\"phonenumber\":\"15888888888\",\"sex\":\"1\"}', '{\"msg\":\"ж“ҚдҪңжҲҗеҠҹ\",\"code\":200}', '0', null, '2025-11-17 19:06:19', '36');
INSERT INTO `sys_oper_log` VALUES ('102', 'йЎ№зӣ®з®ЎзҗҶ', '1', 'com.ruoyi.web.controller.system.HzProjectController.add()', 'POST', '1', 'admin', 'з ”еҸ‘йғЁй—Ё', '/system/project', '127.0.0.1', 'еҶ…зҪ‘IP', '{\"address\":\"йҳҝж–Ҝи’ӮиҠ¬\",\"availableHouses\":0,\"facilities\":\"йҳҝж–Ҝи’ӮиҠ¬\",\"latitude\":21.1212,\"longitude\":123.121,\"managerName\":\"wenwang\",\"managerPhone\":\"18539279011\",\"params\":{},\"projectCode\":\"012\",\"projectId\":1,\"projectIntro\":\"йҳҝж–Ҝи’ӮиҠ¬\",\"projectName\":\"йҳҝж–Ҝи’ӮиҠ¬\",\"projectType\":\"1\",\"sortOrder\":0,\"status\":\"0\",\"totalBuildings\":0,\"totalHouses\":0,\"transportation\":\"йҳҝж–Ҝи’ӮиҠ¬\"}', '{\"msg\":\"ж“ҚдҪңжҲҗеҠҹ\",\"code\":200}', '0', null, '2025-11-18 18:39:09', '29');
INSERT INTO `sys_oper_log` VALUES ('103', 'иҸңеҚ•з®ЎзҗҶ', '2', 'com.ruoyi.web.controller.system.SysMenuController.edit()', 'PUT', '1', 'admin', 'з ”еҸ‘йғЁй—Ё', '/system/menu', '127.0.0.1', 'еҶ…зҪ‘IP', '{\"children\":[],\"createTime\":\"2025-11-17 18:04:01\",\"icon\":\"guide\",\"isCache\":\"0\",\"isFrame\":\"0\",\"menuId\":4,\"menuName\":\"иӢҘдҫқе®ҳзҪ‘\",\"menuType\":\"M\",\"orderNum\":10,\"params\":{},\"parentId\":0,\"path\":\"http://ruoyi.vip\",\"perms\":\"\",\"query\":\"\",\"routeName\":\"\",\"status\":\"0\",\"updateBy\":\"admin\",\"visible\":\"0\"}', '{\"msg\":\"ж“ҚдҪңжҲҗеҠҹ\",\"code\":200}', '0', null, '2025-11-18 18:40:51', '29');
INSERT INTO `sys_oper_log` VALUES ('104', 'йЎ№зӣ®з®ЎзҗҶ', '1', 'com.ruoyi.web.controller.system.HzProjectController.add()', 'POST', '1', 'admin', 'з ”еҸ‘йғЁй—Ё', '/system/project', '127.0.0.1', 'еҶ…зҪ‘IP', '{\"address\":\"йҳҝж–Ҝи’ӮиҠ¬\",\"availableHouses\":200,\"latitude\":0,\"longitude\":0,\"managerName\":\"иҸң\",\"managerPhone\":\"18539279011\",\"params\":{},\"projectCode\":\"56\",\"projectId\":2,\"projectName\":\"жөӢиҜ•1\",\"projectType\":\"1\",\"sortOrder\":2,\"status\":\"0\",\"totalBuildings\":50,\"totalHouses\":500}', '{\"msg\":\"ж“ҚдҪңжҲҗеҠҹ\",\"code\":200}', '0', null, '2025-11-18 19:47:20', '76');
INSERT INTO `sys_oper_log` VALUES ('105', 'иҸңеҚ•з®ЎзҗҶ', '2', 'com.ruoyi.web.controller.system.SysMenuController.edit()', 'PUT', '1', 'admin', 'з ”еҸ‘йғЁй—Ё', '/system/menu', '127.0.0.1', 'еҶ…зҪ‘IP', '{\"children\":[],\"component\":\"gangzhu/house/index\",\"createTime\":\"2025-11-18 20:46:23\",\"icon\":\"cascader\",\"isCache\":\"0\",\"isFrame\":\"1\",\"menuId\":4001,\"menuName\":\"жҲҝжәҗеҲ—иЎЁ\",\"menuType\":\"C\",\"orderNum\":1,\"params\":{},\"parentId\":2001,\"path\":\"list\",\"perms\":\"gangzhu:house:list\",\"routeName\":\"\",\"status\":\"0\",\"updateBy\":\"admin\",\"visible\":\"0\"}', '{\"msg\":\"ж“ҚдҪңжҲҗеҠҹ\",\"code\":200}', '0', null, '2025-11-18 20:59:09', '30');
INSERT INTO `sys_oper_log` VALUES ('106', 'иҸңеҚ•з®ЎзҗҶ', '2', 'com.ruoyi.web.controller.system.SysMenuController.edit()', 'PUT', '1', 'admin', 'з ”еҸ‘йғЁй—Ё', '/system/menu', '127.0.0.1', 'еҶ…зҪ‘IP', '{\"children\":[],\"component\":\"gangzhu/house/batch/index\",\"createTime\":\"2025-11-18 20:46:36\",\"icon\":\"edit\",\"isCache\":\"0\",\"isFrame\":\"1\",\"menuId\":4002,\"menuName\":\"й…Қз§ҹжү№ж¬Ў\",\"menuType\":\"C\",\"orderNum\":2,\"params\":{},\"parentId\":2001,\"path\":\"batch\",\"perms\":\"gangzhu:batch:list\",\"routeName\":\"\",\"status\":\"0\",\"updateBy\":\"admin\",\"visible\":\"0\"}', '{\"msg\":\"ж“ҚдҪңжҲҗеҠҹ\",\"code\":200}', '0', null, '2025-11-18 20:59:18', '18');
INSERT INTO `sys_oper_log` VALUES ('107', 'иҸңеҚ•з®ЎзҗҶ', '2', 'com.ruoyi.web.controller.system.SysMenuController.edit()', 'PUT', '1', 'admin', 'з ”еҸ‘йғЁй—Ё', '/system/menu', '127.0.0.1', 'еҶ…зҪ‘IP', '{\"children\":[],\"component\":\"gangzhu/house/enterprise/index\",\"createTime\":\"2025-11-18 20:46:48\",\"icon\":\"redis-list\",\"isCache\":\"0\",\"isFrame\":\"1\",\"menuId\":4003,\"menuName\":\"дјҒдёҡе®ўжҲ·\",\"menuType\":\"C\",\"orderNum\":3,\"params\":{},\"parentId\":2001,\"path\":\"enterprise\",\"perms\":\"gangzhu:enterprise:list\",\"routeName\":\"\",\"status\":\"0\",\"updateBy\":\"admin\",\"visible\":\"0\"}', '{\"msg\":\"ж“ҚдҪңжҲҗеҠҹ\",\"code\":200}', '0', null, '2025-11-18 20:59:26', '17');
INSERT INTO `sys_oper_log` VALUES ('108', 'дјҒдёҡе®ўжҲ·', '1', 'com.ruoyi.web.controller.system.HzEnterpriseController.add()', 'POST', '1', 'admin', 'з ”еҸ‘йғЁй—Ё', '/system/enterprise', '127.0.0.1', 'еҶ…зҪ‘IP', '{\"contactPerson\":\"ss\",\"contactPhone\":\"18539279011\",\"delFlag\":\"0\",\"employeeCount\":0,\"enterpriseAddress\":\"жөӢиҜ•ең°еқҖ\",\"enterpriseId\":1,\"enterpriseName\":\"йҳҝж–Ҝи’ӮиҠ¬\",\"params\":{},\"rentedCount\":0,\"socialCreditCode\":\"91410100MA45TE2X81\",\"status\":\"0\"}', '{\"msg\":\"ж“ҚдҪңжҲҗеҠҹ\",\"code\":200}', '0', null, '2025-11-18 21:00:22', '20');
INSERT INTO `sys_oper_log` VALUES ('109', 'жҘјж Ӣз®ЎзҗҶ', '1', 'com.ruoyi.web.controller.system.HzBuildingController.add()', 'POST', '1', 'admin', 'з ”еҸ‘йғЁй—Ё', '/system/building', '127.0.0.1', 'еҶ…зҪ‘IP', '{\"buildingCode\":\"3-1\",\"buildingId\":5,\"buildingName\":\"3еҸ·жҘј\",\"delFlag\":\"0\",\"params\":{},\"projectId\":1,\"sortOrder\":0,\"status\":\"0\",\"totalFloors\":1,\"totalHouses\":0,\"totalUnits\":1}', '{\"msg\":\"ж“ҚдҪңжҲҗеҠҹ\",\"code\":200}', '0', null, '2025-11-18 21:31:03', '18');
INSERT INTO `sys_oper_log` VALUES ('110', 'еҚ•е…ғз®ЎзҗҶ', '1', 'com.ruoyi.web.controller.system.HzUnitController.add()', 'POST', '1', 'admin', 'з ”еҸ‘йғЁй—Ё', '/system/unit', '127.0.0.1', 'еҶ…зҪ‘IP', '{\"buildingId\":5,\"delFlag\":\"0\",\"params\":{},\"sortOrder\":2,\"status\":\"0\",\"totalHouses\":0,\"unitCode\":\"10\",\"unitId\":11,\"unitName\":\"е•Ҡе•Ҡ\"}', '{\"msg\":\"ж“ҚдҪңжҲҗеҠҹ\",\"code\":200}', '0', null, '2025-11-18 21:42:26', '15');
INSERT INTO `sys_oper_log` VALUES ('111', 'жҲҝжәҗз®ЎзҗҶ', '1', 'com.ruoyi.web.controller.system.HzHouseController.add()', 'POST', '1', 'admin', 'з ”еҸ‘йғЁй—Ё', '/system/house', '127.0.0.1', 'еҶ…зҪ‘IP', '{\"area\":60,\"buildingId\":3,\"deposit\":3000,\"floor\":1,\"houseCode\":\"123\",\"houseId\":1,\"houseNo\":\"456\",\"houseStatus\":\"0\",\"houseTypeName\":\"дёҖе®ӨдёҖеҺ…\",\"isFeatured\":\"0\",\"orientation\":\"еҚ—\",\"params\":{},\"projectId\":2,\"rentPrice\":2000,\"status\":\"0\",\"unitId\":5}', '{\"msg\":\"ж“ҚдҪңжҲҗеҠҹ\",\"code\":200}', '0', null, '2025-11-18 22:07:33', '26');
INSERT INTO `sys_oper_log` VALUES ('112', 'жҲ·еһӢ', '1', 'com.ruoyi.system.controller.HzHouseTypeController.add()', 'POST', '1', 'admin', 'з ”еҸ‘йғЁй—Ё', '/gangzhu/houseType', '127.0.0.1', 'еҶ…зҪ‘IP', '{\"balconyCount\":0,\"bathroomCount\":0,\"bedroomCount\":0,\"delFlag\":\"0\",\"houseTypeCode\":\"12\",\"houseTypeId\":1,\"houseTypeName\":\"йҳҝж–Ҝи’ӮиҠ¬\",\"kitchenCount\":0,\"livingroomCount\":0,\"params\":{},\"sortOrder\":0,\"status\":\"0\",\"typicalArea\":0}', '{\"msg\":\"ж“ҚдҪңжҲҗеҠҹ\",\"code\":200}', '0', null, '2025-11-18 23:04:57', '23');
INSERT INTO `sys_oper_log` VALUES ('113', 'еҸӮж•°з®ЎзҗҶ', '2', 'com.ruoyi.web.controller.system.SysConfigController.edit()', 'PUT', '1', 'admin', 'з ”еҸ‘йғЁй—Ё', '/system/config', '127.0.0.1', 'еҶ…зҪ‘IP', '{\"configId\":4,\"configKey\":\"sys.account.captchaEnabled\",\"configName\":\"иҙҰеҸ·иҮӘеҠ©-йӘҢиҜҒз ҒејҖе…і\",\"configType\":\"Y\",\"configValue\":\"false\",\"createBy\":\"admin\",\"createTime\":\"2025-11-17 18:04:02\",\"params\":{},\"remark\":\"жҳҜеҗҰејҖеҗҜйӘҢиҜҒз ҒеҠҹиғҪпјҲtrueејҖеҗҜпјҢfalseе…ій—ӯпјү\",\"updateBy\":\"admin\"}', '{\"msg\":\"ж“ҚдҪңжҲҗеҠҹ\",\"code\":200}', '0', null, '2025-11-19 01:09:16', '27');
INSERT INTO `sys_oper_log` VALUES ('114', 'еҸӮж•°з®ЎзҗҶ', '2', 'com.ruoyi.web.controller.system.SysConfigController.edit()', 'PUT', '1', 'admin', 'з ”еҸ‘йғЁй—Ё', '/system/config', '127.0.0.1', 'еҶ…зҪ‘IP', '{\"configId\":4,\"configKey\":\"sys.account.captchaEnabled\",\"configName\":\"иҙҰеҸ·иҮӘеҠ©-йӘҢиҜҒз ҒејҖе…і\",\"configType\":\"N\",\"configValue\":\"false\",\"createBy\":\"admin\",\"createTime\":\"2025-11-17 18:04:02\",\"params\":{},\"remark\":\"жҳҜеҗҰејҖеҗҜйӘҢиҜҒз ҒеҠҹиғҪпјҲtrueејҖеҗҜпјҢfalseе…ій—ӯпјү\",\"updateBy\":\"admin\",\"updateTime\":\"2025-11-19 01:09:16\"}', '{\"msg\":\"ж“ҚдҪңжҲҗеҠҹ\",\"code\":200}', '0', null, '2025-11-19 01:09:32', '22');
INSERT INTO `sys_oper_log` VALUES ('115', 'жҲ·еһӢ', '1', 'com.ruoyi.system.controller.HzHouseTypeController.add()', 'POST', '1', 'admin', 'з ”еҸ‘йғЁй—Ё', '/gangzhu/houseType', '127.0.0.1', 'еҶ…зҪ‘IP', '{\"balconyCount\":0,\"bathroomCount\":0,\"bedroomCount\":0,\"delFlag\":\"0\",\"houseTypeCode\":\"23\",\"houseTypeId\":2,\"houseTypeName\":\"123123\",\"kitchenCount\":0,\"livingroomCount\":0,\"params\":{},\"sortOrder\":0,\"status\":\"0\",\"typicalArea\":0}', '{\"msg\":\"ж“ҚдҪңжҲҗеҠҹ\",\"code\":200}', '0', null, '2025-11-19 01:10:57', '27');
INSERT INTO `sys_oper_log` VALUES ('116', 'жҲ·еһӢ', '1', 'com.ruoyi.system.controller.HzHouseTypeController.add()', 'POST', '1', 'admin', 'з ”еҸ‘йғЁй—Ё', '/gangzhu/houseType', '127.0.0.1', 'еҶ…зҪ‘IP', '{\"balconyCount\":0,\"bathroomCount\":0,\"bedroomCount\":0,\"delFlag\":\"0\",\"houseTypeCode\":\"23\",\"houseTypeName\":\"123123\",\"kitchenCount\":0,\"livingroomCount\":0,\"params\":{},\"sortOrder\":0,\"status\":\"0\",\"typicalArea\":0}', null, '1', '\r\n### Error updating database.  Cause: java.sql.SQLIntegrityConstraintViolationException: Duplicate entry \'23\' for key \'uk_house_type_code\'\r\n### The error may exist in com/ruoyi/system/mapper/HzHouseTypeMapper.java (best guess)\r\n### The error may involve com.ruoyi.system.mapper.HzHouseTypeMapper.insert-Inline\r\n### The error occurred while setting parameters\r\n### SQL: INSERT INTO hz_house_type  ( house_type_name, house_type_code, bedroom_count, livingroom_count, bathroom_count, kitchen_count, balcony_count, typical_area,  status, sort_order, del_flag )  VALUES (  ?, ?, ?, ?, ?, ?, ?, ?,  ?, ?, ?  )\r\n### Cause: java.sql.SQLIntegrityConstraintViolationException: Duplicate entry \'23\' for key \'uk_house_type_code\'\n; Duplicate entry \'23\' for key \'uk_house_type_code\'', '2025-11-19 01:11:01', '96');
INSERT INTO `sys_oper_log` VALUES ('117', 'жҲ·еһӢ', '1', 'com.ruoyi.system.controller.HzHouseTypeController.add()', 'POST', '1', 'admin', 'з ”еҸ‘йғЁй—Ё', '/gangzhu/houseType', '127.0.0.1', 'еҶ…зҪ‘IP', '{\"balconyCount\":0,\"bathroomCount\":0,\"bedroomCount\":0,\"delFlag\":\"0\",\"houseTypeCode\":\"87897878\",\"houseTypeId\":4,\"houseTypeName\":\"еҺ»зҺ©е„ҝеҺ»зҺ©е„ҝ\",\"kitchenCount\":0,\"livingroomCount\":0,\"params\":{},\"sortOrder\":0,\"status\":\"0\",\"typicalArea\":0}', '{\"msg\":\"ж“ҚдҪңжҲҗеҠҹ\",\"code\":200}', '0', null, '2025-11-19 01:27:20', '21');
INSERT INTO `sys_oper_log` VALUES ('118', 'жҲ·еһӢ', '1', 'com.ruoyi.system.controller.HzHouseTypeController.add()', 'POST', '1', 'admin', 'з ”еҸ‘йғЁй—Ё', '/gangzhu/houseType', '127.0.0.1', 'еҶ…зҪ‘IP', '{\"balconyCount\":0,\"bathroomCount\":0,\"bedroomCount\":0,\"delFlag\":\"0\",\"houseTypeCode\":\"87897878\",\"houseTypeName\":\"еҺ»зҺ©е„ҝеҺ»зҺ©е„ҝ\",\"kitchenCount\":0,\"livingroomCount\":0,\"params\":{},\"sortOrder\":0,\"status\":\"0\",\"typicalArea\":0}', null, '1', '\r\n### Error updating database.  Cause: java.sql.SQLIntegrityConstraintViolationException: Duplicate entry \'87897878\' for key \'uk_house_type_code\'\r\n### The error may exist in com/ruoyi/system/mapper/HzHouseTypeMapper.java (best guess)\r\n### The error may involve com.ruoyi.system.mapper.HzHouseTypeMapper.insert-Inline\r\n### The error occurred while setting parameters\r\n### SQL: INSERT INTO hz_house_type  ( house_type_name, house_type_code, bedroom_count, livingroom_count, bathroom_count, kitchen_count, balcony_count, typical_area,  status, sort_order, del_flag )  VALUES (  ?, ?, ?, ?, ?, ?, ?, ?,  ?, ?, ?  )\r\n### Cause: java.sql.SQLIntegrityConstraintViolationException: Duplicate entry \'87897878\' for key \'uk_house_type_code\'\n; Duplicate entry \'87897878\' for key \'uk_house_type_code\'', '2025-11-19 01:27:25', '14');
INSERT INTO `sys_oper_log` VALUES ('119', 'жҲ·еһӢ', '1', 'com.ruoyi.system.controller.HzHouseTypeController.add()', 'POST', '1', 'admin', 'з ”еҸ‘йғЁй—Ё', '/gangzhu/houseType', '127.0.0.1', 'еҶ…зҪ‘IP', '{\"balconyCount\":0,\"bathroomCount\":0,\"bedroomCount\":0,\"delFlag\":\"0\",\"houseTypeCode\":\"787889\",\"houseTypeId\":6,\"houseTypeName\":\"йҳҝж–Ҝи’ӮиҠ¬022\",\"kitchenCount\":0,\"livingroomCount\":0,\"params\":{},\"sortOrder\":0,\"status\":\"0\",\"typicalArea\":0}', '{\"msg\":\"ж“ҚдҪңжҲҗеҠҹ\",\"code\":200}', '0', null, '2025-11-19 01:30:52', '24');
INSERT INTO `sys_oper_log` VALUES ('120', 'жҲ·еһӢ', '1', 'com.ruoyi.system.controller.HzHouseTypeController.add()', 'POST', '1', 'admin', 'з ”еҸ‘йғЁй—Ё', '/gangzhu/houseType', '127.0.0.1', 'еҶ…зҪ‘IP', '{\"balconyCount\":0,\"bathroomCount\":0,\"bedroomCount\":0,\"delFlag\":\"0\",\"houseTypeCode\":\"8712\",\"houseTypeId\":7,\"houseTypeName\":\"йҳҝж–Ҝи’ӮиҠ¬\",\"kitchenCount\":0,\"livingroomCount\":0,\"params\":{},\"sortOrder\":0,\"status\":\"0\",\"typicalArea\":0}', '{\"msg\":\"ж“ҚдҪңжҲҗеҠҹ\",\"code\":200}', '0', null, '2025-11-19 01:34:14', '11');
INSERT INTO `sys_oper_log` VALUES ('121', 'жҲ·еһӢ', '1', 'com.ruoyi.system.controller.HzHouseTypeController.add()', 'POST', '1', 'admin', 'з ”еҸ‘йғЁй—Ё', '/gangzhu/houseType', '127.0.0.1', 'еҶ…зҪ‘IP', '{\"balconyCount\":0,\"bathroomCount\":0,\"bedroomCount\":0,\"delFlag\":\"0\",\"houseTypeCode\":\"45s\",\"houseTypeId\":8,\"houseTypeName\":\"жҳҜжҳҜжҳҜ\",\"kitchenCount\":0,\"livingroomCount\":0,\"params\":{},\"projectId\":1,\"sortOrder\":0,\"status\":\"0\",\"typicalArea\":0}', '{\"msg\":\"ж–°еўһжҲҗеҠҹ\",\"code\":200,\"data\":8}', '0', null, '2025-11-19 01:58:34', '96');
INSERT INTO `sys_oper_log` VALUES ('122', 'жҲ·еһӢ', '1', 'com.ruoyi.system.controller.HzHouseTypeController.add()', 'POST', '1', 'admin', 'з ”еҸ‘йғЁй—Ё', '/gangzhu/houseType', '127.0.0.1', 'еҶ…зҪ‘IP', '{\"balconyCount\":0,\"bathroomCount\":0,\"bedroomCount\":0,\"delFlag\":\"0\",\"houseTypeCode\":\"4546556\",\"houseTypeId\":9,\"houseTypeName\":\"йҳҝж–Ҝи’ӮиҠ¬йҳҝж–Ҝи’ӮиҠ¬\",\"kitchenCount\":0,\"livingroomCount\":0,\"params\":{},\"projectId\":1,\"sortOrder\":0,\"status\":\"0\",\"typicalArea\":0}', '{\"msg\":\"ж–°еўһжҲҗеҠҹ\",\"code\":200,\"data\":9}', '0', null, '2025-11-19 02:01:58', '21');
INSERT INTO `sys_oper_log` VALUES ('123', 'жҲ·еһӢ', '1', 'com.ruoyi.system.controller.HzHouseTypeController.add()', 'POST', '1', 'admin', 'з ”еҸ‘йғЁй—Ё', '/gangzhu/houseType', '127.0.0.1', 'еҶ…зҪ‘IP', '{\"balconyCount\":0,\"bathroomCount\":0,\"bedroomCount\":0,\"delFlag\":\"0\",\"houseTypeCode\":\"79878\",\"houseTypeId\":10,\"houseTypeName\":\"йҳҝж–Ҝи’ӮиҠ¬456465\",\"kitchenCount\":0,\"livingroomCount\":0,\"params\":{},\"projectId\":1,\"sortOrder\":0,\"status\":\"0\",\"typicalArea\":0}', '{\"msg\":\"ж–°еўһжҲҗеҠҹ\",\"code\":200,\"data\":10}', '0', null, '2025-11-19 02:03:27', '18');
INSERT INTO `sys_oper_log` VALUES ('124', 'жҲ·еһӢ', '1', 'com.ruoyi.system.controller.HzHouseTypeController.add()', 'POST', '1', 'admin', 'з ”еҸ‘йғЁй—Ё', '/gangzhu/houseType', '127.0.0.1', 'еҶ…зҪ‘IP', '{\"balconyCount\":0,\"bathroomCount\":0,\"bedroomCount\":0,\"delFlag\":\"0\",\"houseTypeCode\":\"4546е•Ҡ\",\"houseTypeId\":11,\"houseTypeName\":\"йҳҝж–Ҝи’Ӯ123123123\",\"kitchenCount\":0,\"livingroomCount\":0,\"params\":{},\"projectId\":1,\"sortOrder\":0,\"status\":\"0\",\"typicalArea\":0}', '{\"msg\":\"ж–°еўһжҲҗеҠҹ\",\"code\":200,\"data\":11}', '0', null, '2025-11-19 02:13:25', '15');
INSERT INTO `sys_oper_log` VALUES ('125', 'жҲ·еһӢ', '1', 'com.ruoyi.system.controller.HzHouseTypeController.add()', 'POST', '1', 'admin', 'з ”еҸ‘йғЁй—Ё', '/gangzhu/houseType', '127.0.0.1', 'еҶ…зҪ‘IP', '{\"balconyCount\":0,\"bathroomCount\":0,\"bedroomCount\":0,\"delFlag\":\"0\",\"houseTypeCode\":\"йҳҝж–Ҝи’ӮиҠ¬000000\",\"houseTypeId\":12,\"houseTypeName\":\"йҳҝж–Ҝи’ӮиҠ¬\",\"kitchenCount\":0,\"livingroomCount\":0,\"params\":{},\"projectId\":1,\"sortOrder\":0,\"status\":\"0\",\"typicalArea\":0}', '{\"msg\":\"ж–°еўһжҲҗеҠҹ\",\"code\":200,\"data\":12}', '0', null, '2025-11-19 02:27:52', '16');
INSERT INTO `sys_oper_log` VALUES ('126', 'жҲ·еһӢ', '1', 'com.ruoyi.system.controller.HzHouseTypeController.add()', 'POST', '1', 'admin', 'з ”еҸ‘йғЁй—Ё', '/gangzhu/houseType', '127.0.0.1', 'еҶ…зҪ‘IP', '{\"balconyCount\":0,\"bathroomCount\":0,\"bedroomCount\":0,\"delFlag\":\"0\",\"houseTypeCode\":\"1212\",\"houseTypeId\":13,\"houseTypeName\":\"жЈ®еІӣеёҶй«ҳ121\",\"kitchenCount\":0,\"livingroomCount\":0,\"params\":{},\"projectId\":1,\"remark\":\"йҳҝж–Ҝи’Ӯ\",\"sortOrder\":0,\"status\":\"0\",\"typicalArea\":0}', '{\"msg\":\"ж–°еўһжҲҗеҠҹ\",\"code\":200,\"data\":13}', '0', null, '2025-11-19 02:35:53', '14');
INSERT INTO `sys_oper_log` VALUES ('127', 'жҲ·еһӢ', '2', 'com.ruoyi.system.controller.HzHouseTypeController.edit()', 'PUT', '1', 'admin', 'з ”еҸ‘йғЁй—Ё', '/gangzhu/houseType', '127.0.0.1', 'еҶ…зҪ‘IP', '{\"balconyCount\":0,\"bathroomCount\":0,\"bedroomCount\":0,\"createBy\":\"\",\"delFlag\":\"0\",\"houseTypeCode\":\"1212\",\"houseTypeId\":13,\"houseTypeName\":\"жЈ®еІӣеёҶй«ҳ121\",\"kitchenCount\":0,\"livingroomCount\":0,\"params\":{},\"projectId\":1,\"remark\":\"йҳҝж–Ҝи’Ӯ\",\"sortOrder\":0,\"status\":\"0\",\"typicalArea\":0,\"updateBy\":\"\"}', '{\"msg\":\"ж“ҚдҪңжҲҗеҠҹ\",\"code\":200}', '0', null, '2025-11-19 02:40:31', '8');
INSERT INTO `sys_oper_log` VALUES ('128', 'жҲ·еһӢеӣҫзүҮ', '2', 'com.ruoyi.system.controller.HzHouseTypeController.saveImages()', 'POST', '1', 'admin', 'з ”еҸ‘йғЁй—Ё', '/gangzhu/houseType/13/images', '127.0.0.1', 'еҶ…зҪ‘IP', '13 [{\"delFlag\":\"0\",\"houseTypeId\":13,\"imageId\":1,\"imageType\":\"1\",\"imageUrl\":\"/profile/upload/2025/11/19/logo_20251119024029A016.png\",\"isCover\":\"1\",\"params\":{},\"sortOrder\":1}]', '{\"msg\":\"ж“ҚдҪңжҲҗеҠҹ\",\"code\":200}', '0', null, '2025-11-19 02:40:31', '30');
INSERT INTO `sys_oper_log` VALUES ('129', 'жҲ·еһӢ', '2', 'com.ruoyi.system.controller.HzHouseTypeController.edit()', 'PUT', '1', 'admin', 'з ”еҸ‘йғЁй—Ё', '/gangzhu/houseType', '127.0.0.1', 'еҶ…зҪ‘IP', '{\"balconyCount\":0,\"bathroomCount\":0,\"bedroomCount\":0,\"createBy\":\"\",\"delFlag\":\"0\",\"houseTypeCode\":\"1212\",\"houseTypeId\":13,\"houseTypeName\":\"жЈ®еІӣеёҶй«ҳ121\",\"kitchenCount\":0,\"livingroomCount\":0,\"params\":{},\"projectId\":1,\"remark\":\"йҳҝж–Ҝи’Ӯ\",\"sortOrder\":0,\"status\":\"0\",\"typicalArea\":0,\"updateBy\":\"\"}', '{\"msg\":\"ж“ҚдҪңжҲҗеҠҹ\",\"code\":200}', '0', null, '2025-11-19 02:47:38', '4');
INSERT INTO `sys_oper_log` VALUES ('130', 'жҲ·еһӢеӣҫзүҮ', '2', 'com.ruoyi.system.controller.HzHouseTypeController.saveImages()', 'POST', '1', 'admin', 'з ”еҸ‘йғЁй—Ё', '/gangzhu/houseType/13/images', '127.0.0.1', 'еҶ…зҪ‘IP', '13 [{\"delFlag\":\"0\",\"houseTypeId\":13,\"imageId\":2,\"imageType\":\"1\",\"imageUrl\":\"/profile/upload/2025/11/19/logo_20251119024029A016.png\",\"isCover\":\"1\",\"params\":{},\"sortOrder\":1},{\"delFlag\":\"0\",\"houseTypeId\":13,\"imageId\":3,\"imageType\":\"1\",\"imageUrl\":\"/profile/upload/2025/11/19/profile_20251119024737A017.jpg\",\"isCover\":\"0\",\"params\":{},\"sortOrder\":2}]', '{\"msg\":\"ж“ҚдҪңжҲҗеҠҹ\",\"code\":200}', '0', null, '2025-11-19 02:47:38', '18');
INSERT INTO `sys_oper_log` VALUES ('131', 'еҸӮж•°з®ЎзҗҶ', '2', 'com.ruoyi.web.controller.system.SysConfigController.edit()', 'PUT', '1', 'admin', 'з ”еҸ‘йғЁй—Ё', '/system/config', '127.0.0.1', 'еҶ…зҪ‘IP', '{\"configId\":3,\"configKey\":\"sys.index.sideTheme\",\"configName\":\"дё»жЎҶжһ¶йЎө-дҫ§иҫ№ж Ҹдё»йўҳ\",\"configType\":\"Y\",\"configValue\":\"theme-light\",\"createBy\":\"admin\",\"createTime\":\"2025-11-17 18:04:02\",\"params\":{},\"remark\":\"ж·ұиүІдё»йўҳtheme-darkпјҢжө…иүІдё»йўҳtheme-light\",\"updateBy\":\"admin\"}', '{\"msg\":\"ж“ҚдҪңжҲҗеҠҹ\",\"code\":200}', '0', null, '2025-12-06 17:56:05', '28');
INSERT INTO `sys_oper_log` VALUES ('132', 'еҸӮж•°з®ЎзҗҶ', '2', 'com.ruoyi.web.controller.system.SysConfigController.edit()', 'PUT', '1', 'admin', 'з ”еҸ‘йғЁй—Ё', '/system/config', '127.0.0.1', 'еҶ…зҪ‘IP', '{\"configId\":3,\"configKey\":\"sys.index.sideTheme\",\"configName\":\"дё»жЎҶжһ¶йЎө-дҫ§иҫ№ж Ҹдё»йўҳ\",\"configType\":\"N\",\"configValue\":\"theme-light\",\"createBy\":\"admin\",\"createTime\":\"2025-11-17 18:04:02\",\"params\":{},\"remark\":\"ж·ұиүІдё»йўҳtheme-darkпјҢжө…иүІдё»йўҳtheme-light\",\"updateBy\":\"admin\",\"updateTime\":\"2025-12-06 17:56:05\"}', '{\"msg\":\"ж“ҚдҪңжҲҗеҠҹ\",\"code\":200}', '0', null, '2025-12-06 17:56:17', '39');
INSERT INTO `sys_oper_log` VALUES ('133', 'иҸңеҚ•з®ЎзҗҶ', '3', 'com.ruoyi.web.controller.system.SysMenuController.remove()', 'DELETE', '1', 'admin', 'з ”еҸ‘йғЁй—Ё', '/system/menu/4', '127.0.0.1', 'еҶ…зҪ‘IP', '4', '{\"msg\":\"иҸңеҚ•е·ІеҲҶй…Қ,дёҚе…Ғи®ёеҲ йҷӨ\",\"code\":601}', '0', null, '2025-12-07 06:53:20', '15');
INSERT INTO `sys_oper_log` VALUES ('134', 'жҲ·еһӢ', '3', 'com.ruoyi.system.controller.HzHouseTypeController.remove()', 'DELETE', '1', 'admin', 'з ”еҸ‘йғЁй—Ё', '/gangzhu/houseType/8', '127.0.0.1', 'еҶ…зҪ‘IP', '[8]', null, '1', '\r\n### Error updating database.  Cause: java.sql.SQLSyntaxErrorException: You have an error in your SQL syntax; check the manual that corresponds to your MySQL server version for the right syntax to use near \'WHERE house_type_id=8 AND del_flag=\'0\'\' at line 1\r\n### The error may exist in com/ruoyi/system/mapper/HzHouseTypeMapper.java (best guess)\r\n### The error may involve com.ruoyi.system.mapper.HzHouseTypeMapper.updateById-Inline\r\n### The error occurred while setting parameters\r\n### SQL: UPDATE hz_house_type    WHERE house_type_id=? AND del_flag=\'0\'\r\n### Cause: java.sql.SQLSyntaxErrorException: You have an error in your SQL syntax; check the manual that corresponds to your MySQL server version for the right syntax to use near \'WHERE house_type_id=8 AND del_flag=\'0\'\' at line 1\n; bad SQL grammar []', '2026-01-11 01:07:32', '153');
INSERT INTO `sys_oper_log` VALUES ('135', 'жҲ·еһӢ', '3', 'com.ruoyi.system.controller.HzHouseTypeController.remove()', 'DELETE', '1', 'admin', 'з ”еҸ‘йғЁй—Ё', '/gangzhu/houseType/8', '127.0.0.1', 'еҶ…зҪ‘IP', '[8]', null, '1', '\r\n### Error updating database.  Cause: java.sql.SQLSyntaxErrorException: You have an error in your SQL syntax; check the manual that corresponds to your MySQL server version for the right syntax to use near \'WHERE house_type_id=8 AND del_flag=\'0\'\' at line 1\r\n### The error may exist in com/ruoyi/system/mapper/HzHouseTypeMapper.java (best guess)\r\n### The error may involve com.ruoyi.system.mapper.HzHouseTypeMapper.updateById-Inline\r\n### The error occurred while setting parameters\r\n### SQL: UPDATE hz_house_type    WHERE house_type_id=? AND del_flag=\'0\'\r\n### Cause: java.sql.SQLSyntaxErrorException: You have an error in your SQL syntax; check the manual that corresponds to your MySQL server version for the right syntax to use near \'WHERE house_type_id=8 AND del_flag=\'0\'\' at line 1\n; bad SQL grammar []', '2026-01-11 01:07:34', '12');
INSERT INTO `sys_oper_log` VALUES ('136', 'жҲ·еһӢ', '1', 'com.ruoyi.system.controller.HzHouseTypeController.add()', 'POST', '1', 'admin', 'з ”еҸ‘йғЁй—Ё', '/gangzhu/houseType', '127.0.0.1', 'еҶ…зҪ‘IP', '{\"balconyCount\":1,\"bathroomCount\":1,\"bedroomCount\":3,\"delFlag\":\"0\",\"houseTypeCode\":\"dasanfang01\",\"houseTypeId\":14,\"houseTypeName\":\"еӨ§дёүжҲҝ\",\"kitchenCount\":1,\"livingroomCount\":1,\"params\":{},\"projectId\":2,\"sortOrder\":0,\"status\":\"0\",\"typicalArea\":150}', '{\"msg\":\"ж–°еўһжҲҗеҠҹ\",\"code\":200,\"data\":14}', '0', null, '2026-01-11 01:40:13', '124');
INSERT INTO `sys_oper_log` VALUES ('137', 'жҲҝжәҗз®ЎзҗҶ', '1', 'com.ruoyi.web.controller.system.HzHouseController.add()', 'POST', '1', 'admin', 'з ”еҸ‘йғЁй—Ё', '/system/house', '127.0.0.1', 'еҶ…зҪ‘IP', '{\"area\":0,\"buildingId\":5,\"deposit\":500,\"floor\":1,\"houseCode\":\"kl\",\"houseId\":2,\"houseNo\":\"502\",\"houseStatus\":\"0\",\"houseTypeId\":10,\"houseTypeName\":\"йҳҝж–Ҝи’ӮиҠ¬456465\",\"isFeatured\":\"0\",\"orientation\":\"дёң\",\"params\":{},\"projectId\":1,\"rentPrice\":500,\"status\":\"0\",\"unitId\":11}', '{\"msg\":\"ж“ҚдҪңжҲҗеҠҹ\",\"code\":200}', '0', null, '2026-01-11 01:49:58', '11');
INSERT INTO `sys_oper_log` VALUES ('138', 'жҲҝжәҗз®ЎзҗҶ', '2', 'com.ruoyi.web.controller.system.HzHouseController.edit()', 'PUT', '1', 'admin', 'з ”еҸ‘йғЁй—Ё', '/system/house', '127.0.0.1', 'еҶ…зҪ‘IP', '{\"area\":60,\"buildingId\":3,\"createBy\":\"\",\"decoration\":\"жҜӣеқҜ\",\"deposit\":3000,\"floor\":1,\"houseCode\":\"123\",\"houseId\":1,\"houseNo\":\"456\",\"houseStatus\":\"0\",\"houseTypeId\":14,\"houseTypeName\":\"еӨ§дёүжҲҝ\",\"isFeatured\":\"0\",\"orientation\":\"еҚ—\",\"params\":{},\"projectId\":2,\"rentPrice\":2000,\"status\":\"0\",\"unitId\":5,\"updateBy\":\"\",\"viewCount\":0}', '{\"msg\":\"ж“ҚдҪңжҲҗеҠҹ\",\"code\":200}', '0', null, '2026-01-11 01:51:49', '5');
INSERT INTO `sys_oper_log` VALUES ('139', 'жҲҝжәҗз®ЎзҗҶ', '1', 'com.ruoyi.web.controller.system.HzHouseController.add()', 'POST', '1', 'admin', 'з ”еҸ‘йғЁй—Ё', '/system/house', '127.0.0.1', 'еҶ…зҪ‘IP', '{\"area\":60,\"buildingId\":1,\"decoration\":\"жҜӣеқҜ\",\"deposit\":6000,\"facilities\":\"йҳҝж–Ҝи’ӮиҠ¬\",\"floor\":1,\"houseCode\":\"llkkk\",\"houseId\":3,\"houseNo\":\"456\",\"houseStatus\":\"0\",\"houseTypeId\":10,\"houseTypeName\":\"йҳҝж–Ҝи’ӮиҠ¬456465\",\"isFeatured\":\"1\",\"orientation\":\"еҚ—\",\"params\":{},\"projectId\":1,\"remark\":\"йҳҝж–Ҝи’ӮиҠ¬\",\"rentPrice\":9000,\"status\":\"0\",\"unitId\":1}', '{\"msg\":\"ж“ҚдҪңжҲҗеҠҹ\",\"code\":200}', '0', null, '2026-01-11 02:58:25', '20');
INSERT INTO `sys_oper_log` VALUES ('140', 'жҲҝжәҗз®ЎзҗҶ', '2', 'com.ruoyi.web.controller.system.HzHouseController.edit()', 'PUT', '1', 'admin', 'з ”еҸ‘йғЁй—Ё', '/system/house', '127.0.0.1', 'еҶ…зҪ‘IP', '{\"area\":60,\"buildingId\":1,\"createBy\":\"\",\"decoration\":\"жҜӣеқҜ\",\"deposit\":6000,\"facilities\":\"йҳҝж–Ҝи’ӮиҠ¬\",\"floor\":1,\"houseCode\":\"llkkk\",\"houseId\":3,\"houseNo\":\"456\",\"houseStatus\":\"0\",\"houseTypeId\":10,\"houseTypeName\":\"йҳҝж–Ҝи’ӮиҠ¬456465\",\"isFeatured\":\"1\",\"orientation\":\"еҚ—\",\"params\":{},\"projectId\":1,\"remark\":\"йҳҝж–Ҝи’ӮиҠ¬\",\"rentPrice\":9000,\"status\":\"0\",\"unitId\":1,\"updateBy\":\"\",\"viewCount\":0}', '{\"msg\":\"ж“ҚдҪңжҲҗеҠҹ\",\"code\":200}', '0', null, '2026-01-11 03:12:04', '9');
INSERT INTO `sys_oper_log` VALUES ('141', 'жҲҝжәҗз®ЎзҗҶ', '2', 'com.ruoyi.web.controller.system.HzHouseController.saveHouseImages()', 'POST', '1', 'admin', 'з ”еҸ‘йғЁй—Ё', '/system/house/images', '127.0.0.1', 'еҶ…зҪ‘IP', '{\"houseId\":3,\"images\":[{\"houseId\":3,\"imageUrl\":\"/profile/upload/2026/01/11/зҹ©еҪў 21@2x_20260111031203A005.png\",\"imageType\":\"1\",\"isCover\":\"1\",\"sortOrder\":0}]}', '{\"msg\":\"ж“ҚдҪңжҲҗеҠҹ\",\"code\":200}', '0', null, '2026-01-11 03:12:05', '13');
INSERT INTO `sys_oper_log` VALUES ('142', 'жҲҝжәҗз®ЎзҗҶ', '2', 'com.ruoyi.web.controller.system.HzHouseController.edit()', 'PUT', '1', 'admin', 'з ”еҸ‘йғЁй—Ё', '/system/house', '127.0.0.1', 'еҶ…зҪ‘IP', '{\"area\":60,\"buildingId\":1,\"createBy\":\"\",\"decoration\":\"жҜӣеқҜ\",\"deposit\":6000,\"facilities\":\"йҳҝж–Ҝи’ӮиҠ¬\",\"floor\":1,\"houseCode\":\"llkkk\",\"houseId\":3,\"houseNo\":\"456\",\"houseStatus\":\"0\",\"houseTypeId\":10,\"houseTypeName\":\"йҳҝж–Ҝи’ӮиҠ¬456465\",\"isFeatured\":\"1\",\"orientation\":\"еҚ—\",\"params\":{},\"projectId\":1,\"remark\":\"йҳҝж–Ҝи’ӮиҠ¬\",\"rentPrice\":9000,\"status\":\"0\",\"unitId\":1,\"updateBy\":\"\",\"viewCount\":0}', '{\"msg\":\"ж“ҚдҪңжҲҗеҠҹ\",\"code\":200}', '0', null, '2026-01-11 03:12:15', '2');
INSERT INTO `sys_oper_log` VALUES ('143', 'жҲҝжәҗз®ЎзҗҶ', '2', 'com.ruoyi.web.controller.system.HzHouseController.saveHouseImages()', 'POST', '1', 'admin', 'з ”еҸ‘йғЁй—Ё', '/system/house/images', '127.0.0.1', 'еҶ…зҪ‘IP', '{\"houseId\":3,\"images\":[{\"houseId\":3,\"imageUrl\":\"/profile/upload/2026/01/11/зҹ©еҪў 21@2x_20260111031203A005.png\",\"imageType\":\"1\",\"isCover\":\"1\",\"sortOrder\":0},{\"houseId\":3,\"imageUrl\":\"/profile/upload/2026/01/11/еёӮеңәз§ҹиөҒ@2x_20260111031214A006.png\",\"imageType\":\"1\",\"isCover\":\"0\",\"sortOrder\":1}]}', '{\"msg\":\"ж“ҚдҪңжҲҗеҠҹ\",\"code\":200}', '0', null, '2026-01-11 03:12:15', '13');
INSERT INTO `sys_oper_log` VALUES ('144', 'жҲҝжәҗз®ЎзҗҶ', '2', 'com.ruoyi.web.controller.system.HzHouseController.edit()', 'PUT', '1', 'admin', 'з ”еҸ‘йғЁй—Ё', '/system/house', '127.0.0.1', 'еҶ…зҪ‘IP', '{\"area\":60,\"buildingId\":1,\"createBy\":\"\",\"decoration\":\"жҜӣеқҜ\",\"deposit\":6000,\"facilities\":\"йҳҝж–Ҝи’ӮиҠ¬\",\"floor\":1,\"houseCode\":\"llkkk\",\"houseId\":3,\"houseNo\":\"456\",\"houseStatus\":\"0\",\"houseTypeId\":10,\"houseTypeName\":\"йҳҝж–Ҝи’ӮиҠ¬456465\",\"isFeatured\":\"1\",\"orientation\":\"еҚ—\",\"params\":{},\"projectId\":1,\"remark\":\"йҳҝж–Ҝи’ӮиҠ¬\",\"rentPrice\":9000,\"status\":\"0\",\"unitId\":1,\"updateBy\":\"\",\"viewCount\":0}', '{\"msg\":\"ж“ҚдҪңжҲҗеҠҹ\",\"code\":200}', '0', null, '2026-01-11 03:34:36', '11');
INSERT INTO `sys_oper_log` VALUES ('145', 'жҲҝжәҗз®ЎзҗҶ', '2', 'com.ruoyi.web.controller.system.HzHouseController.saveHouseVrs()', 'POST', '1', 'admin', 'з ”еҸ‘йғЁй—Ё', '/system/house/vrs', '127.0.0.1', 'еҶ…зҪ‘IP', '{\"houseId\":3,\"vrs\":[{\"houseId\":3,\"vrName\":\"VR1\",\"vrUrl\":\"/profile/upload/2026/01/11/QP61014284_20260111033434A001.jpg\",\"sortOrder\":0}]}', '{\"msg\":\"ж“ҚдҪңжҲҗеҠҹ\",\"code\":200}', '0', null, '2026-01-11 03:34:36', '35');
INSERT INTO `sys_oper_log` VALUES ('146', 'жҲҝжәҗз®ЎзҗҶ', '2', 'com.ruoyi.web.controller.system.HzHouseController.saveHouseImages()', 'POST', '1', 'admin', 'з ”еҸ‘йғЁй—Ё', '/system/house/images', '127.0.0.1', 'еҶ…зҪ‘IP', '{\"houseId\":3,\"images\":[{\"houseId\":3,\"imageUrl\":\"/profile/upload/2026/01/11/зҹ©еҪў 21@2x_20260111031203A005.png\",\"imageType\":\"1\",\"isCover\":\"1\",\"sortOrder\":0},{\"houseId\":3,\"imageUrl\":\"/profile/upload/2026/01/11/еёӮеңәз§ҹиөҒ@2x_20260111031214A006.png\",\"imageType\":\"1\",\"isCover\":\"0\",\"sortOrder\":1}]}', '{\"msg\":\"ж“ҚдҪңжҲҗеҠҹ\",\"code\":200}', '0', null, '2026-01-11 03:34:36', '60');
INSERT INTO `sys_oper_log` VALUES ('147', 'йЎ№зӣ®з®ЎзҗҶ', '1', 'com.ruoyi.web.controller.system.HzProjectController.add()', 'POST', '1', 'admin', 'з ”еҸ‘йғЁй—Ё', '/system/project', '127.0.0.1', 'еҶ…зҪ‘IP', '{\"address\":\"жёҜеҢәеӨ§жІіи·Ҝ\",\"availableHouses\":0,\"latitude\":0,\"longitude\":0,\"managerName\":\"зҺӢйЈһйЈһ\",\"managerPhone\":\"18539279011\",\"params\":{},\"projectCode\":\"12\",\"projectId\":3,\"projectName\":\"жёҜеҢәжөӢиҜ•йЎ№зӣ®1\",\"projectType\":\"1\",\"sortOrder\":0,\"status\":\"0\",\"totalBuildings\":0,\"totalHouses\":0}', '{\"msg\":\"ж“ҚдҪңжҲҗеҠҹ\",\"code\":200}', '0', null, '2026-01-11 15:13:04', '30');
INSERT INTO `sys_oper_log` VALUES ('148', 'жҘјж Ӣз®ЎзҗҶ', '1', 'com.ruoyi.web.controller.system.HzBuildingController.add()', 'POST', '1', 'admin', 'з ”еҸ‘йғЁй—Ё', '/system/building', '127.0.0.1', 'еҶ…зҪ‘IP', '{\"buildingCode\":\"10\",\"buildingId\":6,\"buildingName\":\"жҘјж Ӣ1\",\"delFlag\":\"0\",\"params\":{},\"projectId\":3,\"sortOrder\":0,\"status\":\"0\",\"totalFloors\":4,\"totalHouses\":0,\"totalUnits\":5}', '{\"msg\":\"ж“ҚдҪңжҲҗеҠҹ\",\"code\":200}', '0', null, '2026-01-11 15:13:44', '16');
INSERT INTO `sys_oper_log` VALUES ('149', 'еҚ•е…ғз®ЎзҗҶ', '1', 'com.ruoyi.web.controller.system.HzUnitController.add()', 'POST', '1', 'admin', 'з ”еҸ‘йғЁй—Ё', '/system/unit', '127.0.0.1', 'еҶ…зҪ‘IP', '{\"buildingId\":6,\"delFlag\":\"0\",\"params\":{},\"projectId\":3,\"sortOrder\":0,\"status\":\"0\",\"totalHouses\":0,\"unitCode\":\"100\",\"unitId\":12,\"unitName\":\"еҚ•е…ғ1\"}', '{\"msg\":\"ж“ҚдҪңжҲҗеҠҹ\",\"code\":200}', '0', null, '2026-01-11 15:14:10', '43');
INSERT INTO `sys_oper_log` VALUES ('150', 'жҲ·еһӢ', '1', 'com.ruoyi.system.controller.HzHouseTypeController.add()', 'POST', '1', 'admin', 'з ”еҸ‘йғЁй—Ё', '/gangzhu/houseType', '127.0.0.1', 'еҶ…зҪ‘IP', '{\"balconyCount\":0,\"bathroomCount\":0,\"bedroomCount\":1,\"delFlag\":\"0\",\"houseTypeCode\":\"ceshi01\",\"houseTypeId\":15,\"houseTypeName\":\"жөӢиҜ•01\",\"kitchenCount\":0,\"livingroomCount\":1,\"params\":{},\"projectId\":3,\"sortOrder\":0,\"status\":\"0\",\"typicalArea\":0}', '{\"msg\":\"ж–°еўһжҲҗеҠҹ\",\"code\":200,\"data\":15}', '0', null, '2026-01-11 15:14:59', '20');
INSERT INTO `sys_oper_log` VALUES ('151', 'жҲҝжәҗз®ЎзҗҶ', '1', 'com.ruoyi.web.controller.system.HzHouseController.add()', 'POST', '1', 'admin', 'з ”еҸ‘йғЁй—Ё', '/system/house', '127.0.0.1', 'еҶ…зҪ‘IP', '{\"area\":600,\"buildingId\":6,\"decoration\":\"жҜӣеқҜ\",\"deposit\":200,\"facilities\":\"е°‘ж—¶иҜөиҜ—д№Ұ\",\"floor\":1,\"houseCode\":\"01\",\"houseId\":4,\"houseNo\":\"123\",\"houseStatus\":\"0\",\"houseTypeId\":15,\"houseTypeName\":\"жөӢиҜ•01\",\"isFeatured\":\"0\",\"orientation\":\"еҚ—\",\"params\":{},\"projectId\":3,\"rentPrice\":5000,\"status\":\"0\",\"unitId\":12}', '{\"msg\":\"ж“ҚдҪңжҲҗеҠҹ\",\"code\":200,\"data\":4}', '0', null, '2026-01-11 15:17:11', '19');
INSERT INTO `sys_oper_log` VALUES ('152', 'жҲҝжәҗз®ЎзҗҶ', '2', 'com.ruoyi.web.controller.system.HzHouseController.saveHouseImages()', 'POST', '1', 'admin', 'з ”еҸ‘йғЁй—Ё', '/system/house/images', '127.0.0.1', 'еҶ…зҪ‘IP', '{\"houseId\":4,\"images\":[{\"houseId\":4,\"imageUrl\":\"/profile/upload/2026/01/11/WPSеӣҫзүҮ(1)_20260111151641A001.jpeg\",\"imageType\":\"1\",\"isCover\":\"1\",\"sortOrder\":0}]}', '{\"msg\":\"ж“ҚдҪңжҲҗеҠҹ\",\"code\":200}', '0', null, '2026-01-11 15:17:12', '11');
INSERT INTO `sys_oper_log` VALUES ('153', 'жҲҝжәҗз®ЎзҗҶ', '2', 'com.ruoyi.web.controller.system.HzHouseController.saveHouseVrs()', 'POST', '1', 'admin', 'з ”еҸ‘йғЁй—Ё', '/system/house/vrs', '127.0.0.1', 'еҶ…зҪ‘IP', '{\"houseId\":4,\"vrs\":[{\"houseId\":4,\"vrName\":\"VR1\",\"vrUrl\":\"/profile/upload/2026/01/11/QP61014284_20260111151706A002.jpg\",\"sortOrder\":0}]}', '{\"msg\":\"ж“ҚдҪңжҲҗеҠҹ\",\"code\":200}', '0', null, '2026-01-11 15:17:12', '11');
INSERT INTO `sys_oper_log` VALUES ('154', 'йЎ№зӣ®з®ЎзҗҶ', '2', 'com.ruoyi.web.controller.system.HzProjectController.edit()', 'PUT', '1', 'admin', 'з ”еҸ‘йғЁй—Ё', '/system/project', '127.0.0.1', 'еҶ…зҪ‘IP', '{\"address\":\"йҳҝж–Ҝи’ӮиҠ¬\",\"availableHouses\":0,\"coverImage\":\"/profile/upload/2026/01/12/еҗҲдҪҸдәә-зҒ°@2x_20260112003348A001.png\",\"createBy\":\"\",\"delFlag\":\"0\",\"facilities\":\"йҳҝж–Ҝи’ӮиҠ¬,е•ҶдёҡиЎ—,еҒңиҪҰеңә\",\"latitude\":21.1212,\"longitude\":123.121,\"managerName\":\"wenwang\",\"managerPhone\":\"18539279011\",\"params\":{},\"projectCode\":\"012\",\"projectId\":1,\"projectIntro\":\"йҳҝж–Ҝи’ӮиҠ¬\",\"projectName\":\"йҳҝж–Ҝи’ӮиҠ¬\",\"projectType\":\"1\",\"sortOrder\":0,\"status\":\"0\",\"totalBuildings\":0,\"totalHouses\":0,\"transportation\":\"йҳҝж–Ҝи’ӮиҠ¬\",\"updateBy\":\"\"}', '{\"msg\":\"ж“ҚдҪңжҲҗеҠҹ\",\"code\":200}', '0', null, '2026-01-12 00:33:54', '13');
INSERT INTO `sys_oper_log` VALUES ('155', 'йЎ№зӣ®з®ЎзҗҶ', '2', 'com.ruoyi.web.controller.system.HzProjectController.edit()', 'PUT', '1', 'admin', 'з ”еҸ‘йғЁй—Ё', '/system/project', '127.0.0.1', 'еҶ…зҪ‘IP', '{\"address\":\"йҳҝж–Ҝи’ӮиҠ¬\",\"availableHouses\":0,\"coverImage\":\"/profile/upload/2026/01/12/еҗҲдҪҸдәә-зҒ°@2x_20260112003348A001.png\",\"createBy\":\"\",\"delFlag\":\"0\",\"facilities\":\"йҳҝж–Ҝи’ӮиҠ¬,е•ҶдёҡиЎ—,еҒңиҪҰеңә\",\"latitude\":21.1212,\"longitude\":123.121,\"managerName\":\"wenwang\",\"managerPhone\":\"18539279011\",\"params\":{},\"projectCode\":\"012\",\"projectId\":1,\"projectIntro\":\"\",\"projectName\":\"йҳҝж–Ҝи’ӮиҠ¬\",\"projectType\":\"1\",\"sortOrder\":0,\"status\":\"0\",\"totalBuildings\":0,\"totalHouses\":0,\"transportation\":\"йҳҝж–Ҝи’ӮиҠ¬\",\"updateBy\":\"\"}', '{\"msg\":\"ж“ҚдҪңжҲҗеҠҹ\",\"code\":200}', '0', null, '2026-01-12 00:42:11', '21');
INSERT INTO `sys_oper_log` VALUES ('156', 'йЎ№зӣ®з®ЎзҗҶ', '2', 'com.ruoyi.web.controller.system.HzProjectController.edit()', 'PUT', '1', 'admin', 'з ”еҸ‘йғЁй—Ё', '/system/project', '127.0.0.1', 'еҶ…зҪ‘IP', '{\"address\":\"жёҜеҢәеӨ§жІіи·Ҝ\",\"availableHouses\":0,\"createBy\":\"\",\"delFlag\":\"0\",\"facilities\":\"е•ҶдёҡиЎ—\",\"latitude\":0,\"longitude\":0,\"managerName\":\"зҺӢйЈһйЈһ\",\"managerPhone\":\"18539279011\",\"params\":{},\"projectCode\":\"12\",\"projectId\":3,\"projectName\":\"жёҜеҢәжөӢиҜ•йЎ№зӣ®1\",\"projectType\":\"1\",\"sortOrder\":0,\"status\":\"0\",\"totalBuildings\":0,\"totalHouses\":0,\"updateBy\":\"\"}', '{\"msg\":\"ж“ҚдҪңжҲҗеҠҹ\",\"code\":200}', '0', null, '2026-01-12 00:42:30', '33');
INSERT INTO `sys_oper_log` VALUES ('157', 'йЎ№зӣ®з®ЎзҗҶ', '2', 'com.ruoyi.web.controller.system.HzProjectController.edit()', 'PUT', '1', 'admin', 'з ”еҸ‘йғЁй—Ё', '/system/project', '127.0.0.1', 'еҶ…зҪ‘IP', '{\"address\":\"йҳҝж–Ҝи’ӮиҠ¬\",\"availableHouses\":0,\"coverImage\":\"/profile/upload/2026/01/12/еҗҲдҪҸдәә-зҒ°@2x_20260112003348A001.png\",\"createBy\":\"\",\"delFlag\":\"0\",\"facilities\":\"йҳҝж–Ҝи’ӮиҠ¬,е•ҶдёҡиЎ—,еҒңиҪҰеңә\",\"latitude\":21.1212,\"longitude\":123.121,\"managerName\":\"wenwang\",\"managerPhone\":\"18539279011\",\"params\":{},\"price\":2000,\"projectCode\":\"012\",\"projectId\":1,\"projectIntro\":\"\",\"projectName\":\"йҳҝж–Ҝи’ӮиҠ¬\",\"projectType\":\"1\",\"sortOrder\":0,\"status\":\"0\",\"totalBuildings\":0,\"totalHouses\":0,\"transportation\":\"йҳҝж–Ҝи’ӮиҠ¬\",\"updateBy\":\"\"}', '{\"msg\":\"ж“ҚдҪңжҲҗеҠҹ\",\"code\":200}', '0', null, '2026-01-12 01:00:06', '20');
INSERT INTO `sys_oper_log` VALUES ('158', 'йЎ№зӣ®з®ЎзҗҶ', '2', 'com.ruoyi.web.controller.system.HzProjectController.edit()', 'PUT', '1', 'admin', 'з ”еҸ‘йғЁй—Ё', '/system/project', '127.0.0.1', 'еҶ…зҪ‘IP', '{\"address\":\"йҳҝж–Ҝи’ӮиҠ¬\",\"availableHouses\":0,\"coverImage\":\"/profile/upload/2026/01/12/еҗҲдҪҸдәә-зҒ°@2x_20260112003348A001.png\",\"createBy\":\"\",\"delFlag\":\"0\",\"facilities\":\"йҳҝж–Ҝи’ӮиҠ¬,е•ҶдёҡиЎ—,еҒңиҪҰеңә\",\"latitude\":21.1212,\"longitude\":123.121,\"managerName\":\"wenwang\",\"managerPhone\":\"18539279011\",\"params\":{},\"price\":2000,\"projectCode\":\"012\",\"projectId\":1,\"projectIntro\":\"\",\"projectName\":\"йҳҝж–Ҝи’ӮиҠ¬\",\"projectType\":\"1\",\"sortOrder\":0,\"status\":\"0\",\"totalBuildings\":0,\"totalHouses\":0,\"transportation\":\"00\",\"updateBy\":\"\"}', '{\"msg\":\"ж“ҚдҪңжҲҗеҠҹ\",\"code\":200}', '0', null, '2026-01-12 01:00:27', '15');
INSERT INTO `sys_oper_log` VALUES ('159', 'йЎ№зӣ®з®ЎзҗҶ', '1', 'com.ruoyi.web.controller.system.HzProjectController.add()', 'POST', '1', 'admin', 'з ”еҸ‘йғЁй—Ё', '/system/project', '127.0.0.1', 'еҶ…зҪ‘IP', '{\"address\":\"жёҜеҢәдёҮз§‘еҹҺ\",\"availableHouses\":120,\"coverImage\":\"/profile/upload/2026/01/12/зҹ©еҪў 21@2x_20260112010426A001.png\",\"facilities\":\"е•ҶдёҡиЎ—,еҒңиҪҰеңә,иҝҗеҠЁеңә,жёёжііжұ \",\"latitude\":0,\"longitude\":0,\"managerName\":\"йҷҲйЈһйЈһ\",\"managerPhone\":\"18539279011\",\"params\":{},\"price\":1500,\"projectCode\":\"wanke\",\"projectId\":4,\"projectIntro\":\"иҝҷжҳҜдёӘжөӢиҜ•йЎ№зӣ®\",\"projectName\":\"жёҜеҢәдёҮз§‘еҹҺ\",\"projectType\":\"1\",\"sortOrder\":10,\"status\":\"0\",\"totalBuildings\":100,\"totalHouses\":200}', '{\"msg\":\"ж“ҚдҪңжҲҗеҠҹ\",\"code\":200}', '0', null, '2026-01-12 01:04:36', '5');
INSERT INTO `sys_oper_log` VALUES ('160', 'йЎ№зӣ®з®ЎзҗҶ', '3', 'com.ruoyi.web.controller.system.HzProjectController.remove()', 'DELETE', '1', 'admin', 'з ”еҸ‘йғЁй—Ё', '/system/project/1', '127.0.0.1', 'еҶ…зҪ‘IP', '[1]', '{\"msg\":\"ж“ҚдҪңжҲҗеҠҹ\",\"code\":200}', '0', null, '2026-01-12 01:36:42', '48');
INSERT INTO `sys_oper_log` VALUES ('161', 'йЎ№зӣ®з®ЎзҗҶ', '1', 'com.ruoyi.web.controller.system.HzProjectController.add()', 'POST', '1', 'admin', 'з ”еҸ‘йғЁй—Ё', '/system/project', '127.0.0.1', 'еҶ…зҪ‘IP', '{\"address\":\"жёҜеҢәйҮ‘з§‘и·Ҝ395еҸ·\",\"availableHouses\":10,\"coverImage\":\"/profile/upload/2026/01/12/зҹ©еҪў 2@2x_20260112013757A002.png\",\"facilities\":\"еҒңиҪҰеңә,е•ҶдёҡиЎ—\",\"latitude\":0,\"longitude\":0,\"managerName\":\"жқҺиҸІж•°\",\"managerPhone\":\"18564659565\",\"params\":{},\"price\":2800,\"projectCode\":\"3695\",\"projectId\":5,\"projectName\":\"жёҜеҢәйҮ‘з§‘еҹҺ\",\"projectType\":\"1\",\"sortOrder\":0,\"status\":\"0\",\"totalBuildings\":185,\"totalHouses\":120}', '{\"msg\":\"ж“ҚдҪңжҲҗеҠҹ\",\"code\":200}', '0', null, '2026-01-12 01:38:07', '14');
INSERT INTO `sys_oper_log` VALUES ('162', 'жҘјж Ӣз®ЎзҗҶ', '1', 'com.ruoyi.web.controller.system.HzBuildingController.add()', 'POST', '1', 'admin', 'з ”еҸ‘йғЁй—Ё', '/system/building', '127.0.0.1', 'еҶ…зҪ‘IP', '{\"buildingCode\":\"21\",\"buildingId\":7,\"buildingName\":\"2еҸ·жҘј\",\"delFlag\":\"0\",\"params\":{},\"projectId\":4,\"sortOrder\":0,\"status\":\"0\",\"totalFloors\":10,\"totalHouses\":0,\"totalUnits\":2}', '{\"msg\":\"ж“ҚдҪңжҲҗеҠҹ\",\"code\":200}', '0', null, '2026-01-12 01:39:45', '10');
INSERT INTO `sys_oper_log` VALUES ('163', 'еҚ•е…ғз®ЎзҗҶ', '1', 'com.ruoyi.web.controller.system.HzUnitController.add()', 'POST', '1', 'admin', 'з ”еҸ‘йғЁй—Ё', '/system/unit', '127.0.0.1', 'еҶ…зҪ‘IP', '{\"buildingId\":7,\"delFlag\":\"0\",\"params\":{},\"projectId\":4,\"sortOrder\":0,\"status\":\"0\",\"totalHouses\":0,\"unitCode\":\"1\",\"unitId\":13,\"unitName\":\"1еҚ•е…ғ\"}', '{\"msg\":\"ж“ҚдҪңжҲҗеҠҹ\",\"code\":200}', '0', null, '2026-01-12 01:40:06', '8');
INSERT INTO `sys_oper_log` VALUES ('164', 'жҲ·еһӢ', '1', 'com.ruoyi.system.controller.HzHouseTypeController.add()', 'POST', '1', 'admin', 'з ”еҸ‘йғЁй—Ё', '/gangzhu/houseType', '127.0.0.1', 'еҶ…зҪ‘IP', '{\"balconyCount\":1,\"bathroomCount\":1,\"bedroomCount\":3,\"delFlag\":\"0\",\"houseTypeCode\":\"dasanfang\",\"houseTypeId\":16,\"houseTypeName\":\"еӨ§дёүжҲҝ\",\"kitchenCount\":1,\"livingroomCount\":2,\"params\":{},\"projectId\":4,\"sortOrder\":0,\"status\":\"0\",\"typicalArea\":180}', '{\"msg\":\"ж–°еўһжҲҗеҠҹ\",\"code\":200,\"data\":16}', '0', null, '2026-01-12 01:40:42', '32');
INSERT INTO `sys_oper_log` VALUES ('165', 'жҲҝжәҗз®ЎзҗҶ', '1', 'com.ruoyi.web.controller.system.HzHouseController.add()', 'POST', '1', 'admin', 'з ”еҸ‘йғЁй—Ё', '/system/house', '127.0.0.1', 'еҶ…зҪ‘IP', '{\"area\":180,\"buildingId\":7,\"deposit\":1000,\"floor\":1,\"houseCode\":\"12\",\"houseId\":5,\"houseNo\":\"301\",\"houseStatus\":\"0\",\"houseTypeId\":16,\"houseTypeName\":\"еӨ§дёүжҲҝ\",\"isFeatured\":\"0\",\"orientation\":\"дёң\",\"params\":{},\"projectId\":4,\"rentPrice\":2000,\"status\":\"0\",\"unitId\":13}', '{\"msg\":\"ж“ҚдҪңжҲҗеҠҹ\",\"code\":200,\"data\":5}', '0', null, '2026-01-12 01:42:05', '44');
INSERT INTO `sys_oper_log` VALUES ('166', 'жҲҝжәҗз®ЎзҗҶ', '2', 'com.ruoyi.web.controller.system.HzHouseController.saveHouseVrs()', 'POST', '1', 'admin', 'з ”еҸ‘йғЁй—Ё', '/system/house/vrs', '127.0.0.1', 'еҶ…зҪ‘IP', '{\"houseId\":5,\"vrs\":[{\"houseId\":5,\"vrName\":\"VR1\",\"vrUrl\":\"/profile/upload/2026/01/12/QP61014284_20260112014202A006.jpg\",\"sortOrder\":0}]}', '{\"msg\":\"ж“ҚдҪңжҲҗеҠҹ\",\"code\":200}', '0', null, '2026-01-12 01:42:05', '22');
INSERT INTO `sys_oper_log` VALUES ('167', 'жҲҝжәҗз®ЎзҗҶ', '2', 'com.ruoyi.web.controller.system.HzHouseController.saveHouseImages()', 'POST', '1', 'admin', 'з ”еҸ‘йғЁй—Ё', '/system/house/images', '127.0.0.1', 'еҶ…зҪ‘IP', '{\"houseId\":5,\"images\":[{\"houseId\":5,\"imageUrl\":\"/profile/upload/2026/01/12/зҹ©еҪў 21@2x_20260112014153A004.png\",\"imageType\":\"1\",\"isCover\":\"1\",\"sortOrder\":0},{\"houseId\":5,\"imageUrl\":\"/profile/upload/2026/01/12/дәәжүҚе…¬еҜ“@2x_20260112014154A005.png\",\"imageType\":\"1\",\"isCover\":\"0\",\"sortOrder\":1}]}', '{\"msg\":\"ж“ҚдҪңжҲҗеҠҹ\",\"code\":200}', '0', null, '2026-01-12 01:42:05', '40');
INSERT INTO `sys_oper_log` VALUES ('168', 'йЎ№зӣ®з®ЎзҗҶ', '2', 'com.ruoyi.web.controller.system.HzProjectController.edit()', 'PUT', '1', 'admin', 'з ”еҸ‘йғЁй—Ё', '/system/project', '127.0.0.1', 'еҶ…зҪ‘IP', '{\"address\":\"жёҜеҢәеӨ§жІіи·Ҝ\",\"availableHouses\":0,\"coverImage\":\"/profile/upload/2026/01/12/5033.jpg_wh300_20260112015248A001.jpg\",\"createBy\":\"\",\"delFlag\":\"0\",\"facilities\":\"е•ҶдёҡиЎ—\",\"latitude\":0,\"longitude\":0,\"managerName\":\"зҺӢйЈһйЈһ\",\"managerPhone\":\"18539279011\",\"params\":{},\"price\":5000,\"projectCode\":\"12\",\"projectId\":3,\"projectName\":\"жёҜеҢәжөӢиҜ•йЎ№зӣ®1\",\"projectType\":\"1\",\"sortOrder\":0,\"status\":\"0\",\"totalBuildings\":0,\"totalHouses\":0,\"updateBy\":\"\"}', '{\"msg\":\"ж“ҚдҪңжҲҗеҠҹ\",\"code\":200}', '0', null, '2026-01-12 01:52:55', '46');
INSERT INTO `sys_oper_log` VALUES ('169', 'йЎ№зӣ®з®ЎзҗҶ', '2', 'com.ruoyi.web.controller.system.HzProjectController.edit()', 'PUT', '1', 'admin', 'з ”еҸ‘йғЁй—Ё', '/system/project', '127.0.0.1', 'еҶ…зҪ‘IP', '{\"address\":\"жёҜеҢәдёҮз§‘еҹҺ\",\"availableHouses\":120,\"coverImage\":\"/profile/upload/2026/01/12/ScreenShot_2026-01-12_015115_648_20260112015403A002.png\",\"createBy\":\"\",\"delFlag\":\"0\",\"facilities\":\"е•ҶдёҡиЎ—,еҒңиҪҰеңә,иҝҗеҠЁеңә,жёёжііжұ \",\"latitude\":0,\"longitude\":0,\"managerName\":\"йҷҲйЈһйЈһ\",\"managerPhone\":\"18539279011\",\"params\":{},\"price\":1500,\"projectCode\":\"wanke\",\"projectId\":4,\"projectIntro\":\"иҝҷжҳҜдёӘжөӢиҜ•йЎ№зӣ®\",\"projectName\":\"жёҜеҢәдёҮз§‘еҹҺ\",\"projectType\":\"1\",\"sortOrder\":10,\"status\":\"0\",\"totalBuildings\":100,\"totalHouses\":200,\"updateBy\":\"\"}', '{\"msg\":\"ж“ҚдҪңжҲҗеҠҹ\",\"code\":200}', '0', null, '2026-01-12 01:54:05', '6');
INSERT INTO `sys_oper_log` VALUES ('170', 'йЎ№зӣ®з®ЎзҗҶ', '2', 'com.ruoyi.web.controller.system.HzProjectController.edit()', 'PUT', '1', 'admin', 'з ”еҸ‘йғЁй—Ё', '/system/project', '127.0.0.1', 'еҶ…зҪ‘IP', '{\"address\":\"йҳҝж–Ҝи’ӮиҠ¬\",\"availableHouses\":200,\"coverImage\":\"/profile/upload/2026/01/12/df079c167cae476cb21790c62b610481_20260112015410A003.png\",\"createBy\":\"\",\"delFlag\":\"0\",\"facilities\":\"еҒңиҪҰеңә,иҝҗеҠЁеңә,жёёжііжұ ,еҒҘиә«жҲҝ\",\"latitude\":0,\"longitude\":0,\"managerName\":\"иҸң\",\"managerPhone\":\"18539279011\",\"params\":{},\"price\":6000,\"projectCode\":\"56\",\"projectId\":2,\"projectName\":\"жөӢиҜ•1\",\"projectType\":\"1\",\"sortOrder\":2,\"status\":\"0\",\"totalBuildings\":50,\"totalHouses\":500,\"updateBy\":\"\"}', '{\"msg\":\"ж“ҚдҪңжҲҗеҠҹ\",\"code\":200}', '0', null, '2026-01-12 01:54:20', '17');
INSERT INTO `sys_oper_log` VALUES ('171', 'йЎ№зӣ®з®ЎзҗҶ', '2', 'com.ruoyi.web.controller.system.HzProjectController.edit()', 'PUT', '1', 'admin', 'з ”еҸ‘йғЁй—Ё', '/system/project', '127.0.0.1', 'еҶ…зҪ‘IP', '{\"address\":\"жёҜеҢәйҮ‘з§‘и·Ҝ395еҸ·\",\"availableHouses\":10,\"coverImage\":\"/profile/upload/2026/01/12/R-C_20260112015435A004.jpg\",\"createBy\":\"\",\"delFlag\":\"0\",\"facilities\":\"еҒңиҪҰеңә,е•ҶдёҡиЎ—\",\"latitude\":0,\"longitude\":0,\"managerName\":\"жқҺиҸІж•°\",\"managerPhone\":\"18564659565\",\"params\":{},\"price\":2800,\"projectCode\":\"3695\",\"projectId\":5,\"projectName\":\"жёҜеҢәйҮ‘з§‘еҹҺ\",\"projectType\":\"1\",\"sortOrder\":0,\"status\":\"0\",\"totalBuildings\":185,\"totalHouses\":120,\"updateBy\":\"\"}', '{\"msg\":\"ж“ҚдҪңжҲҗеҠҹ\",\"code\":200}', '0', null, '2026-01-12 01:54:37', '23');
INSERT INTO `sys_oper_log` VALUES ('172', 'йЎ№зӣ®з®ЎзҗҶ', '1', 'com.ruoyi.web.controller.system.HzProjectController.add()', 'POST', '1', 'admin', 'з ”еҸ‘йғЁй—Ё', '/system/project', '127.0.0.1', 'еҶ…зҪ‘IP', '{\"address\":\"жёҜеҢәй»„жІіи·Ҝ123еҸ·жҒ’еӨ§еҹҺ\",\"availableHouses\":10,\"coverImage\":\"/profile/upload/2026/01/12/ScreenShot_2026-01-12_015115_648_20260112031148A001.png\",\"facilities\":\"еҝ«йҖ’жҹң,еҒңиҪҰеңә,е•ҶдёҡиЎ—,еҢ»з–—е®Ө,иҝҗеҠЁеңә,жёёжііжұ \",\"latitude\":0,\"longitude\":0,\"managerName\":\"е»–еҮЎ\",\"managerPhone\":\"13695645652\",\"params\":{},\"price\":6300,\"projectCode\":\"hengda\",\"projectId\":6,\"projectIntro\":\"жҡӮж— д»Ӣз»Қ\",\"projectName\":\"жёҜеҢәжҒ’еӨ§еҹҺ\",\"projectType\":\"2\",\"sortOrder\":0,\"status\":\"0\",\"totalBuildings\":100,\"totalHouses\":100}', '{\"msg\":\"ж“ҚдҪңжҲҗеҠҹ\",\"code\":200}', '0', null, '2026-01-12 03:12:01', '22');
INSERT INTO `sys_oper_log` VALUES ('173', 'жҲҝжәҗз®ЎзҗҶ', '2', 'com.ruoyi.web.controller.system.HzHouseController.edit()', 'PUT', '1', 'admin', 'з ”еҸ‘йғЁй—Ё', '/system/house', '127.0.0.1', 'еҶ…зҪ‘IP', '{\"area\":180,\"buildingId\":7,\"createBy\":\"\",\"deposit\":1000,\"floor\":1,\"houseCode\":\"12\",\"houseId\":5,\"houseNo\":\"301\",\"houseStatus\":\"0\",\"houseTypeId\":16,\"houseTypeName\":\"еӨ§дёүжҲҝ\",\"isFeatured\":\"0\",\"orientation\":\"дёң\",\"params\":{},\"projectId\":4,\"rentPrice\":2000,\"status\":\"0\",\"unitId\":13,\"updateBy\":\"\",\"viewCount\":0}', '{\"msg\":\"ж“ҚдҪңжҲҗеҠҹ\",\"code\":200}', '0', null, '2026-01-12 03:33:51', '10');
INSERT INTO `sys_oper_log` VALUES ('174', 'жҲҝжәҗз®ЎзҗҶ', '2', 'com.ruoyi.web.controller.system.HzHouseController.saveHouseVrs()', 'POST', '1', 'admin', 'з ”еҸ‘йғЁй—Ё', '/system/house/vrs', '127.0.0.1', 'еҶ…зҪ‘IP', '{\"houseId\":5,\"vrs\":[{\"houseId\":5,\"vrName\":\"VR1\",\"vrUrl\":\"/profile/upload/2026/01/12/QP61014284_20260112014202A006.jpg\",\"sortOrder\":0}]}', '{\"msg\":\"ж“ҚдҪңжҲҗеҠҹ\",\"code\":200}', '0', null, '2026-01-12 03:33:51', '13');
INSERT INTO `sys_oper_log` VALUES ('175', 'жҲҝжәҗз®ЎзҗҶ', '2', 'com.ruoyi.web.controller.system.HzHouseController.saveHouseImages()', 'POST', '1', 'admin', 'з ”еҸ‘йғЁй—Ё', '/system/house/images', '127.0.0.1', 'еҶ…зҪ‘IP', '{\"houseId\":5,\"images\":[{\"houseId\":5,\"imageUrl\":\"/profile/upload/2026/01/12/зҹ©еҪў 21@2x_20260112014153A004.png\",\"imageType\":\"1\",\"isCover\":\"1\",\"sortOrder\":0},{\"houseId\":5,\"imageUrl\":\"/profile/upload/2026/01/12/дәәжүҚе…¬еҜ“@2x_20260112014154A005.png\",\"imageType\":\"1\",\"isCover\":\"0\",\"sortOrder\":1},{\"houseId\":5,\"imageUrl\":\"/profile/upload/2026/01/12/df079c167cae476cb21790c62b610481_20260112033330A002.png\",\"imageType\":\"2\",\"isCover\":\"0\",\"sortOrder\":2},{\"houseId\":5,\"imageUrl\":\"/profile/upload/2026/01/12/R-C (1)_20260112033332A003.jpg\",\"imageType\":\"2\",\"isCover\":\"0\",\"sortOrder\":3},{\"houseId\":5,\"imageUrl\":\"/profile/upload/2026/01/12/4255.jpg_wh860_20260112033334A004.jpg\",\"imageType\":\"3\",\"isCover\":\"0\",\"sortOrder\":4},{\"houseId\":5,\"imageUrl\":\"/profile/upload/2026/01/12/ScreenShot_2026-01-12_015115_648_20260112033336A005.png\",\"imageType\":\"3\",\"isCover\":\"0\",\"sortOrder\":5},{\"houseId\":5,\"imageUrl\":\"/profile/upload/2026/01/12/R-C (1)_20260112033338A006.jpg\",\"imageType\":\"4\",\"isCover\":\"0\",\"sortOrder\":6},{\"houseId\":5,\"imageUrl\":\"/profile/upload/2026/01/12/df079c167cae476cb21790c62b610481_20260112033344A008.png\",\"imageType\":\"5\",\"isCover\":\"0\",\"sortOrder\":7},{\"houseId\":5,\"imageUrl\":\"/profile/upload/2026/01/12/df079c167cae476cb21790c62b610481_20260112033341A007.png\",\"imageType\":\"6\",\"isCover\":\"0\",\"sortOrder\":8}]}', '{\"msg\":\"ж“ҚдҪңжҲҗеҠҹ\",\"code\":200}', '0', null, '2026-01-12 03:33:52', '58');

-- ----------------------------
-- Table structure for sys_post
-- ----------------------------
DROP TABLE IF EXISTS `sys_post`;
CREATE TABLE `sys_post` (
  `post_id` bigint(20) NOT NULL AUTO_INCREMENT COMMENT 'еІ—дҪҚID',
  `post_code` varchar(64) NOT NULL COMMENT 'еІ—дҪҚзј–з Ғ',
  `post_name` varchar(50) NOT NULL COMMENT 'еІ—дҪҚеҗҚз§°',
  `post_sort` int(4) NOT NULL COMMENT 'жҳҫзӨәйЎәеәҸ',
  `status` char(1) NOT NULL COMMENT 'зҠ¶жҖҒпјҲ0жӯЈеёё 1еҒңз”Ёпјү',
  `create_by` varchar(64) DEFAULT '' COMMENT 'еҲӣе»әиҖ…',
  `create_time` datetime DEFAULT NULL COMMENT 'еҲӣе»әж—¶й—ҙ',
  `update_by` varchar(64) DEFAULT '' COMMENT 'жӣҙж–°иҖ…',
  `update_time` datetime DEFAULT NULL COMMENT 'жӣҙж–°ж—¶й—ҙ',
  `remark` varchar(500) DEFAULT NULL COMMENT 'еӨҮжіЁ',
  PRIMARY KEY (`post_id`)
) ENGINE=InnoDB AUTO_INCREMENT=5 DEFAULT CHARSET=utf8 COMMENT='еІ—дҪҚдҝЎжҒҜиЎЁ';

-- ----------------------------
-- Records of sys_post
-- ----------------------------
INSERT INTO `sys_post` VALUES ('1', 'ceo', 'и‘ЈдәӢй•ҝ', '1', '0', 'admin', '2025-11-17 18:04:01', '', null, '');
INSERT INTO `sys_post` VALUES ('2', 'se', 'йЎ№зӣ®з»ҸзҗҶ', '2', '0', 'admin', '2025-11-17 18:04:01', '', null, '');
INSERT INTO `sys_post` VALUES ('3', 'hr', 'дәәеҠӣиө„жәҗ', '3', '0', 'admin', '2025-11-17 18:04:01', '', null, '');
INSERT INTO `sys_post` VALUES ('4', 'user', 'жҷ®йҖҡе‘ҳе·Ҙ', '4', '0', 'admin', '2025-11-17 18:04:01', '', null, '');

-- ----------------------------
-- Table structure for sys_role
-- ----------------------------
DROP TABLE IF EXISTS `sys_role`;
CREATE TABLE `sys_role` (
  `role_id` bigint(20) NOT NULL AUTO_INCREMENT COMMENT 'и§’иүІID',
  `role_name` varchar(30) NOT NULL COMMENT 'и§’иүІеҗҚз§°',
  `role_key` varchar(100) NOT NULL COMMENT 'и§’иүІжқғйҷҗеӯ—з¬ҰдёІ',
  `role_sort` int(4) NOT NULL COMMENT 'жҳҫзӨәйЎәеәҸ',
  `data_scope` char(1) DEFAULT '1' COMMENT 'ж•°жҚ®иҢғеӣҙпјҲ1пјҡе…ЁйғЁж•°жҚ®жқғйҷҗ 2пјҡиҮӘе®ҡж•°жҚ®жқғйҷҗ 3пјҡжң¬йғЁй—Ёж•°жҚ®жқғйҷҗ 4пјҡжң¬йғЁй—ЁеҸҠд»ҘдёӢж•°жҚ®жқғйҷҗпјү',
  `menu_check_strictly` tinyint(1) DEFAULT '1' COMMENT 'иҸңеҚ•ж ‘йҖүжӢ©йЎ№жҳҜеҗҰе…іиҒ”жҳҫзӨә',
  `dept_check_strictly` tinyint(1) DEFAULT '1' COMMENT 'йғЁй—Ёж ‘йҖүжӢ©йЎ№жҳҜеҗҰе…іиҒ”жҳҫзӨә',
  `status` char(1) NOT NULL COMMENT 'и§’иүІзҠ¶жҖҒпјҲ0жӯЈеёё 1еҒңз”Ёпјү',
  `del_flag` char(1) DEFAULT '0' COMMENT 'еҲ йҷӨж Үеҝ—пјҲ0д»ЈиЎЁеӯҳеңЁ 2д»ЈиЎЁеҲ йҷӨпјү',
  `create_by` varchar(64) DEFAULT '' COMMENT 'еҲӣе»әиҖ…',
  `create_time` datetime DEFAULT NULL COMMENT 'еҲӣе»әж—¶й—ҙ',
  `update_by` varchar(64) DEFAULT '' COMMENT 'жӣҙж–°иҖ…',
  `update_time` datetime DEFAULT NULL COMMENT 'жӣҙж–°ж—¶й—ҙ',
  `remark` varchar(500) DEFAULT NULL COMMENT 'еӨҮжіЁ',
  PRIMARY KEY (`role_id`)
) ENGINE=InnoDB AUTO_INCREMENT=100 DEFAULT CHARSET=utf8 COMMENT='и§’иүІдҝЎжҒҜиЎЁ';

-- ----------------------------
-- Records of sys_role
-- ----------------------------
INSERT INTO `sys_role` VALUES ('1', 'и¶…зә§з®ЎзҗҶе‘ҳ', 'admin', '1', '1', '1', '1', '0', '0', 'admin', '2025-11-17 18:04:01', '', null, 'и¶…зә§з®ЎзҗҶе‘ҳ');
INSERT INTO `sys_role` VALUES ('2', 'жҷ®йҖҡи§’иүІ', 'common', '2', '2', '1', '1', '0', '0', 'admin', '2025-11-17 18:04:01', '', null, 'жҷ®йҖҡи§’иүІ');

-- ----------------------------
-- Table structure for sys_role_dept
-- ----------------------------
DROP TABLE IF EXISTS `sys_role_dept`;
CREATE TABLE `sys_role_dept` (
  `role_id` bigint(20) NOT NULL COMMENT 'и§’иүІID',
  `dept_id` bigint(20) NOT NULL COMMENT 'йғЁй—ЁID',
  PRIMARY KEY (`role_id`,`dept_id`)
) ENGINE=InnoDB DEFAULT CHARSET=utf8 COMMENT='и§’иүІе’ҢйғЁй—Ёе…іиҒ”иЎЁ';

-- ----------------------------
-- Records of sys_role_dept
-- ----------------------------
INSERT INTO `sys_role_dept` VALUES ('2', '100');
INSERT INTO `sys_role_dept` VALUES ('2', '101');
INSERT INTO `sys_role_dept` VALUES ('2', '105');

-- ----------------------------
-- Table structure for sys_role_menu
-- ----------------------------
DROP TABLE IF EXISTS `sys_role_menu`;
CREATE TABLE `sys_role_menu` (
  `role_id` bigint(20) NOT NULL COMMENT 'и§’иүІID',
  `menu_id` bigint(20) NOT NULL COMMENT 'иҸңеҚ•ID',
  PRIMARY KEY (`role_id`,`menu_id`)
) ENGINE=InnoDB DEFAULT CHARSET=utf8 COMMENT='и§’иүІе’ҢиҸңеҚ•е…іиҒ”иЎЁ';

-- ----------------------------
-- Records of sys_role_menu
-- ----------------------------
INSERT INTO `sys_role_menu` VALUES ('1', '2023');
INSERT INTO `sys_role_menu` VALUES ('1', '2024');
INSERT INTO `sys_role_menu` VALUES ('1', '2025');
INSERT INTO `sys_role_menu` VALUES ('1', '2026');
INSERT INTO `sys_role_menu` VALUES ('1', '2032');
INSERT INTO `sys_role_menu` VALUES ('1', '2036');
INSERT INTO `sys_role_menu` VALUES ('1', '3010');
INSERT INTO `sys_role_menu` VALUES ('1', '4002');
INSERT INTO `sys_role_menu` VALUES ('1', '4003');
INSERT INTO `sys_role_menu` VALUES ('1', '4010');
INSERT INTO `sys_role_menu` VALUES ('1', '4011');
INSERT INTO `sys_role_menu` VALUES ('1', '4012');
INSERT INTO `sys_role_menu` VALUES ('1', '4013');
INSERT INTO `sys_role_menu` VALUES ('1', '4014');
INSERT INTO `sys_role_menu` VALUES ('1', '4015');
INSERT INTO `sys_role_menu` VALUES ('1', '4020');
INSERT INTO `sys_role_menu` VALUES ('1', '4021');
INSERT INTO `sys_role_menu` VALUES ('1', '4022');
INSERT INTO `sys_role_menu` VALUES ('1', '4023');
INSERT INTO `sys_role_menu` VALUES ('1', '4024');
INSERT INTO `sys_role_menu` VALUES ('1', '4025');
INSERT INTO `sys_role_menu` VALUES ('1', '4026');
INSERT INTO `sys_role_menu` VALUES ('1', '4030');
INSERT INTO `sys_role_menu` VALUES ('1', '4034');
INSERT INTO `sys_role_menu` VALUES ('1', '4038');
INSERT INTO `sys_role_menu` VALUES ('2', '1');
INSERT INTO `sys_role_menu` VALUES ('2', '2');
INSERT INTO `sys_role_menu` VALUES ('2', '3');
INSERT INTO `sys_role_menu` VALUES ('2', '4');
INSERT INTO `sys_role_menu` VALUES ('2', '100');
INSERT INTO `sys_role_menu` VALUES ('2', '101');
INSERT INTO `sys_role_menu` VALUES ('2', '102');
INSERT INTO `sys_role_menu` VALUES ('2', '103');
INSERT INTO `sys_role_menu` VALUES ('2', '104');
INSERT INTO `sys_role_menu` VALUES ('2', '105');
INSERT INTO `sys_role_menu` VALUES ('2', '106');
INSERT INTO `sys_role_menu` VALUES ('2', '107');
INSERT INTO `sys_role_menu` VALUES ('2', '108');
INSERT INTO `sys_role_menu` VALUES ('2', '109');
INSERT INTO `sys_role_menu` VALUES ('2', '110');
INSERT INTO `sys_role_menu` VALUES ('2', '111');
INSERT INTO `sys_role_menu` VALUES ('2', '112');
INSERT INTO `sys_role_menu` VALUES ('2', '113');
INSERT INTO `sys_role_menu` VALUES ('2', '114');
INSERT INTO `sys_role_menu` VALUES ('2', '115');
INSERT INTO `sys_role_menu` VALUES ('2', '116');
INSERT INTO `sys_role_menu` VALUES ('2', '117');
INSERT INTO `sys_role_menu` VALUES ('2', '500');
INSERT INTO `sys_role_menu` VALUES ('2', '501');
INSERT INTO `sys_role_menu` VALUES ('2', '1000');
INSERT INTO `sys_role_menu` VALUES ('2', '1001');
INSERT INTO `sys_role_menu` VALUES ('2', '1002');
INSERT INTO `sys_role_menu` VALUES ('2', '1003');
INSERT INTO `sys_role_menu` VALUES ('2', '1004');
INSERT INTO `sys_role_menu` VALUES ('2', '1005');
INSERT INTO `sys_role_menu` VALUES ('2', '1006');
INSERT INTO `sys_role_menu` VALUES ('2', '1007');
INSERT INTO `sys_role_menu` VALUES ('2', '1008');
INSERT INTO `sys_role_menu` VALUES ('2', '1009');
INSERT INTO `sys_role_menu` VALUES ('2', '1010');
INSERT INTO `sys_role_menu` VALUES ('2', '1011');
INSERT INTO `sys_role_menu` VALUES ('2', '1012');
INSERT INTO `sys_role_menu` VALUES ('2', '1013');
INSERT INTO `sys_role_menu` VALUES ('2', '1014');
INSERT INTO `sys_role_menu` VALUES ('2', '1015');
INSERT INTO `sys_role_menu` VALUES ('2', '1016');
INSERT INTO `sys_role_menu` VALUES ('2', '1017');
INSERT INTO `sys_role_menu` VALUES ('2', '1018');
INSERT INTO `sys_role_menu` VALUES ('2', '1019');
INSERT INTO `sys_role_menu` VALUES ('2', '1020');
INSERT INTO `sys_role_menu` VALUES ('2', '1021');
INSERT INTO `sys_role_menu` VALUES ('2', '1022');
INSERT INTO `sys_role_menu` VALUES ('2', '1023');
INSERT INTO `sys_role_menu` VALUES ('2', '1024');
INSERT INTO `sys_role_menu` VALUES ('2', '1025');
INSERT INTO `sys_role_menu` VALUES ('2', '1026');
INSERT INTO `sys_role_menu` VALUES ('2', '1027');
INSERT INTO `sys_role_menu` VALUES ('2', '1028');
INSERT INTO `sys_role_menu` VALUES ('2', '1029');
INSERT INTO `sys_role_menu` VALUES ('2', '1030');
INSERT INTO `sys_role_menu` VALUES ('2', '1031');
INSERT INTO `sys_role_menu` VALUES ('2', '1032');
INSERT INTO `sys_role_menu` VALUES ('2', '1033');
INSERT INTO `sys_role_menu` VALUES ('2', '1034');
INSERT INTO `sys_role_menu` VALUES ('2', '1035');
INSERT INTO `sys_role_menu` VALUES ('2', '1036');
INSERT INTO `sys_role_menu` VALUES ('2', '1037');
INSERT INTO `sys_role_menu` VALUES ('2', '1038');
INSERT INTO `sys_role_menu` VALUES ('2', '1039');
INSERT INTO `sys_role_menu` VALUES ('2', '1040');
INSERT INTO `sys_role_menu` VALUES ('2', '1041');
INSERT INTO `sys_role_menu` VALUES ('2', '1042');
INSERT INTO `sys_role_menu` VALUES ('2', '1043');
INSERT INTO `sys_role_menu` VALUES ('2', '1044');
INSERT INTO `sys_role_menu` VALUES ('2', '1045');
INSERT INTO `sys_role_menu` VALUES ('2', '1046');
INSERT INTO `sys_role_menu` VALUES ('2', '1047');
INSERT INTO `sys_role_menu` VALUES ('2', '1048');
INSERT INTO `sys_role_menu` VALUES ('2', '1049');
INSERT INTO `sys_role_menu` VALUES ('2', '1050');
INSERT INTO `sys_role_menu` VALUES ('2', '1051');
INSERT INTO `sys_role_menu` VALUES ('2', '1052');
INSERT INTO `sys_role_menu` VALUES ('2', '1053');
INSERT INTO `sys_role_menu` VALUES ('2', '1054');
INSERT INTO `sys_role_menu` VALUES ('2', '1055');
INSERT INTO `sys_role_menu` VALUES ('2', '1056');
INSERT INTO `sys_role_menu` VALUES ('2', '1057');
INSERT INTO `sys_role_menu` VALUES ('2', '1058');
INSERT INTO `sys_role_menu` VALUES ('2', '1059');
INSERT INTO `sys_role_menu` VALUES ('2', '1060');

-- ----------------------------
-- Table structure for sys_user
-- ----------------------------
DROP TABLE IF EXISTS `sys_user`;
CREATE TABLE `sys_user` (
  `user_id` bigint(20) NOT NULL AUTO_INCREMENT COMMENT 'з”ЁжҲ·ID',
  `dept_id` bigint(20) DEFAULT NULL COMMENT 'йғЁй—ЁID',
  `user_name` varchar(30) NOT NULL COMMENT 'з”ЁжҲ·иҙҰеҸ·',
  `nick_name` varchar(30) NOT NULL COMMENT 'з”ЁжҲ·жҳөз§°',
  `user_type` varchar(2) DEFAULT '00' COMMENT 'з”ЁжҲ·зұ»еһӢпјҲ00зі»з»ҹз”ЁжҲ·пјү',
  `email` varchar(50) DEFAULT '' COMMENT 'з”ЁжҲ·йӮ®з®ұ',
  `phonenumber` varchar(11) DEFAULT '' COMMENT 'жүӢжңәеҸ·з Ғ',
  `sex` char(1) DEFAULT '0' COMMENT 'з”ЁжҲ·жҖ§еҲ«пјҲ0з”· 1еҘі 2жңӘзҹҘпјү',
  `avatar` varchar(100) DEFAULT '' COMMENT 'еӨҙеғҸең°еқҖ',
  `password` varchar(100) DEFAULT '' COMMENT 'еҜҶз Ғ',
  `status` char(1) DEFAULT '0' COMMENT 'иҙҰеҸ·зҠ¶жҖҒпјҲ0жӯЈеёё 1еҒңз”Ёпјү',
  `del_flag` char(1) DEFAULT '0' COMMENT 'еҲ йҷӨж Үеҝ—пјҲ0д»ЈиЎЁеӯҳеңЁ 2д»ЈиЎЁеҲ йҷӨпјү',
  `login_ip` varchar(128) DEFAULT '' COMMENT 'жңҖеҗҺзҷ»еҪ•IP',
  `login_date` datetime DEFAULT NULL COMMENT 'жңҖеҗҺзҷ»еҪ•ж—¶й—ҙ',
  `pwd_update_date` datetime DEFAULT NULL COMMENT 'еҜҶз ҒжңҖеҗҺжӣҙж–°ж—¶й—ҙ',
  `create_by` varchar(64) DEFAULT '' COMMENT 'еҲӣе»әиҖ…',
  `create_time` datetime DEFAULT NULL COMMENT 'еҲӣе»әж—¶й—ҙ',
  `update_by` varchar(64) DEFAULT '' COMMENT 'жӣҙж–°иҖ…',
  `update_time` datetime DEFAULT NULL COMMENT 'жӣҙж–°ж—¶й—ҙ',
  `remark` varchar(500) DEFAULT NULL COMMENT 'еӨҮжіЁ',
  PRIMARY KEY (`user_id`)
) ENGINE=InnoDB AUTO_INCREMENT=100 DEFAULT CHARSET=utf8 COMMENT='з”ЁжҲ·дҝЎжҒҜиЎЁ';

-- ----------------------------
-- Records of sys_user
-- ----------------------------
INSERT INTO `sys_user` VALUES ('1', '103', 'admin', 'иӢҘдҫқ', '00', 'ry@163.com', '15888888888', '1', '/profile/avatar/2025/11/17/54d9ef312c7142caa37ac2ecdddb0973.png', '$2a$10$7JB720yubVSZvUI0rEqK/.VqGOZTH.ulu33dHOiBE8ByOhJIrdAu2', '0', '0', '127.0.0.1', '2026-01-12 03:09:01', '2025-11-17 18:04:01', 'admin', '2025-11-17 18:04:01', '', '2025-11-17 19:06:19', 'з®ЎзҗҶе‘ҳ');
INSERT INTO `sys_user` VALUES ('2', '105', 'ry', 'иӢҘдҫқ', '00', 'ry@qq.com', '15666666666', '1', '', '$2a$10$7JB720yubVSZvUI0rEqK/.VqGOZTH.ulu33dHOiBE8ByOhJIrdAu2', '0', '0', '127.0.0.1', '2025-11-17 18:04:01', '2025-11-17 18:04:01', 'admin', '2025-11-17 18:04:01', '', null, 'жөӢиҜ•е‘ҳ');

-- ----------------------------
-- Table structure for sys_user_post
-- ----------------------------
DROP TABLE IF EXISTS `sys_user_post`;
CREATE TABLE `sys_user_post` (
  `user_id` bigint(20) NOT NULL COMMENT 'з”ЁжҲ·ID',
  `post_id` bigint(20) NOT NULL COMMENT 'еІ—дҪҚID',
  PRIMARY KEY (`user_id`,`post_id`)
) ENGINE=InnoDB DEFAULT CHARSET=utf8 COMMENT='з”ЁжҲ·дёҺеІ—дҪҚе…іиҒ”иЎЁ';

-- ----------------------------
-- Records of sys_user_post
-- ----------------------------
INSERT INTO `sys_user_post` VALUES ('1', '1');
INSERT INTO `sys_user_post` VALUES ('2', '2');

-- ----------------------------
-- Table structure for sys_user_role
-- ----------------------------
DROP TABLE IF EXISTS `sys_user_role`;
CREATE TABLE `sys_user_role` (
  `user_id` bigint(20) NOT NULL COMMENT 'з”ЁжҲ·ID',
  `role_id` bigint(20) NOT NULL COMMENT 'и§’иүІID',
  PRIMARY KEY (`user_id`,`role_id`)
) ENGINE=InnoDB DEFAULT CHARSET=utf8 COMMENT='з”ЁжҲ·е’Ңи§’иүІе…іиҒ”иЎЁ';

-- ----------------------------
-- Records of sys_user_role
-- ----------------------------
INSERT INTO `sys_user_role` VALUES ('1', '1');
INSERT INTO `sys_user_role` VALUES ('2', '2');
